entity_type,id,name,parent_tm,status,changed_fields
TM,7,BAYRAMHACILI HES,,unchanged,
TM,9,AYANCIK,,unchanged,
TM,18,ILICA ZEKİ GÜRGEN,,unchanged,
TM,19,ERZURUM,,unchanged,
TM,20,ERZİNCAN,,unchanged,
TM,21,ERGAN,,unchanged,
TM,22,KUZGUN HES,,unchanged,
TM,23,BAYBURT,,unchanged,
TM,24,GÜMÜŞHANE,,unchanged,
TM,25,AŞKALE,,unchanged,
TM,26,AĞRI1,,unchanged,
TM,27,AĞRI2,,unchanged,
TM,28,DOĞUBAYAZIT,,unchanged,
TM,29,HINIS,,unchanged,
TM,30,HORASAN,,unchanged,
TM,31,IĞDIR,,unchanged,
TM,33,REFAHİYE,,unchanged,
TM,34,TERCAN,,unchanged,
TM,35,AŞKALE ÇİMENTO,,unchanged,
TM,36,KARS,,unchanged,
TM,37,BABEK (NAHCİVAN),,unchanged,
TM,38,KÖYLÜKÖY,,unchanged,
TM,39,ERCİŞ,,unchanged,
TM,41,BALIKESİR,,unchanged,
TM,42,ADANA,,unchanged,
TM,43,BALIKESİR SEKA,,unchanged,
TM,44,BANDIRMA,,unchanged,
TM,45,MANYAS,,unchanged,
TM,46,ERZİN,,unchanged,
TM,48,SELİMİYE,,unchanged,
TM,50,VARSAK,,unchanged,
TM,51,ÇANAKKALE,,unchanged,
TM,53,ÇANAKKALE ÇİMENTO,,unchanged,
TM,55,OYMAPINAR,,unchanged,
TM,56,DAVUTPAŞA,,unchanged,
TM,57,YILDIZTEPE,,unchanged,
TM,58,ADİLCEVAZ,,unchanged,
TM,59,VAN2,,unchanged,
TM,60,ANTAKYA2,,unchanged,
TM,61,ANTALYA SERBEST BÖLGE,,unchanged,
TM,62,DODAN,,unchanged,
TM,64,HATAY,,unchanged,
TM,65,ÇAN TES,,unchanged,
TM,66,BAŞKALE,,unchanged,
TM,68,ASLANTAŞ HES,,unchanged,
TM,69,GÖBEL,,unchanged,
TM,70,GÖNEN,,unchanged,
TM,71,ERDEK,,unchanged,
TM,72,BAHÇE,,unchanged,
TM,73,ALTINOLUK,,unchanged,
TM,74,BERKE HES,,unchanged,
TM,75,İÇDAŞ,,unchanged,
TM,76,CEYHAN1,,unchanged,
TM,77,BAĞIŞLI,,unchanged,
TM,78,ÜMRANİYE,,unchanged,
TM,79,CEYHAN2,,unchanged,
TM,80,HAKKARİ,,unchanged,
TM,81,CİHADİYE,,updated,Rakım (m)
TM,82,TATVAN,,unchanged,
TM,83,TEPEÖREN,,unchanged,
TM,84,MUŞ,,unchanged,
TM,85,BANDIRMA RES,,updated,Adı
TM,86,PAŞAKÖY,,unchanged,
TM,87,İKİZLER,,unchanged,
TM,89,KRALKIZI HES,,unchanged,
TM,90,ADAPAZARI,,unchanged,
TM,91,İSKENDERUN1,,unchanged,
TM,93,ADA1 DGKÇS,,unchanged,
TM,94,ADA2 DGKÇS,,unchanged,
TM,95,ETİFOSFAT,,unchanged,
TM,96,HYUNDAI,,unchanged,
TM,97,KEMER ANTALYA,,unchanged,
TM,98,ÖZLÜCE HES,,unchanged,
TM,99,GÖZTEPE,,unchanged,
TM,100,BİNGÖL,,unchanged,
TM,101,İSKENDERUN2,,unchanged,
TM,102,KÜÇÜKBAKKALKÖY,,unchanged,
TM,103,SERİK,,unchanged,
TM,105,DİCLE HES,,unchanged,
TM,106,BÜYÜKBAKKALKÖY,,unchanged,
TM,107,İSKENDERUN3,,unchanged,
TM,108,SOĞANLIK,,unchanged,
TM,109,KAŞ,,unchanged,
TM,110,KARTAL GİS,,unchanged,
TM,112,ÇIRÇIP,,unchanged,
TM,113,TUZLA,,unchanged,
TM,115,FİNİKE,,unchanged,
TM,116,KROMAN ÇELİK,,unchanged,
TM,117,KEBAN TM,,unchanged,
TM,118,GAZİPAŞA,,unchanged,
TM,119,ÇOLAKOĞLU,,unchanged,
TM,120,MARDİN1,,unchanged,
TM,121,İÇMELER,,unchanged,
TM,122,KEPEZ 1 HES,,unchanged,
TM,124,EDREMİT,,unchanged,
TM,125,ŞIRNAK,,unchanged,
TM,126,KADİRLİ,,unchanged,
TM,127,BİGADİÇ,,unchanged,
TM,128,GEBZE OSB,,unchanged,
TM,130,DURSUNBEY,,unchanged,
TM,131,MANAVGAT,,unchanged,
TM,132,KURTKÖY,,unchanged,
TM,133,MANİSA SALİH KOCABEKİR,,unchanged,
TM,134,SOMA B TES,,unchanged,
TM,135,DUDULLU,,unchanged,
TM,136,AKÇALAR,,unchanged,
TM,137,PS3,,unchanged,
TM,139,MANAVGAT HES,,unchanged,
TM,140,YARIMCA1,,unchanged,
TM,141,DEMİRTAŞ,,unchanged,
TM,142,ELBİSTAN TES,,unchanged,
TM,143,KOZAN,,unchanged,
TM,146,PS3/A,,unchanged,
TM,147,ALAŞEHİR,,unchanged,
TM,148,YENİŞEHİR,,unchanged,
TM,149,MİSİS,,unchanged,
TM,150,AYVALIK,,unchanged,
TM,151,PS4,,unchanged,
TM,152,BERGAMA,,unchanged,
TM,153,OSMANİYE,,unchanged,
TM,154,İNEGÖL,,unchanged,
TM,155,DEMİRKÖPRÜ HES,,unchanged,
TM,156,SALİHLİ,,unchanged,
TM,157,PAŞALAR,,unchanged,
TM,158,SİİRT1,,unchanged,
TM,159,DERBENT,,unchanged,
TM,160,BİLORSA,,unchanged,
TM,161,SARUHANLI,,unchanged,
TM,162,ŞİLE,,unchanged,
TM,163,SÖĞÜT,,unchanged,
TM,164,ALANYA,,unchanged,
TM,165,BOZÜYÜK,,unchanged,
TM,166,İZMİT,,unchanged,
TM,167,KUYUCAK RES,,unchanged,
TM,168,DDY OSMANİYE,,unchanged,
TM,169,ESKİŞEHİR1,,removed-from-source,
TM,170,ENERJİSA ÇANAKKALE RES,,unchanged,
TM,171,ENERJİSA KÖSEKÖY,,unchanged,
TM,172,ESKİŞEHİR2,,unchanged,
TM,173,İNTEPE RES,,unchanged,
TM,174,ŞAMLI RES,,unchanged,
TM,175,ESKİŞEHİR3,,unchanged,
TM,176,SAYALAR RES,,unchanged,
TM,177,KÖSEKÖY,,unchanged,
TM,178,AKORSAN,,unchanged,
TM,179,ÇAMSEKİ RES,,unchanged,
TM,180,PAYAS,,unchanged,
TM,181,ÇİFTELER,,unchanged,
TM,182,SİİRT ÇİMENTO KURTALAN,,unchanged,
TM,183,HEREKE,,unchanged,
TM,184,DÜZOVA RES,,unchanged,
TM,185,SOMA RES,,unchanged,
TM,186,LARA,,unchanged,
TM,187,NUH ÇİMENTO,,unchanged,
TM,188,BANDIRMA DGKÇS 1,,unchanged,
TM,189,DDY PAYAS,,unchanged,
TM,190,BANDIRMA 3 RES,,unchanged,
TM,191,ENTEK KÖSEKÖY,,unchanged,
TM,192,SOMA 1 RES,,unchanged,
TM,194,BAZARGAN (İRAN),,unchanged,
TM,195,PATNOS,,unchanged,
TM,196,HENDEK,,unchanged,
TM,197,BEKİRLİ TES,,unchanged,
TM,198,SİMAV,,unchanged,
TM,199,ALARA,,unchanged,
TM,200,SOMA 2 RES,,unchanged,
TM,201,YARIMCA2,,unchanged,
TM,202,KIZILTEPE SERKAN AY,,updated,Adı | Rakım (m)
TM,203,GEDİZ,,unchanged,
TM,204,YUMURTALIK,,unchanged,
TM,205,SAKARYA,,unchanged,
TM,206,NARİNKALE HAVZA,,unchanged,
TM,207,SİNOP,,unchanged,
TM,208,ALTINTAŞ,,unchanged,
TM,209,FERROKROM ANTALYA,,unchanged,
TM,210,BALIKESİR RES,,unchanged,
TM,211,KÜTAHYA,,removed-from-source,
TM,213,KAYNARCA,,unchanged,
TM,214,MURADİYE HES,,unchanged,
TM,215,SUGÖZÜ TES,,unchanged,
TM,216,ÇOBANBEYLİ,,unchanged,
TM,217,AS ÇİMENTO,,unchanged,
TM,218,KUZULUK,,unchanged,
TM,221,MENTAŞ HES,,unchanged,
TM,222,MURATLI ARMA HES,,unchanged,
TM,223,ULUDERE,,unchanged,
TM,224,AKSEKİ,,unchanged,
TM,225,KHOY (İRAN),,unchanged,
TM,226,BALIKESİR OSB,,unchanged,
TM,227,FERROKROM ELAZIĞ,,unchanged,
TM,228,DİKMEN1,,unchanged,
TM,229,ARDEŞEN,,unchanged,
TM,230,KAPIDAĞ RES,,unchanged,
TM,232,YUNAK,,unchanged,
TM,233,SIR HES,,unchanged,
TM,234,MUDURNU,,unchanged,
TM,237,SİLVAN,,unchanged,
TM,238,BEYŞEHİR,,unchanged,
TM,239,POYRAZ RES BALIKESİR,,unchanged,
TM,240,ÇILDIR HES,,unchanged,
TM,241,HAZAR1,,unchanged,
TM,242,LİCE,,unchanged,
TM,243,SARES RES,,unchanged,
TM,246,OLTU,,unchanged,
TM,248,ŞAH RES,,unchanged,
TM,249,BİSMİL1,,unchanged,
TM,250,SUSURLUK RES,,unchanged,
TM,252,AKHİSAR RES,,unchanged,
TM,253,AKŞEHİR,,unchanged,
TM,255,ANDIRIN,,unchanged,
TM,256,FORD,,unchanged,
TM,257,ALİAĞA2,,unchanged,
TM,259,MURATLI HES,,unchanged,
TM,261,ALİAĞA OSB,,unchanged,
TM,262,HAZAR2,,unchanged,
TM,263,KIRKA SALİH GÜNGÖR,,unchanged,
TM,264,KARAMÜRSEL,,removed-from-source,
TM,265,IŞIKLAR,,unchanged,
TM,266,UZUNDERE,,unchanged,
TM,267,İYİDERE,,unchanged,
TM,268,ALAÇATI,,unchanged,
TM,270,ÇAYELİ,,unchanged,
TM,271,BARLA,,unchanged,
TM,272,ALÇUK,,unchanged,
TM,273,ADIYAMAN GÖLBAŞI,,unchanged,
TM,274,YALOVA,,unchanged,
TM,275,EMET,,unchanged,
TM,276,MORSAN,,unchanged,
TM,278,PAMUKOVA,,unchanged,
TM,279,ALMAK VEYSİ AKYÜZ,,unchanged,
TM,280,BORÇKA HES,,unchanged,
TM,281,KARACABEY,,unchanged,
TM,283,BUCAK,,unchanged,
TM,284,ASLANLAR,,unchanged,
TM,285,BORNOVA BÜLENT KUAS,,unchanged,
TM,286,SARMAŞIK1-2 HES,,unchanged,
TM,287,BOSTANLI GİS,,unchanged,
TM,288,BURDUR,,unchanged,
TM,289,İZMİR DGKÇS,,unchanged,
TM,290,CEVİZLİK HES,,unchanged,
TM,291,DARENDE,,unchanged,
TM,292,BOZYAKA,,unchanged,
TM,294,BUCA,,unchanged,
TM,298,EBSO,,unchanged,
TM,299,EĞİRDİR YUSUF ÖZDEMİR,,unchanged,
TM,301,KALKANDERE,,unchanged,
TM,302,ÇAĞÇAĞ,,unchanged,
TM,303,YUKARI MANAHOZ,,unchanged,
TM,304,ULUABAT HES,,unchanged,
TM,307,CİZRE,,unchanged,
TM,308,TOYOTASA,,unchanged,
TM,309,GÜLLÜBAĞ HES,,unchanged,
TM,311,SİVEREK,,unchanged,
TM,312,GÜZELYALI GİS,,unchanged,
TM,313,KARGILIK HES,,unchanged,
TM,314,ERENLER HES,,unchanged,
TM,315,BANDIRMA RES,,unchanged,
TM,319,İSAKÖY,,unchanged,
TM,320,ETİ GÜMÜŞ,,unchanged,
TM,321,ISPARTA,,unchanged,
TM,323,HABAŞ DGKÇS,,unchanged,
TM,324,SİLOPİ TES,,unchanged,
TM,325,GÖKSUN,,unchanged,
TM,326,EREGE METAL,,unchanged,
TM,327,KARACAÖREN 1 HES,,unchanged,
TM,328,İSDEMİR TES,,unchanged,
TM,330,POSOF HAVZA,,unchanged,
TM,331,HATAY GİS,,unchanged,
TM,332,TEKİRDAĞ DGKÇ (A),,unchanged,
TM,333,HİLAL,,unchanged,
TM,334,KARACAÖREN 2 HES,,unchanged,
TM,335,ILICA GİS,,unchanged,
TM,336,ÇAYKARA HAVZA,,unchanged,
TM,337,VANİKÖY,,unchanged,
TM,338,KOÇÇELİK,,unchanged,
TM,339,AKSU YEDİGÖL HES,,unchanged,
TM,341,HASAN ÇELEBİ,,unchanged,
TM,342,TUNCELİ,,unchanged,
TM,343,KILAVUZLU,,unchanged,
TM,344,KEÇİBORLU,,unchanged,
TM,345,KAHRAMANMARAŞ,,unchanged,
TM,346,KOVADA 2 HES,,unchanged,
TM,347,MALATYA,,unchanged,
TM,349,KOVADA 1 HES,,unchanged,
TM,350,MALORSA,,unchanged,
TM,351,KARŞIYAKA GİS,,unchanged,
TM,352,KARABAĞLAR,,unchanged,
TM,353,MENZELET HES,,unchanged,
TM,354,KEMALPAŞA,,unchanged,
TM,355,PETKİM DGKÇS,,unchanged,
TM,356,PİYALE GİS,,unchanged,
TM,357,NARLI,,removed-from-source,
TM,358,TAHTALI,,unchanged,
TM,359,ATATÜRK HES,,unchanged,
TM,360,ÜNİVERSİTE,,unchanged,
TM,361,ULUCAK,,unchanged,
TM,362,URLA1,,unchanged,
TM,363,VİKİNG,,unchanged,
TM,366,MARE RES,,unchanged,
TM,367,ŞEMİKLER GİS,,unchanged,
TM,368,KULEÖNÜ,,unchanged,
TM,369,MERCAN HES,,unchanged,
TM,370,DİLİSKELESİ GİS,,unchanged,
TM,372,HAMİTABAT DGKÇ,,unchanged,
TM,373,AKSA YALOVA,,unchanged,
TM,374,YUNTDAĞI RES,,unchanged,
TM,376,ŞARKİKARAAĞAÇ,,unchanged,
TM,377,SEBENOBA RES,,unchanged,
TM,380,METRİSTEPE RES,,unchanged,
TM,381,PANCAR OSB,,unchanged,
TM,382,GÖLTAŞ ÇİMENTO,,unchanged,
TM,383,MAZI RES,,unchanged,
TM,384,GÖYNÜK,,unchanged,
TM,385,BEYKOZ,,unchanged,
TM,386,OSMANİYE OSB,,unchanged,
TM,387,ALSANCAK GİS,,unchanged,
TM,388,ATAER DGKÇS,,unchanged,
TM,390,KORKUTELİ,,unchanged,
TM,391,TÜPRAŞ,,unchanged,
TM,392,KOCADAĞ RES,,unchanged,
TM,393,BABAESKİ,,unchanged,
TM,394,MANİSA OSB,,unchanged,
TM,395,BÖLÜCEK,,unchanged,
TM,396,ÖZKAN DEMİRÇELİK,,unchanged,
TM,397,YENİ DGKÇS,,unchanged,
TM,398,KIZILDÜZ HES ŞAHMALLAR HES,,unchanged,
TM,399,TOSÇELİK,,unchanged,
TM,400,SAMURLU RES,,unchanged,
TM,401,ALİAĞA RES,,unchanged,
TM,402,SEYİTALİ RES,,unchanged,
TM,403,HİLVAN,,unchanged,
TM,404,KAPTANÇELİK,,unchanged,
TM,405,LODOS RES,,unchanged,
TM,406,KOZBEYLİ RES,,unchanged,
TM,407,GÖKÇEDAĞ RES,,unchanged,
TM,409,TEKİRDAĞ DGKÇ (B),,unchanged,
TM,410,NEOSANTA (YUNANİSTAN),,unchanged,
TM,411,ÖDEMİŞ,,unchanged,
TM,412,BELEN RES,,unchanged,
TM,413,TİRE,,unchanged,
TM,414,KEMERKÖY TES,,unchanged,
TM,416,YATAĞAN TES,,unchanged,
TM,417,MARİTSA (BULGARİSTAN),,unchanged,
TM,419,BOTAŞ,,unchanged,
TM,420,YENİKÖY TES,,unchanged,
TM,421,ÇATALBÜK RES,,unchanged,
TM,423,MAHMUTLAR,,unchanged,
TM,426,AKBÜK,,unchanged,
TM,427,YAVRUDOĞAN,,unchanged,
TM,428,AYDIN,,unchanged,
TM,429,MMK METALURJİ,,unchanged,
TM,430,BODRUM 1,,unchanged,
TM,431,MUĞLA,,unchanged,
TM,432,TOSYALI METALURJİ,,unchanged,
TM,433,MANCARLIK GİS,,unchanged,
TM,434,EŞEN 1 HES,,unchanged,
TM,435,KEMER HES,,unchanged,
TM,436,BERKMAN HES,,unchanged,
TM,437,BÜYÜKÇEKMECE,,unchanged,
TM,438,MARMARİS 1,,unchanged,
TM,439,OŞKAN HES,,unchanged,
TM,440,İSTANBUL DGKÇ (A),,unchanged,
TM,441,BAFRA,,unchanged,
TM,443,DATÇA,,unchanged,
TM,444,ZİYARET RES,,unchanged,
TM,445,FETHİYE,,unchanged,
TM,447,ÇATES MUHAMMED DEMİREL,,unchanged,
TM,449,MİLAS,,unchanged,
TM,450,AMBARLI TM,,unchanged,
TM,451,KUŞADASI GİS,,unchanged,
TM,452,GERMENCİK,,unchanged,
TM,453,DİLER ÇELİK,,unchanged,
TM,454,AKSA ANTALYA 380,,unchanged,
TM,455,ÇAYCUMA,,unchanged,
TM,456,AKKÖPRÜ HES,,unchanged,
TM,457,ANDIRIN HES,,unchanged,
TM,458,NAZİLLİ,,unchanged,
TM,459,KOZAN HAVZA,,unchanged,
TM,460,İSTANBUL F.OİL DGKÇ (B),,unchanged,
TM,461,GÖLCÜK,,unchanged,
TM,462,KUNDU,,updated,Rakım (m)
TM,463,OYKA,,unchanged,
TM,464,SÖKE,,unchanged,
TM,465,EŞEN 2 HES,,unchanged,
TM,466,ARSLANBEY,,unchanged,
TM,467,SANİBEY HES,,unchanged,
TM,470,MENGE HES,,unchanged,
TM,473,DATÇA RES,,unchanged,
TM,474,KÖPRÜ HES,,unchanged,
TM,475,GALİP HOCA JES,,unchanged,
TM,476,FEKE HAVZA,,unchanged,
TM,477,FEKE2 HES,,unchanged,
TM,478,AKBÜK RES,,unchanged,
TM,479,ERMENEK HES,,unchanged,
TM,480,GAZİANTEP,,unchanged,
TM,481,MARMARİS 2,,unchanged,
TM,482,ÇATALAN HES,,unchanged,
TM,483,ALES DGKÇS,,unchanged,
TM,484,BAŞPINAR OSB,,unchanged,
TM,486,MERSİN TERMİK,,unchanged,
TM,488,DOĞANKÖY,,unchanged,
TM,489,OSMANCA,,unchanged,
TM,490,KARASU,,unchanged,
TM,491,MERSİN2,,unchanged,
TM,492,KILILI,,unchanged,
TM,493,DARAN HAVZA,,unchanged,
TM,494,İBRAHİMLİ,,unchanged,
TM,495,ERDEMİR1,,unchanged,
TM,496,GEBZE KİMYA,,unchanged,
TM,497,ERDEMİR2,,unchanged,
TM,498,ELAZIĞ,,updated,Rakım (m)
TM,499,YEŞİLVADİ,,unchanged,
TM,500,AKÇAKOCA,,unchanged,
TM,502,DARAN HES,,unchanged,
TM,503,HANKENDİ,,unchanged,
TM,504,ZONGULDAK,,unchanged,
TM,505,BURSA DGKÇS,,unchanged,
TM,506,BEYKENT OSB,,unchanged,
TM,508,CAMİŞ MERSİN,,unchanged,
TM,509,GERKONSAN,,unchanged,
TM,510,ÇİMKO,,unchanged,
TM,511,BURSA SANAYİ,,unchanged,
TM,512,TARSUS,,updated,Rakım (m)
TM,514,BOLU2,,unchanged,
TM,515,GÜRAĞAÇ,,unchanged,
TM,516,ADIYAMAN ÇİMENTO,,unchanged,
TM,517,SEYHAN HES,,unchanged,
TM,518,BOLU ÇİMENTO,,unchanged,
TM,519,KAYNAŞLI,,unchanged,
TM,520,TUNÇBİLEK A TES,,unchanged,
TM,521,ILGIN,,unchanged,
TM,522,BARTIN,,unchanged,
TM,523,TUNÇBİLEK B TES,,unchanged,
TM,524,KISIK HES,,unchanged,
TM,525,MELEN,,unchanged,
TM,526,ADIYAMAN,,unchanged,
TM,527,SEYİTÖMER TES,,unchanged,
TM,528,İNCİRLİK,,unchanged,
TM,529,ALBAY ÇİĞİLTEPE RES,,unchanged,
TM,531,KARSAK,,unchanged,
TM,532,ZETES2,,unchanged,
TM,533,AKÇAKALE,,unchanged,
TM,534,GEMLİK,,unchanged,
TM,535,AFYON2,,unchanged,
TM,536,ORHANGAZİ,,unchanged,
TM,537,KÖPRÜBAŞI HES,,updated,Rakım (m)
TM,538,BİRECİK HES,,unchanged,
TM,539,SEYRANTEPE HES,,unchanged,
TM,540,DENİZLİ4,,unchanged,
TM,541,OTOSANSİT,,unchanged,
TM,543,BÜYÜKKARIŞTIRAN,,unchanged,
TM,546,YILDIRIM,,unchanged,
TM,547,BOSEN,,unchanged,
TM,549,ÇERKEZKÖY,,unchanged,
TM,550,BEŞEVLER,,unchanged,
TM,551,AÇS İNCİRLİK,,unchanged,
TM,552,ORHANELİ TES,,unchanged,
TM,554,MUSTAFA KEMAL PAŞA,,unchanged,
TM,556,UŞAK,,unchanged,
TM,557,GÖRÜKLE,,unchanged,
TM,559,GÜNEY ADANA,,unchanged,
TM,561,TEKİRDAĞ,,unchanged,
TM,562,ZEYTİNLİ,,unchanged,
TM,563,KARAHAN,,unchanged,
TM,564,UŞAK OSB,,unchanged,
TM,565,LÜLEBURGAZ,,unchanged,
TM,566,NACARLI,,unchanged,
TM,568,YAKAKÖY,,unchanged,
TM,570,ADIGÜZEL HES,,unchanged,
TM,571,ULAŞ,,unchanged,
TM,573,KADINCIK1 HES,,unchanged,
TM,574,KİLİS,,unchanged,
TM,575,ÇÖLLOLAR,,unchanged,
TM,576,ÇİVRİL,,unchanged,
TM,577,TEGESAN,,unchanged,
TM,578,YAMANLI3 HES,,unchanged,
TM,580,DERBENT HES,,unchanged,
TM,581,ÇAYSEKA,,unchanged,
TM,582,KADINCIK2 HES,,unchanged,
TM,584,ÇÖÇELLİ,,unchanged,
TM,586,TOROSLAR,,unchanged,
TM,587,KIYIKÖY,,unchanged,
TM,588,AKBELEN,,unchanged,
TM,589,EMİRDAĞ,,unchanged,
TM,590,UZUNÇAYIR HES,,unchanged,
TM,592,KARACADAĞ PS,,unchanged,
TM,593,ALTINKAYA HES,,unchanged,
TM,594,SANDIKLI,,unchanged,
TM,595,ARABAN PS,,unchanged,
TM,597,AKÇANSA,,unchanged,
TM,598,CİDE,,unchanged,
TM,599,TAŞUCU,,unchanged,
TM,600,ANAMUR,,unchanged,
TM,601,DENİZLİ2,,unchanged,
TM,602,SİLİVRİ,,unchanged,
TM,603,SARIL PS,,unchanged,
TM,604,ERDEMLİ,,unchanged,
TM,605,DENİZLİ3,,unchanged,
TM,606,UZUNKÖPRÜ,,unchanged,
TM,607,DENİZLİ ÇİMENTO,,unchanged,
TM,608,KÜRE,,unchanged,
TM,609,BATMAN HES,,unchanged,
TM,610,KARAİSALI,,unchanged,
TM,611,SURUÇ,,unchanged,
TM,612,HAVSA,,unchanged,
TM,614,ACIPAYAM,,unchanged,
TM,615,BATMAN1,,unchanged,
TM,616,ONDOKUZMAYIS,,unchanged,
TM,618,ÇİMSA,,unchanged,
TM,619,SIRRIN,,updated,Rakım (m)
TM,620,BATMAN2,,unchanged,
TM,621,SAMSUN1,,unchanged,
TM,622,PINARHİSAR,,unchanged,
TM,623,BOZKURT,,unchanged,
TM,625,DİYARBAKIR4,,unchanged,
TM,626,YENİ ŞEHİTLİK,,unchanged,
TM,627,SAMSUN3,,unchanged,
TM,628,TEFENNİ,,unchanged,
TM,630,YÜREĞİR,,unchanged,
TM,631,ŞANLIURFA,,unchanged,
TM,632,DİYARBAKIR3,,unchanged,
TM,633,GEZENDE HES,,unchanged,
TM,634,KIZILDERE1 JES,,unchanged,
TM,635,KEŞAN,,unchanged,
TM,637,DİYARBAKIR2,,unchanged,
TM,638,ŞANLIURFA OSB,,unchanged,
TM,639,CENGİZ DGKÇ,,unchanged,
TM,640,BİRKAPILI HES,,unchanged,
TM,642,ŞANLIURFA ÇİMENTO,,unchanged,
TM,643,NAKSAN2,,unchanged,
TM,644,TAVAS,,unchanged,
TM,645,KASTAMONU,,unchanged,
TM,647,KASTAMONU OSB,,unchanged,
TM,649,YAZGÜNEŞİ,,unchanged,
TM,650,TAŞKÖPRÜ,,unchanged,
TM,651,RWE DENİZLİ DGKÇS,,unchanged,
TM,652,OTLUCA HES,,unchanged,
TM,653,VİRANŞEHİR,,unchanged,
TM,654,DAĞPAZARI RES,,unchanged,
TM,656,KUMLİMANI,,updated,Rakım (m)
TM,657,MERSİN RES,,unchanged,
TM,658,YARDIMCI,,unchanged,
TM,659,BOYABAT,,unchanged,
TM,660,BELKIS,,unchanged,
TM,663,VEZİRKÖPRÜ,,unchanged,
TM,665,KARKAMIŞ HES,,unchanged,
TM,666,KARAKEÇİLİ,,unchanged,
TM,668,LADİK ÇİMENTO,,unchanged,
TM,669,EDİRNE ÇİMENTO,,unchanged,
TM,673,KARGI,,unchanged,
TM,674,FEVZİPAŞA,,unchanged,
TM,675,KIRKLARELİ,,unchanged,
TM,676,ÇANKIRI,,unchanged,
TM,678,KURŞUNLU,,unchanged,
TM,679,PEKMEZLİ,,unchanged,
TM,680,ELGÜN,,unchanged,
TM,681,ÇORUM1,,unchanged,
TM,682,ACARSOY ENERJİ,,unchanged,
TM,683,ZORLU ENERJİ DGKÇ,,unchanged,
TM,684,TATARHÖYÜK,,unchanged,
TM,685,KARACA,,unchanged,
TM,686,ÇORUM2,,unchanged,
TM,687,DİNAR,,unchanged,
TM,688,AMASYA,,unchanged,
TM,689,HACININOĞLU HES,,unchanged,
TM,690,ALKUMRU HES,,unchanged,
TM,691,KAYABAŞI,,updated,Boylam | Rakım (m)
TM,693,ALACA,,unchanged,
TM,694,SARIGÜZEL HES,,unchanged,
TM,695,KULP1 HES,,unchanged,
TM,697,VAN1,,unchanged,
TM,699,OBRUK HES,,unchanged,
TM,700,İNEBOLU,,unchanged,
TM,701,YOKUŞLU HES,,unchanged,
TM,703,BOYABAT HES,,unchanged,
TM,708,KIRKLARELİ DGKÇ,,removed-from-source,
TM,710,BURGAZ RES,,unchanged,
TM,712,CAN ENERJİ DGKÇ,,unchanged,
TM,716,ÇERKEZKÖY OSB,,unchanged,
TM,717,KARAKAYA HES,,unchanged,
TM,719,MODERN ENERJİ DGKÇ,,unchanged,
TM,720,ALİBEYKÖY,,unchanged,
TM,721,ERGANİ ÇİMENTO,,unchanged,
TM,722,ATIŞALANI,,unchanged,
TM,723,KAVAK OSB,,unchanged,
TM,724,TRAKYA ÇİMENTO,,unchanged,
TM,725,ELBİSTAN-B TES 154,,unchanged,
TM,728,KUZOVA,,unchanged,
TM,729,ÇATALCA RES,,unchanged,
TM,730,İKİTELLİ,,unchanged,
TM,731,SUNGURLU OSB,,unchanged,
TM,732,HABİBLER,,unchanged,
TM,733,DELTA ENERJİ DGKÇ,,unchanged,
TM,736,DİYARBAKIR1,,unchanged,
TM,739,MARMARA PAMUKLU DGKÇ,,unchanged,
TM,740,GARZAN HES,,unchanged,
TM,741,SÖĞÜTSEN,,unchanged,
TM,742,ZEKERİYAKÖY,,unchanged,
TM,743,KAYADÜZÜ RES,,unchanged,
TM,744,SARIKAYA RES,,unchanged,
TM,745,SULTANMURAT,,unchanged,
TM,750,TOPKAPI,,unchanged,
TM,752,BAĞCILAR,,unchanged,
TM,755,BİZNA HAVZA,,unchanged,
TM,756,SİLAHTAR,,unchanged,
TM,757,YENİBOSNA,,unchanged,
TM,759,VELİEFENDİ,,unchanged,
TM,760,ENEZ,,unchanged,
TM,761,ETİLER,,unchanged,
TM,762,MURAT HES,,unchanged,
TM,763,LEVENT,,unchanged,
TM,764,ŞİŞLİ,,unchanged,
TM,765,GEÇİCİ ILISU,,unchanged,
TM,766,HADIMKÖY,,unchanged,
TM,767,BAHÇELİEVLER,,unchanged,
TM,768,BOREAS RES,,unchanged,
TM,769,BEYLİKDÜZÜ,,unchanged,
TM,770,UZUNDERE1 HES,,unchanged,
TM,772,MASLAK,,unchanged,
TM,773,TAŞOLUK,,unchanged,
TM,774,BAHÇEŞEHİR,,unchanged,
TM,776,ORDU,,unchanged,
TM,777,GİRESUN,,unchanged,
TM,778,TİREBOLU,,unchanged,
TM,779,ARSİN,,unchanged,
TM,780,GÖLKÖY,,unchanged,
TM,781,FATSA,,unchanged,
TM,784,ÇARŞAMBA,,unchanged,
TM,785,TRABZON,,unchanged,
TM,786,ÜNYE,,unchanged,
TM,787,HASAN UĞURLU HES,,unchanged,
TM,788,DOĞANKENT HES,,unchanged,
TM,790,ALMUS HES,,unchanged,
TM,791,SUAT UĞURLU HES,,unchanged,
TM,792,KÜRTÜN HES,,unchanged,
TM,793,TOKAT,,unchanged,
TM,794,TOKAT OSB,,unchanged,
TM,795,KÖKLÜCE HES,,unchanged,
TM,796,SUŞEHRİ,,unchanged,
TM,797,KILIÇKAYA HES,,unchanged,
TM,802,ARTOVA ÇİMENTO,,unchanged,
TM,803,TORUL HES,,unchanged,
TM,804,AKKÖY,,unchanged,
TM,805,KOYULHİSAR HES,,unchanged,
TM,806,DARICA1 HES,,unchanged,
TM,807,REŞADİYE HES,,unchanged,
TM,808,YEŞİL HES,,unchanged,
TM,809,AKOCAK HES,,unchanged,
TM,810,ŞEBİNKARAHİSAR,,unchanged,
TM,811,BİLGİN SAMSUN DGKÇ,,unchanged,
TM,813,YENİDERE HAVZA,,unchanged,
TM,814,BÜYÜKDÜZ HAVZA,,unchanged,
TM,815,YAPRAK HES,,unchanged,
TM,817,UMUT HES,,unchanged,
TM,818,NİKSAR HES,,unchanged,
TM,820,TUNA HES,,unchanged,
TM,826,ÇIRAKDAMI HES,,unchanged,
TM,831,ASLANCIK HES,,unchanged,
TM,832,ARPA HES,,unchanged,
TM,833,ARAKLI,,unchanged,
TM,836,YAĞLIDERE,,unchanged,
TM,838,VAKFIKEBİR,,unchanged,
TM,843,BÜYÜKDÜZ HES,,unchanged,
TM,847,KİLLİK RES,,unchanged,
TM,850,AKHLTSKHE (GÜRCİSTAN),,unchanged,
TM,857,KEBAN HES,,unchanged,
TM,860,OVACIK HAVZA,,unchanged,
TM,862,BATI ADANA,,unchanged,
TM,867,KARADENİZ EREĞLİ,,removed-from-source,
TM,868,YURT ÇİMENTO,,unchanged,
TM,873,GEÇİCİ ILISU SANAL,,unchanged,
TM,876,KISIK SANAL,,unchanged,
TM,882,ÇAMOLUK,,unchanged,
TM,884,KAYAKÖPRÜ HES,,unchanged,
TM,885,KAYAKÖPRÜ SANAL,,unchanged,
TM,886,ÇAYIRHAN TES,,unchanged,
TM,887,GÖKÇEKAYA HES,,unchanged,
TM,888,GÖLBAŞI,,unchanged,
TM,889,SİNCAN,,unchanged,
TM,890,TEMELLİ,,unchanged,
TM,891,BAĞLUM,,unchanged,
TM,892,AKKÖPRÜ,,updated,Rakım (m)
TM,893,ANKARA SANAYİ,,unchanged,
TM,894,BALGAT,,unchanged,
TM,895,BAŞTAŞ,,unchanged,
TM,896,BEYLİKKÖPRÜ,,unchanged,
TM,897,BEYPAZARI,,unchanged,
TM,898,YILDIZ,,unchanged,
TM,899,EMİRLER,,unchanged,
TM,900,ESENBOĞA,,unchanged,
TM,901,HACILAR,,unchanged,
TM,902,KALECİK,,unchanged,
TM,903,KAPULUKAYA HES,,unchanged,
TM,904,KIRIKKALE,,unchanged,
TM,905,MACUNKÖY,,unchanged,
TM,906,MALTEPE ANKARA,,unchanged,
TM,907,MAMAK,,unchanged,
TM,908,OVACIK,,unchanged,
TM,909,POLATLI,,unchanged,
TM,910,SARIYAR HES,,unchanged,
TM,911,ÜMİTKÖY,,unchanged,
TM,912,KAZAN,,unchanged,
TM,913,İMRAHOR,,unchanged,
TM,914,HASKÖY,,unchanged,
TM,915,HİRFANLI HES,,unchanged,
TM,916,KESİKKÖPRÜ HES,,unchanged,
TM,918,BAYMİNA DGKÇ,,unchanged,
TM,919,ÇİMPOR,,unchanged,
TM,920,OSTİM OSB,,unchanged,
TM,921,ETİ SODA,,unchanged,
TM,922,KAYSERİ KAPASİTÖR,,unchanged,
TM,924,KAYSERİ2,,unchanged,
TM,925,KAYSERİ3,,unchanged,
TM,927,KARATAY,,unchanged,
TM,929,YAZIR,,unchanged,
TM,930,KAYACIK,,unchanged,
TM,931,EREĞLİ KONYA,,unchanged,
TM,932,KIZÖREN,,unchanged,
TM,933,ALİBEY HÖYÜĞÜ,,unchanged,
TM,936,ÇUMRA,,unchanged,
TM,937,KARAPINAR,,unchanged,
TM,938,KARAMAN,,unchanged,
TM,939,KARAMAN OSB,,unchanged,
TM,940,GÜNEYSINIR,,unchanged,
TM,941,YEŞİLHİSAR,,unchanged,
TM,942,AKDAĞ MADENİ,,unchanged,
TM,943,BOĞAZLIYAN,,unchanged,
TM,945,BOR,,unchanged,
TM,946,ÇAMLICA1 HES,,unchanged,
TM,947,CİHANBEYLİ,,unchanged,
TM,948,ÇİNKUR,,unchanged,
TM,949,DERİNKUYU,,unchanged,
TM,950,KALABA,,unchanged,
TM,951,KIRŞEHİR,,unchanged,
TM,952,LADİK,,unchanged,
TM,953,MİSLİOVA,,unchanged,
TM,954,NEVŞEHİR,,unchanged,
TM,955,NİĞDE,,unchanged,
TM,956,PETLAS,,unchanged,
TM,957,ŞEREFLİKOÇHİSAR,,unchanged,
TM,958,ŞARKIŞLA,,unchanged,
TM,959,SENDİREMEKE,,unchanged,
TM,960,SIZIR,,unchanged,
TM,961,SORGUN,,unchanged,
TM,962,TAKSAN,,unchanged,
TM,963,TÜMOSAN,,unchanged,
TM,964,YAMULA HES,,unchanged,
TM,966,YİBİTAŞ,,unchanged,
TM,967,YOZGAT,,unchanged,
TM,969,KULU,,unchanged,
TM,972,DDY KOCAHACILI,,unchanged,
TM,974,DDY ÇAYIRBAŞI,,unchanged,
TM,975,DDY GÖZLÜ,,unchanged,
TM,976,DDY A.PINARBAŞI,,unchanged,
TM,977,KEPEZKAYA HAVZA,,unchanged,
TM,978,NİĞDE OSB,,unchanged,
TM,980,ÇAMLICA3 HES,,unchanged,
TM,981,KEPEZKAYA HES,,unchanged,
TM,982,AKSU RES,,unchanged,
TM,983,YENİCE HES,,unchanged,
TM,984,DDY BEYLİKKÖPRÜ,,unchanged,
TM,985,DDY SAZAK,,unchanged,
TM,986,KASIMPAŞA,,unchanged,
TM,987,KÜÇÜKKÖY,,unchanged,
TM,988,ALTINTEPE,,unchanged,
TM,989,YENİKAPI,,unchanged,
TM,990,ALTINEKİN,,unchanged,
TM,993,ZAKHO (IRAK),,unchanged,
TM,994,SİVRİHİSAR,,unchanged,
TM,995,TURANKÖY,,unchanged,
TM,997,KESİKKÖPRÜ SANAL,,unchanged,
TM,1000,FIRAT PLASTİK,,unchanged,
TM,1001,KOZLU,,unchanged,
TM,1002,MALTEPE İSTANBUL,,unchanged,
TM,1008,CUMHURİYET,,unchanged,
TM,1009,OLUR HAVZA,,unchanged,
TM,1010,HAYRAT HAVZA,,unchanged,
TM,1013,TOROS HES,,unchanged,
TM,1014,EĞLENCE2 HES,,unchanged,
TM,1017,BURÇAK1 HES,,unchanged,
TM,1018,İNCEK,,unchanged,
TM,1019,AÇS PAYAS,,unchanged,
TM,1022,BATUM (GÜRCİSTAN),,unchanged,
TM,1023,ÇEŞME HAVZA,,unchanged,
TM,1024,BOZÜYÜK OSB,,unchanged,
TM,1028,BULANIK,,unchanged,
TM,1029,YENİ ŞENBÜK RES,,unchanged,
TM,1030,ATİK RES,,unchanged,
TM,1032,DORA 3 JES,,unchanged,
TM,1033,MARDİN ÇİMENTO,,unchanged,
TM,1034,BODRUM 2,,unchanged,
TM,1036,SAMSUN OSB DGKÇ,,unchanged,
TM,1037,EDİNCİK RES,,unchanged,
TM,1038,GEYCEK RES,,unchanged,
TM,1042,DEVECİKONAĞI HES,,unchanged,
TM,1045,ERZİN DGKÇ,,unchanged,
TM,1049,YALNIZ ARDIÇ,,unchanged,
TM,1050,KARABURUN HAVZA,,unchanged,
TM,1054,ÇAMBAŞI HES,,unchanged,
TM,1055,AĞAÇÖREN SKM,,unchanged,
TM,1058,GÖKSUN SKM,,unchanged,
TM,1059,DERİNER HES,,unchanged,
TM,1060,EĞLENCE1 HES,,unchanged,
TM,1061,KUŞAKLI HES,,unchanged,
TM,1062,KANDİL HES,,unchanged,
TM,1063,SİNCİK HAVZA,,unchanged,
TM,1064,SİNCİK RES,,unchanged,
TM,1067,KEBAN SANAL,,unchanged,
TM,1071,KIZILDERE2 JES,,unchanged,
TM,1073,META NİKEL,,unchanged,
TM,1074,PAMUKÖREN JES,,unchanged,
TM,1075,KİRAZLIK HES,,unchanged,
TM,1076,POLAT TES,,unchanged,
TM,1077,DİLERÇELİK SANAL,,unchanged,
TM,1078,GÖYNÜK SANAL,,unchanged,
TM,1081,ORDU HES,,unchanged,
TM,1085,DERELİ HES,,unchanged,
TM,1086,UZUNDERE2 HES,,unchanged,
TM,1092,KIY HES,,unchanged,
TM,1093,TATAR HES,,unchanged,
TM,1098,KAVŞAKBENDİ HES,,unchanged,
TM,1100,DORUK HES,,unchanged,
TM,1102,ÖDÜLALAN,,unchanged,
TM,1103,KIŞLAKÖY,,unchanged,
TM,1106,KADIKÖY,,unchanged,
TM,1107,ÇİMSA ESKİŞEHİR,,unchanged,
TM,1108,KÜMBET MOBİL,,unchanged,
TM,1110,KÜMBET SANAL,,unchanged,
TM,1128,HASANBEYLİ RES,,unchanged,
TM,1130,MERSİN380,,unchanged,
TM,1133,KUZEYTEPE,,unchanged,
TM,1134,GÖYNÜK HAVZA,,unchanged,
TM,1135,AYRANCI GEÇİCİ,,unchanged,
TM,1138,AKKUYU GEÇİCİ,,unchanged,
TM,1139,AKKUYU GEÇİCİ SANAL,,unchanged,
TM,1140,GELENDOST,,unchanged,
TM,1141,UŞAK RES,,unchanged,
TM,1143,TUFANBEYLİ TES,,unchanged,
TM,1150,İZDEMİR TES,,unchanged,
TM,1152,AYRANCI SANAL,,unchanged,
TM,1153,EREĞLİ SANAL,,unchanged,
TM,1155,BARAN HES,,unchanged,
TM,1158,GERCÜŞ,,unchanged,
TM,1160,AKSARAY OSB,,unchanged,
TM,1161,GERES RES,,unchanged,
TM,1162,GAZİEMİR GİS,,unchanged,
TM,1164,URLA2,,unchanged,
TM,1165,BALABANLI RES,,unchanged,
TM,1168,MAKİNA OSB,,unchanged,
TM,1172,MARDİN2,,unchanged,
TM,1173,DİKMEN2,,unchanged,
TM,1175,GÖKBEL HES,,unchanged,
TM,1176,AVANOS2,,unchanged,
TM,1177,DÜZCE AKSU HES,,unchanged,
TM,1179,AKSA GÖYNÜK TES,,unchanged,
TM,1180,ÇANTA RES,,unchanged,
TM,1183,ATLAS TES,,unchanged,
TM,1186,ARKUN HES,,unchanged,
TM,1188,TRAKYA DÖKÜM,,unchanged,
TM,1189,KAYSERİ4,,unchanged,
TM,1190,GÖK RES 2,,unchanged,
TM,1191,SÖĞÜTLÜ HES,,unchanged,
TM,1192,KOÇLU HES,,unchanged,
TM,1193,KOTANA HAVZA,,unchanged,
TM,1198,REYHANLI,,unchanged,
TM,1199,ÇİNE HES,,unchanged,
TM,1200,KIYIKÖY RES (KIRKLARELİ),,unchanged,
TM,1203,ÇAYKARA HES,,unchanged,
TM,1204,YUNUS EMRE TES,,unchanged,
TM,1205,SİLİVRİ RES,,unchanged,
TM,1206,KAVAKLI RES,,unchanged,
TM,1210,ALAŞEHİR JES,,unchanged,
TM,1213,EFE JES,,unchanged,
TM,1214,ESTERGON,,unchanged,
TM,1215,EFE SANAL,,unchanged,
TM,1216,ŞADILLI RES,,unchanged,
TM,1221,ETİKROM,,unchanged,
TM,1224,SERAP HES,,unchanged,
TM,1225,BEYHAN1 HES,,unchanged,
TM,1226,KÜTAHYA OSB,,unchanged,
TM,1228,EREN HES,,unchanged,
TM,1229,ELMALI,,unchanged,
TM,1230,YAMANLI2 HES,,unchanged,
TM,1231,PEMBELİK HES,,unchanged,
TM,1232,BOZKURT HAVZA,,unchanged,
TM,1233,ŞEHİTKAMİL OSB,,unchanged,
TM,1235,KARAKUZ HES,,unchanged,
TM,1236,KARABÜK,,unchanged,
TM,1237,KARDEMİR,,updated,Rakım (m)
TM,1238,SAFRANBOLU,,unchanged,
TM,1239,KARABÜK OSB,,unchanged,
TM,1240,İSMETPAŞA,,unchanged,
TM,1241,BAĞYURDU,,unchanged,
TM,1242,ESAN,,unchanged,
TM,1243,BATI ÇİMENTO,,unchanged,
TM,1244,KÜMAŞ,,unchanged,
TM,1245,ÇERÇİKAYA RES,,unchanged,
TM,1246,KUZEY ADANA,,unchanged,
TM,1247,MEDCEM,,unchanged,
TM,1248,SASA,,unchanged,
TM,1251,ÇÖLOVASI,,unchanged,
TM,1254,BATI SÖKE,,unchanged,
TM,1257,HARMANLIK RES,,unchanged,
TM,1258,AKINCI HES ARDAHAN,,unchanged,
TM,1259,ARAÇ,,unchanged,
TM,1261,KARGI KIZILIRMAK HES,,unchanged,
TM,1262,KOVANLIK HAVZA,,unchanged,
TM,1263,AFYON3,,unchanged,
TM,1264,ETİ ALÜMİNYUM,,unchanged,
TM,1265,KORU RES,,unchanged,
TM,1269,KIRDEMİR,,unchanged,
TM,1271,MAÇKA HAVZA,,unchanged,
TM,1273,GÖLMARMARA,,unchanged,
TM,1274,MUT RES,,unchanged,
TM,1275,ELİF HAVZA,,unchanged,
TM,1277,GÖKTAŞ2 HES,,unchanged,
TM,1278,LİMAK ÇİMENTO,,unchanged,
TM,1280,AYVALI HES,,unchanged,
TM,1282,DİLEK RES,,unchanged,
TM,1283,TEPEKIŞLA HES,,unchanged,
TM,1288,KIYIKÖY RES (TEKİRDAĞ),,unchanged,
TM,1289,GÖKSU HES BOLU,,unchanged,
TM,1290,ARTVİN HES,,unchanged,
TM,1291,SÜLOĞLU RES,,unchanged,
TM,1292,ALAKOVA,,unchanged,
TM,1293,KAYABAŞI TOKİ,,unchanged,
TM,1294,TORTUM,,unchanged,
TM,1295,KULA,,unchanged,
TM,1296,YAKINKENT,,unchanged,
TM,1297,ESKİŞEHİR OSB,,unchanged,
TM,1298,GELİBOLU,,unchanged,
TM,1299,ALTINORDU,,unchanged,
TM,1300,BAĞARASI RES,,unchanged,
TM,1301,İÇ ANADOLU DGKÇ,,unchanged,
TM,1302,ZORLU JES,,unchanged,
TM,1304,TAHA DGKÇ,,unchanged,
TM,1305,BANAZ SANAL,,removed-from-source,
TM,1306,POYRAZGÖLÜ RES,,unchanged,
TM,1308,BİGA RES,,unchanged,
TM,1309,ZEUGMA,,unchanged,
TM,1310,ZEUGMA 400 SANAL,,unchanged,
TM,1311,ZEUGMA 154 SANAL,,unchanged,
TM,1314,KANİJE RES,,unchanged,
TM,1316,ERYAMAN,,unchanged,
TM,1317,FUAT RES,,unchanged,
TM,1321,KOTANLI HES,,unchanged,
TM,1322,BANDIRMA DGKÇS 2,,unchanged,
TM,1323,YALOVA RES,,unchanged,
TM,1326,BEREKETLİ RES,,unchanged,
TM,1327,YAHYALI RES,,unchanged,
TM,1328,SÖKE RES,,unchanged,
TM,1329,SYCS ÇİMENTO,,unchanged,
TM,1330,BİTLİS,,unchanged,
TM,1333,ÇAĞLAYAN HAVZA,,unchanged,
TM,1335,KURTKAYASI RES,,unchanged,
TM,1336,KIRLIK,,unchanged,
TM,1341,KOCAELİ,,unchanged,
TM,1342,ENGİL,,unchanged,
TM,1343,KAVAK ÇİMENTO,,unchanged,
TM,1344,AKDAĞ ÇİMENTO,,unchanged,
TM,1345,TÜRKGÜCÜ,,unchanged,
TM,1346,ULUBORLU RES,,unchanged,
TM,1347,KASIMLAR HES,,unchanged,
TM,1348,DENİZLİ1,,unchanged,
TM,1350,İSPİR HAVZA,,unchanged,
TM,1351,POYRAZ RES SUSURLUK,,unchanged,
TM,1352,BİSMİL2,,unchanged,
TM,1353,SİİRT380,,unchanged,
TM,1354,ÇOLAKOĞLU400,,unchanged,
TM,1355,AMASYA RES,,unchanged,
TM,1358,KIZKALESİ,,unchanged,
TM,1359,AFYON ÇİMENTO,,unchanged,
TM,1361,ÇAMLIYAYLA HAVZA,,unchanged,
TM,1362,SARITEPE RES,,unchanged,
TM,1363,KEMALİYE JES,,unchanged,
TM,1365,ÇİĞDEM,,unchanged,
TM,1366,AKYAZI,,unchanged,
TM,1367,VİTRA KARO,,unchanged,
TM,1368,ASAŞ ALÜMİNYUM,,unchanged,
TM,1369,ATAKAŞ,,unchanged,
TM,1370,NİĞDE ÇİMSA,,unchanged,
TM,1373,ZETES3,,unchanged,
TM,1374,ZELİHA RES,,unchanged,
TM,1376,SIDDIK,,unchanged,
TM,1377,VELİMEŞE,,unchanged,
TM,1379,ARTVİN,,unchanged,
TM,1383,KOZBÜKÜ HES,,unchanged,
TM,1386,KAYSERİ1,,unchanged,
TM,1387,KIRIKKALE DGKÇ,,unchanged,
TM,1388,ORTAKÖY,,unchanged,
TM,1389,ELMALI RES,,unchanged,
TM,1390,KIŞLADAĞ,,unchanged,
TM,1392,AKYURT,,unchanged,
TM,1394,BAĞIŞTAŞ,,unchanged,
TM,1395,GÖKTAŞ1 HES,,unchanged,
TM,1397,TOPÇAM HES,,unchanged,
TM,1399,REŞADİYE,,unchanged,
TM,1400,YAHYALI BAK RES,,unchanged,
TM,1401,FATMA RES,,unchanged,
TM,1404,KIRKAĞAÇ RES,,unchanged,
TM,1405,MEHMETHAN JES,,unchanged,
TM,1406,KUBİLAY JES,,unchanged,
TM,1407,YERKÖY,,unchanged,
TM,1409,GÜLNAR HAVZA,,unchanged,
TM,1410,TALAS,,unchanged,
TM,1411,SELÇUKLU,,unchanged,
TM,1412,KINIK RES,,unchanged,
TM,1413,SFC ENTEGRE,,unchanged,
TM,1416,YÜKSEKOVA,,unchanged,
TM,1417,ARAPGİR HAVZA,,unchanged,
TM,1418,KARTALDAĞI RES,,unchanged,
TM,1420,AİRRES4,,unchanged,
TM,1421,ESENYURT,,unchanged,
TM,1422,ARDANUÇ,,unchanged,
TM,1423,ERKİLET,,unchanged,
TM,1424,CENAL TES,,unchanged,
TM,1425,HABAŞ DGKÇS 2 GİS,,unchanged,
TM,1426,HABAŞ,,unchanged,
TM,1427,SULTANHİSAR JES,,unchanged,
TM,1428,ÖZMEN 1 JES,,unchanged,
TM,1430,KİPAŞ MENSUCAT,,unchanged,
TM,1431,BELEK GİS,,unchanged,
TM,1432,ABDULHAMİT HAN,,unchanged,
TM,1433,ETİ BAKIR MAZIDAĞI,,unchanged,
TM,1434,DOĞANÇAY HES,,unchanged,
TM,1435,TİRE RES,,unchanged,
TM,1436,KARGI HES,,unchanged,
TM,1437,KASEK (IRAK),,unchanged,
TM,1439,BAĞIŞTAŞ1 HES,,unchanged,
TM,1440,BAĞIŞTAŞ2 HES,,unchanged,
TM,1441,BERGRES RES,,unchanged,
TM,1442,KIZILDERE3 JES,,unchanged,
TM,1443,KONYA ÇİMENTO,,unchanged,
TM,1444,KAZAN DGKÇ,,unchanged,
TM,1445,DEÇEKO,,unchanged,
TM,1446,DEMİRDAĞ,,unchanged,
TM,1447,KANGAL RES,,unchanged,
TM,1448,KANGAL TES,,unchanged,
TM,1449,SİVAS,,unchanged,
TM,1450,SİVAS OSB,,unchanged,
TM,1451,VOTORANTİM,,unchanged,
TM,1453,YENİ SİVAS,,unchanged,
TM,1454,ZARA,,unchanged,
TM,1456,DORA 4 JES,,unchanged,
TM,1457,BOR OSB,,unchanged,
TM,1460,ALADAĞ,,unchanged,
TM,1461,PINARBAŞI,,unchanged,
TM,1465,YUKARI KALEKÖY HES,,unchanged,
TM,1466,KİPAŞ KAĞIT,,unchanged,
TM,1467,KAPIÇAM,,unchanged,
TM,1468,BAYAT HAVZA,,unchanged,
TM,1469,EFE 6 JES,,unchanged,
TM,1470,HEMA,,unchanged,
TM,1471,KARAKOÇAN,,unchanged,
TM,1472,STAR GİS,,unchanged,
TM,1474,DARICA2 HES,,unchanged,
TM,1475,KİĞI HES,,unchanged,
TM,1476,KUYUCAK JES,,unchanged,
TM,1478,KÜREKDAĞI RES,,unchanged,
TM,1479,SOMA KOLİN TES,,unchanged,
TM,1480,ALAŞEHİR HAVZA,,unchanged,
TM,1481,ARDAHAN,,unchanged,
TM,1482,KAYAŞ,,unchanged,
TM,1483,TOSYA,,unchanged,
TM,1484,POLATLI ÇİMENTO,,unchanged,
TM,1485,KAROVA RES,,unchanged,
TM,1486,KELKİT HAVZA,,unchanged,
TM,1487,KONYA OSB,,unchanged,
TM,1488,RB KARESİ,,unchanged,
TM,1489,TÜMAD LAPSEKİ,,unchanged,
TM,1490,PERENCO,,unchanged,
TM,1491,MANCARLIK SANAL,,unchanged,
TM,1492,BOLU1,,unchanged,
TM,1495,GASKİ2,,unchanged,
TM,1496,YENİ HAVALİMANI,,unchanged,
TM,1499,BÜSAN,,unchanged,
TM,1500,ÇAN 2 TES,,unchanged,
TM,1501,AKDAĞ RES,,unchanged,
TM,1502,ZETES1,,unchanged,
TM,1504,AKŞAR NAZAR HES,,unchanged,
TM,1505,İKİZDERE HAVZA,,unchanged,
TM,1506,İSKUR,,unchanged,
TM,1507,AKKUŞ HAVZA,,unchanged,
TM,1508,KİĞI HAVZA,,unchanged,
TM,1509,SAMANDAĞ,,unchanged,
TM,1510,UŞAK 380,,unchanged,
TM,1511,ŞARKÖY,,unchanged,
TM,1512,ÇAĞLAYAN İSTANBUL,,unchanged,
TM,1513,ORTAKLAR OSB,,unchanged,
TM,1516,KÖMÜRHAN,,unchanged,
TM,1519,AHLAT,,unchanged,
TM,1520,ARKOZ ÇİMENTO,,unchanged,
TM,1521,SOMA ÇİMENTO,,unchanged,
TM,1522,DUDULLU METRO,,unchanged,
TM,1524,ANAGOLD,,unchanged,
TM,1525,BAĞLAR RES,,unchanged,
TM,1526,ARDIÇLI RES,,unchanged,
TM,1527,OSMANGAZİ,,unchanged,
TM,1528,AŞAĞI KALEKÖY HES,,unchanged,
TM,1529,BORNOVA380,,unchanged,
TM,1532,DELİKLİKAYA,,unchanged,
TM,1533,ILISU HES,,unchanged,
TM,1535,BANAZ,,unchanged,
TM,1537,DİYARBAKIR OSB,,unchanged,
TM,1538,BURSASANAYİ SANAL,,unchanged,
TM,1539,KARMA OSB,,unchanged,
TM,1540,EBER RES,,unchanged,
TM,1541,AKINCI HES TOKAT,,unchanged,
TM,1542,ETİ BAKIR ADIYAMAN,,unchanged,
TM,1543,ALANBAŞI HAVZA,,unchanged,
TM,1544,ERBAA,,unchanged,
TM,1545,DİKİLİ,,unchanged,
TM,1546,YAKUPLU,,unchanged,
TM,1548,BERGAMA VENTO RES,,unchanged,
TM,1549,CERİT RES,,unchanged,
TM,1550,BUHARKENT JES,,unchanged,
TM,1551,EDİRNE GİS,,unchanged,
TM,1552,YAYSUN GES,,unchanged,
TM,1553,ALİBEY RES,,unchanged,
TM,1555,3S KALE JES,,unchanged,
TM,1559,DİNÇER ÇİMENTO,,unchanged,
TM,1560,ATAŞEHİR,,unchanged,
TM,1561,TÜRKERLER ALAŞEHİR3 JES,,unchanged,
TM,1563,YENİHİSAR RES,,unchanged,
TM,1564,ERENKÖY,,unchanged,
TM,1565,TÜMAD BURHANİYE,,unchanged,
TM,1566,ÇEKEREK HAVZA,,unchanged,
TM,1567,SUŞEHRİ SANAL,,unchanged,
TM,1571,SAĞMALCILAR GİS,,unchanged,
TM,1572,KOZLUK,,unchanged,
TM,1573,EŞMEKAYA,,unchanged,
TM,1574,TERME,,unchanged,
TM,1575,SELÇUK,,unchanged,
TM,1576,KOCALAR RES,,unchanged,
TM,1578,KÇS ÇİMENTO,,unchanged,
TM,1579,ALİAĞA1 GİS,,unchanged,
TM,1580,ELBİSTAN-B TES 400,,unchanged,
TM,1581,BURÇAK2 HES,,unchanged,
TM,1582,ASYAPORT LİMAN,,unchanged,
TM,1583,HOTAMIŞ,,unchanged,
TM,1584,ORHANELİ,,unchanged,
TM,1585,RAFİNERİ,,unchanged,
TM,1586,ÜÇPINAR RES,,unchanged,
TM,1589,LİMAK ÇİMENTO KİLİS,,unchanged,
TM,1590,MANİSA OSB2,,unchanged,
TM,1592,MURGUL,,unchanged,
TM,1594,MİS3 JES,,unchanged,
TM,1595,KIRIKDAĞ HES,,unchanged,
TM,1596,KIRIKDAĞ SANAL,,unchanged,
TM,1597,KONYA KUZEY,,unchanged,
TM,1598,HASANOBA RES,,unchanged,
TM,1599,ULUDAĞ GİS,,unchanged,
TM,1601,ALA2 JES,,unchanged,
TM,1602,ÖKSÜT MADENCİLİK,,unchanged,
TM,1604,GÜLPINAR RES,,unchanged,
TM,1605,MASLAKTEPE RES,,unchanged,
TM,1606,DENİZLİ RES,,unchanged,
TM,1610,YAMAÇTEPE RES,,unchanged,
TM,1611,KOCATEPE RES,,updated,Rakım (m)
TM,1612,GREENECO JES 5,,unchanged,
TM,1613,DDY AKGEDİK,,unchanged,
TM,1614,DDY DOĞANŞEHİR,,unchanged,
TM,1615,DDY FEVZİPAŞA,,unchanged,
TM,1616,DDY GÖLBAŞI,,unchanged,
TM,1617,DDY HEKİMHAN,,unchanged,
TM,1618,DDY NARLI,,unchanged,
TM,1619,DDY YAZIHAN,,unchanged,
TM,1620,DDY YAZLAK,,unchanged,
TM,1621,AKSU MADENCİLİK,,unchanged,
TM,1622,SALİHLİ3 JES,,unchanged,
TM,1625,TATLIPINAR RES,,unchanged,
TM,1626,ÇAKIL RES,,unchanged,
TM,1629,DDY ALAYUNT,,unchanged,
TM,1630,DDY ALPU,,unchanged,
TM,1631,DDY ARİFİYE,,unchanged,
TM,1632,DDY BÜYÜKYENİCE,,unchanged,
TM,1633,DDY İBRAHİMAĞA,,unchanged,
TM,1634,DDY İDEALTEPE,,unchanged,
TM,1635,DDY KALBURCU,,unchanged,
TM,1636,DDY KARAGÖZLER,,unchanged,
TM,1637,DDY KARAKÖY,,unchanged,
TM,1638,DDY KIZILİNLER,,unchanged,
TM,1639,DDY OSMANELİ,,unchanged,
TM,1640,DDY OSMANGAZİ,,unchanged,
TM,1641,DDY PENDİK,,unchanged,
TM,1642,DDY TAVŞANLI,,unchanged,
TM,1643,DDY ULUÇAM,,unchanged,
TM,1644,VİZE HAVZA,,unchanged,
TM,1645,DDY GÜNYAZI,,unchanged,
TM,1646,DDY İNCİRLİK,,unchanged,
TM,1647,DDY KELEBEK,,unchanged,
TM,1648,DDY NOHUT,,unchanged,
TM,1650,DDY POZANTI,,unchanged,
TM,1651,DEMİRKÖY,,unchanged,
TM,1652,HASANAĞA,,unchanged,
TM,1653,DDY AYVATLAR,,unchanged,
TM,1654,DDY ÇİĞLİ,,unchanged,
TM,1655,DDY HİLAL,,unchanged,
TM,1656,DDY KARACALAR,,unchanged,
TM,1657,DDY MAHMUDİYE,,unchanged,
TM,1658,DDY MANİSA,,unchanged,
TM,1659,DDY MENEMEN,,unchanged,
TM,1660,DDY PINAR,,unchanged,
TM,1661,DDY SAĞLIK,,unchanged,
TM,1662,DDY SELİMAĞA,,unchanged,
TM,1663,DDY SÜLEYMANLI,,unchanged,
TM,1664,HAVZA RES,,unchanged,
TM,1665,BARTIN OSB,,unchanged,
TM,1668,MERYEM RES,,unchanged,
TM,1669,DDY ÇETİNKAYA,,unchanged,
TM,1670,DDY CÜREK,,unchanged,
TM,1671,GÖKSU,,unchanged,
TM,1672,DDY MALİKÖY,,unchanged,
TM,1673,DDY NENEK,,unchanged,
TM,1674,DDY KARAMAN,,unchanged,
TM,1675,DDY ÇUMRA,,unchanged,
TM,1676,DDY BOĞAZKÖPRÜ,,unchanged,
TM,1677,DDY ARAPLI,,unchanged,
TM,1678,DDY BOR,,unchanged,
TM,1679,MERSİN3,,unchanged,
TM,1680,KARAHALLI,,unchanged,
TM,1681,ADATOPRAKPINAR,,unchanged,
TM,1682,ÇERKEZKÖY ENERJİ TM,,unchanged,
TM,1683,KARAKÖPRÜ,,unchanged,
TM,1685,KİRAZLI RES,,unchanged,
TM,1686,BAFA RES,,unchanged,
TM,1687,ÇİNE,,unchanged,
TM,1688,SELİMPAŞA SANAL,,unchanged,
TM,1689,SELİMPAŞA MOBİL,,unchanged,
TM,1692,KARAKURT HES,,unchanged,
TM,1693,ÇETİN HES,,unchanged,
TM,1694,AKSARAY İSTANBUL,,unchanged,
TM,1695,DDY İZZETTİN,,unchanged,
TM,1696,OYMAPINAR HES,,unchanged,
TM,1697,KEPEZ 2 HES,,unchanged,
TM,1698,DDY ETİMESGUT,,unchanged,
TM,1702,DDY EDİRNE,,unchanged,
TM,1703,DDY HALKALI,,unchanged,
TM,1704,DDY KABAKÇA,,unchanged,
TM,1705,DDY MANDIRA,,unchanged,
TM,1706,DDY MURATLI,,unchanged,
TM,1707,DDY VELİMEŞE,,unchanged,
TM,1708,DDY VELİEFENDİ,,unchanged,
TM,1711,AKYAKA,,unchanged,
TM,1712,KIZILIRMAK,,unchanged,
TM,1713,DDY GAZİRAY,,unchanged,
TM,1714,BOZDOĞAN,,unchanged,
TM,1715,İZMİR HAVZA,,unchanged,
TM,1716,ÖRLEMİŞ RES,,unchanged,
TM,1717,DDY IRMAK,,unchanged,
TM,1718,MEYDANCIK HAVZA,,updated,Rakım (m)
TM,1719,ALAPLI,,unchanged,
TM,1720,MUTLU5 RES,,unchanged,
TM,1721,KIZILOT,,unchanged,
TM,1722,YAZIHAN HAVZA,,updated,Rakım (m)
TM,1724,VİZE 2 RES,,unchanged,
TM,1725,SEYMEN BES,,unchanged,
TM,1726,BULANCAK,,unchanged,
TM,1727,DÜZCE OSB,,unchanged,
TM,1728,GÖLPAZARI,,unchanged,
TM,1729,EVRENCİK RES,,unchanged,
TM,1730,BAĞLAMA RES,,unchanged,
TM,1731,KARLITEPE RES,,unchanged,
TM,1732,KARAPINAR ACIGÖL GES,,unchanged,
TM,1733,TEKSİN GES,,unchanged,
TM,1734,NURSAN,,unchanged,
TM,1735,AKYEL 1 RES,,unchanged,
TM,1736,ALPASLAN2 HES,,unchanged,
TM,1737,KAHTA,,updated,Rakım (m)
TM,1738,MAV BİYOKÜTLE,,unchanged,
TM,1739,MERSİNLİ RES,,unchanged,
TM,1740,KUYULUKOYAK RES,,unchanged,
TM,1741,ÇAN HAVZA,,unchanged,
TM,1742,CUMAYERİ,,unchanged,
TM,1743,EDEBEY,,unchanged,
TM,1745,KOVANLIK HES,,unchanged,
TM,1746,SİBEL RES,,unchanged,
TM,1747,ÇAMINBAŞI RES,,unchanged,
TM,1748,SAROS RES,,unchanged,
TM,1749,GÖKZİRVE RES,,unchanged,
TM,1750,GAZİ-9 RES,,unchanged,
TM,1751,MAREN,,unchanged,
TM,1753,KUŞADASI RES,,unchanged,
TM,1754,PASİNLER HAVZA,,unchanged,
TM,1755,BAHRİBABA,,unchanged,
TM,1756,GÜNEY-1 RES,,unchanged,
TM,1757,VAN ARISU GES,,unchanged,
TM,1758,YENİKÖY RES,,unchanged,
TM,1759,ÖMERLİ RES,,unchanged,
TM,1760,DDY HOŞUMLU,,unchanged,
TM,1761,DDY YOZGAT,,unchanged,
TM,1762,PAZARKÖY RES,,unchanged,
TM,1763,KARTAL RES,,unchanged,
TM,1764,GAZİOSMANPAŞA RES,,unchanged,
TM,1765,SELİMİYE RES,,unchanged,
TM,1766,TAYAKADIN RES,,unchanged,
TM,1767,AFRİN (SURİYE),,updated,Rakım (m)
TM,1768,SOĞANLI RES,,unchanged,
TM,1769,NEZİHE BEREN JES,,unchanged,
TM,1770,SERTAVUL RES,,unchanged,
TM,1771,GÜRSÖĞÜT HES,,unchanged,
TM,1772,ULU RES,,unchanged,
TM,1773,ATAKALE RES,,unchanged,
TM,1774,ŞAPDAĞI RES,,updated,Rakım (m)
TM,1775,MADEN,,unchanged,
TM,1776,GÖKTEPE RES,,unchanged,
TM,1777,GEYVE RES,,unchanged,
TM,1778,İSCEHİSAR,,unchanged,
TM,1779,ALTINOVA,,unchanged,
TM,1780,AYVACIK,,unchanged,
TM,1781,TAŞPINAR RES,,unchanged,
TM,1782,BOZÜYÜK RES,,unchanged,
TM,1783,ZONGULDAK RES,,unchanged,
TM,1784,ADAPAZARI RES,,unchanged,
TM,1785,KANDIRA RES,,unchanged,
TM,1786,ŞİLE RES,,unchanged,
TM,1787,DDY PAŞALI,,unchanged,
TM,1788,FERİZLİ OSB,,unchanged,
TM,1790,YIĞILCA ÇİMENTO,,unchanged,
TM,1792,MAVİ HES,,unchanged,
TM,1793,OSMANİYE2,,unchanged,
TM,1794,ÇATALCA,,unchanged,
TM,1795,ASİLDEMİR ÇELİK,,unchanged,
TM,1796,DDY İHSANLI,,unchanged,
TM,1799,İSTAÇ BES,,unchanged,
TM,1800,BİRECİK,,unchanged,
TM,1801,DDY SİVAS,,unchanged,
TM,1802,DDY YENİYAPAN,,unchanged,
TM,1803,DDY EŞMEBAŞI,,unchanged,
TM,1804,MERZİFON,,unchanged,
TM,1805,KUZEYŞEHİR,,unchanged,
TM,1806,TAŞLICA,,unchanged,
TM,1807,ELBEYLİ,,unchanged,
TM,1808,TATVAN380 SANAL,,unchanged,
TM,1809,DALAMAN,,unchanged,
TM,1810,TUZGÖLÜ GEÇİCİ,,unchanged,
TM,1811,KINIK,,unchanged,
TM,1812,KÜTÜKLÜ GEÇİCİ,,unchanged,
TM,1813,SAMSUN2,,unchanged,
TM,1815,KAVACIK,,unchanged,
TM,1816,KARAPINAR MEKE GÖLÜ GES,,unchanged,
TM,1817,MUĞLA GÜNEY,,unchanged,
TM,1819,İSTANBUL RES,,unchanged,
TM,1820,HAREM (SURİYE),,updated,Boylam | Enlem | Rakım (m)
TM,1821,ESBAŞ,,unchanged,
TM,1822,DERYA2 HES,,unchanged,
TM,1823,BİLKENT,,unchanged,
TM,1826,TAYSEB,,unchanged,
TM,1827,GELİBOLU RES,,unchanged,
TM,1828,HAYRABOLU,,unchanged,
TM,1831,BOZOK,,unchanged,
TM,1834,MUT,,unchanged,
TM,1835,ÇOBANBEY (SURİYE),,unchanged,
TM,1836,HABAŞ BİLECİK,,unchanged,
TM,1837,ÜRGÜP,,unchanged,
TM,1838,KÖSE,,unchanged,
TM,1839,AKKUYU NGS INS,,unchanged,
TM,1840,AKKUYU NGS INS_SNL,,unchanged,
TM,1841,DEMİRCİ,,unchanged,
TM,1843,SALİHLİ OSB,,unchanged,
TM,1846,AVRUPA SERBEST BÖLGE,,unchanged,
TM,1847,KARAMAN BES,,unchanged,
TM,1848,ŞABANÖZÜ OSB,,unchanged,
TM,1849,DDY SEKİLİ,,unchanged,
TM,1850,HUNUTLU TES,,unchanged,
TM,1851,HADİM,,unchanged,
TM,1852,ÖRNEK MOBİL,,unchanged,
TM,1853,ÖRNEK SANAL,,unchanged,
TM,1854,TURHAL,,unchanged,
TM,1855,NARLIDERE,,unchanged,
TM,1856,PAMUKKALE,,unchanged,
TM,1857,KILIÇLAR GİS,,unchanged,
TM,1858,GENÇ,,unchanged,
TM,1859,PERTEK,,unchanged,
TM,1860,KAHRAMANMARAŞ OSB,,unchanged,
TM,1861,HAZAR,,unchanged,
TM,1862,MARDİN OSB,,unchanged,
TM,1863,BEŞYÜZEVLER,,unchanged,
TM,1864,KALEALTI HES-1,,unchanged,
TM,1865,KEMERBURGAZ RES,,unchanged,
TM,1866,ELEŞKİRT,,unchanged,
TM,1867,BERGAMA OSB,,unchanged,
TM,1868,DDY ULUKIŞLA,,unchanged,
TM,1869,BOZKÖY GİS,,unchanged,
TM,1870,İPEKTEPE RES,,unchanged,
TM,1871,ARHAVİ HAVZA,,unchanged,
TM,1872,DDY ÇAYDOĞAN,,unchanged,
TM,1875,MİHMANDAR,,unchanged,
TM,1876,SEYİT ONBAŞI,,unchanged,
TM,1877,KEBAN ŞALT,,unchanged,
TM,1878,ACIDERE,,unchanged,
TM,1879,ÇAKIL RES SANAL,,unchanged,
TM,1880,ÇERKEŞ RES,,unchanged,
TM,1881,DDY TUZHİSAR,,unchanged,
TM,1882,HACIBEY RES,,unchanged,
TM,1883,GÜNPINARI ÇİMENTO,,unchanged,
TM,1884,KARAKURT HAVZA,,unchanged,
TM,1886,ALPU,,unchanged,
TM,1888,ERCİYES RES,,unchanged,
TM,1889,İZNİK,,unchanged,
TM,1891,HAMSİ RES,,unchanged,
TM,1892,METAFOR RES,,unchanged,
TM,1895,UZAY OSB,,unchanged,
TM,1896,KARADENİZ DOĞALGAZ GİS,,unchanged,
TM,1897,SARISEKİ GİS,,unchanged,
TM,1898,YILFERT,,unchanged,
TM,1899,YAKAAĞZI RES,,unchanged,
TM,1900,EFELER,,unchanged,
TM,1901,MİSİS OSB,,unchanged,
TM,1902,DAĞYAKA ÇİMENTO,,unchanged,
TM,1903,EZİNE,,unchanged,
TM,1904,GÖZEBAŞI,,unchanged,
TM,1905,BOSTANCI METRO GİS,,unchanged,
TM,1906,MUDANYA,,unchanged,
TM,1907,SAPANCA,,unchanged,
TM,1908,RİZE,,unchanged,
TM,1909,KESTEL,,unchanged,
TM,1910,FRİGYA,,unchanged,
TM,1911,PAZARYERİ OSB,,unchanged,
TM,1912,KARAMÜRSEL RES,,unchanged,
TM,1913,BARTIN ÇİMENTO,,unchanged,
TM,1914,BUHARKENT OSB,,unchanged,
TM,1916,BURSA ÇİMENTO,,unchanged,
TM,1917,DDY KILIÇLAR,,unchanged,
TM,1918,TEŞVİKİYE KAĞIT,,unchanged,
TM,1928,AKHİSAR GİS,,unchanged,
TM,1931,YEŞİLIRMAK,,unchanged,
TM,1932,ANTALYA GİS,,added,
TM,1933,ARALIK,,unchanged,
TM,1939,ATAKUM,,unchanged,
TM,1942,BAĞLICA,,unchanged,
TM,1950,BESNİ OSB,,unchanged,
TM,1951,BEYDAĞI,,unchanged,
TM,1954,BİGA,,unchanged,
TM,1959,BÖRKENEK ÇİMENTO,,unchanged,
TM,1978,DERİ OSB,,unchanged,
TM,1979,DEVREK,,added,
TM,1982,DİYADİN,,added,
TM,1985,DÖŞEMEALTI,,updated,İnşa Yılı
TM,1995,ETİ BOR KIRKA,,unchanged,
TM,1998,FİKİRTEPE GİS,,added,
TM,2000,FİNANS GİS,,unchanged,
TM,2007,GÖRDES,,added,
TM,2011,GÜMÜŞHANE ÇİMENTO,,unchanged,
TM,2013,GÜZYURDU HAVZA,,unchanged,
TM,2024,HOPA,,unchanged,
TM,2025,IŞIKKENT ÇİMENTO,,unchanged,
TM,2033,KALKAN,,unchanged,
TM,2037,KARACADAĞ OSB MOBİL,,added,
TM,2039,KARAMÜRSEL (YENİ),,added,
TM,2041,KARKAMIŞ,,unchanged,
TM,2042,KARTEPE SINAİ,,unchanged,
TM,2049,KIYIK,,unchanged,
TM,2056,KOLUKISA,,unchanged,
TM,2057,KORGAN HAVZA,,unchanged,
TM,2058,KORGUN OSB,,unchanged,
TM,2063,KÜTAHYA (YENİ),,added,
TM,2066,ÖZAL,,unchanged,
TM,2069,MERAM GİS,,unchanged,
TM,2077,NALLIHAN,,unchanged,
TM,2082,ONSEKİZ MART,,unchanged,
TM,2085,ÖZALP,,unchanged,
TM,2095,PÜLÜMÜR,,unchanged,
TM,2106,SEYDİKEMER,,unchanged,
TM,2107,SEYDİŞEHİR (YENİ),,unchanged,
TM,2115,AHMETLİ,,unchanged,
TM,2118,TAŞÇILAR ÇİMENTO,,unchanged,
TM,2120,TELHAMUT,,updated,OYS ID
TM,2123,TOSB,,unchanged,
TM,2128,TÜRKELİ,,added,
TM,2131,YAKAKENT,,unchanged,
TM,2144,ZAFER,,unchanged,
TM,2147,ARPAÇAY (NAHCİVAN),,unchanged,
TM,2148,ÇANAKKALE SANAL,,unchanged,
TM,2152,ENKA KIRKLARELİ DGKÇS,,unchanged,
TM,2159,ATAHAN GES,,unchanged,
TM,2170,YUSUFELİ HES,,unchanged,
TM,2175,UĞURLU GES,,unchanged,
TM,2192,İZDEMİR ARAZİ GES,,unchanged,
TM,2198,DAMPINAR RES,,unchanged,
TM,2203,DERELİ GES,,unchanged,
TM,2217,ŞULE RES,,unchanged,
TM,2218,PELİT RES,,unchanged,
TM,2220,IŞIKLAR RES,,unchanged,
TM,2232,BEYYURDU RES,,unchanged,
TM,2236,FİNE OTEL GES,,unchanged,
TM,2239,SÖNMEZ GES,,unchanged,
TM,2245,ÖZALTIN GES,,unchanged,
TM,2266,KABAAĞAÇ JES,,unchanged,
TM,2269,KESTANEDERESİ RES,,unchanged,
TM,2272,ÇİVRİL GES,,unchanged,
TM,2279,BİSKA TEKSTİL GES,,unchanged,
TM,2281,ÇÖREKLİ GES,,unchanged,
TM,2282,AMR GES,,unchanged,
TM,2283,HARMANCIK RES,,unchanged,
TM,2284,ARMUTÇUK RES,,unchanged,
TM,2286,IHLAMUR RES,,added,
TM,2287,OVACIK RES ÇANAKKALE,,unchanged,
TM,2288,UYGAR RES,,unchanged,
TM,2291,ARTURNA RES,,added,
TM,2296,RST GES,,unchanged,
TM,2297,KADIKÖY GES,,unchanged,
TM,2298,ATARES-1 RES,,unchanged,
TM,2301,DÜZLÜK GES,,unchanged,
TM,2306,DDY CUMAOVASI,,updated,Mülkiyet
TM,2307,GÖNEN POLİMER,,unchanged,
TM,2309,TARSUS MOBİL,,removed-from-source,
TM,2310,TARSUS MOBİL SANAL,,removed-from-source,
TM,2311,ERDEMİR SANAL,,unchanged,
TM,2313,KARAMAN RES,,unchanged,
TM,2314,ATAKÖY GİS,,unchanged,
TM,2325,NARLI (YENİ),,added,
TM,2331,MORALI JES,,unchanged,
TM,2340,ŞAHİN RES,,unchanged,
TM,2344,İGA GES,,unchanged,
TM,2352,ATA RES,,unchanged,
TM,2356,ÇORUM1 RES,,unchanged,
TM,2357,ÇAYIRKÖY RES,,unchanged,
TM,2358,KARALIK RES,,unchanged,
TM,2359,SARIÇİÇEK RES,,updated,ŞALT TÜRÜ
TM,2360,MUŞ-4 RES,,unchanged,
TM,2361,ORDU-4 RES,,unchanged,
TM,2362,TTSİVASZARA GES,,unchanged,
TM,2364,SAZAK GES,,unchanged,
TM,2365,ETİBAKIR AĞRI GES,,unchanged,
TM,2374,ETİ5 GES,,unchanged,
TM,2380,SİVAS RES,,unchanged,
TM,2388,DİANA OTEL GES,,unchanged,
TM,2389,ATARES-2 RES,,unchanged,
TM,2390,SELYERİ BAKIR,,updated,Boylam | Enlem
TM,2397,GÜMÜŞPINAR FERROKROM,,unchanged,
TM,2401,HALKALI GİS,,unchanged,
TM,2404,KIZILCAHAMAM,,unchanged,
TM,2405,SARAYKÖY MOBİL TM-1,,unchanged,
TM,2406,SARAYKÖY MOBİL TM-2,,unchanged,
TM,2407,SARAYKÖY SANAL 2,,unchanged,
TM,2412,SARAYKÖY SANAL 1,,unchanged,
TM,2413,ERZİN 2 GES,,unchanged,
TM,2415,DDY KARASAR,,unchanged,
TM,2416,DDY YENİKANGAL,,unchanged,
TM,2417,DDY SARIDEMİR,,unchanged,
TM,2418,YUKARIBURNAZ GES,,unchanged,
TM,2420,ETİ BAKIR2 GES,,unchanged,
TM,2428,GULSANGES,,added,
TM,2454,BİM AĞRI GES,,added,
TM,2501,POLATELİ OSB MOBİL TM,,unchanged,
TM,2502,POLATELİ OSB SANAL,,unchanged,
TM,2503,KARAMÜRSEL (YENİ),,removed-from-source,
TM,2505,ESKİŞEHİR MOBİL,,unchanged,
TM,2506,ALPASLAN1 HES,,unchanged,
TM,2509,RST GES SANAL,,unchanged,
TM,2510,KÜTÜKLÜ SANAL,,unchanged,
TM,2512,MENEKŞE RES,,unchanged,
TM,2513,DÖRTYOL,,unchanged,
TM,2517,OSMANELİ ÇELİK,,unchanged,
TM,2518,YENİ RES,,unchanged,
TM,2519,GEÇİCİ KARADENİZ EREĞLİ,,unchanged,
TM,2520,KARLICA RES,,unchanged,
TM,2521,DDY BOĞAZKÖPRÜ 2,,unchanged,
TM,2522,ÇORLU,,updated,Adı | OYS ID | Rakım (m) | Rumuz | İnşa Yılı | ŞALT TÜRÜ
TM,2523,ŞEHİTKAMİL OSB 154 SANAL,,unchanged,
TM,2524,OBA MOBİL,,unchanged,
TM,2525,OBA SANAL,,unchanged,
TM,2527,GÜNEŞLİ,,unchanged,
TM,2528,KÖPRÜBAŞI MADEN,,unchanged,
TM,2529,HACIHIDIRLAR RES,,unchanged,
TM,2532,YALIKAVAK MOBİL,,unchanged,
TM,2534,YALIKAVAK SANAL,,unchanged,
TM,2535,YAYLAKÖY MOBİL,,unchanged,
TM,2536,YAYLAKÖY SANAL,,unchanged,
TM,2537,KIRTEPE MADEN,,unchanged,
TM,2538,MERSİN1 GİS,,unchanged,
TM,2539,TUFANBEYLİ,,unchanged,
TM,2540,YUMURTALIK DEMİRÇELİK GİS,,unchanged,
TM,2541,AYBASTI RES,,unchanged,
TM,2542,ASELSAN MOBİL,,unchanged,
TM,2544,TAKSAN SANAL,,unchanged,
TM,2545,NİZİP OSB MOBİL,,unchanged,
TM,2546,NİZİP OSB SANAL,,unchanged,
TM,2547,ŞEKERSU RES,,unchanged,
TM,2548,ACIBADEM ESKİŞEHİR GES,,unchanged,
TM,2549,SİLOPİ TES SANAL,,unchanged,
TM,2550,SULTANİYE GES,,added,
TM,2552,G24- MALATYA GES,,added,
TM,2555,ÇUMRA GES,,added,
TM,2570,OYÇİM GES,,unchanged,
TM,2589,RASA MEDT,,added,
TM,2604,TAŞÇILAR SANAL,,unchanged,
TM,2659,MALKARA,,unchanged,
TM,2660,HOŞHABER DGES,,unchanged,
TM,2662,OVACIK SANAL,,removed-from-source,
TM,2664,AKKUYU NGS GİS SANAL,,unchanged,
TM,2665,AKKUYU NGS GİS,,unchanged,
TM,2666,ALCI OSB MOBİL,,unchanged,
TM,2667,ALCI OSB SANAL,,unchanged,
TM,2668,NARLI MOBİL SANAL,,removed-from-source,
TM,2669,KADİRLİ OSB,,updated,İli
TM,2670,MORSAN SANAL,,removed-from-source,
TM,2671,HORASAN GES,,unchanged,
TM,2672,BAYRAMİÇ BAKIR,,unchanged,
TM,2673,DÖŞEMEALTI SANAL,,unchanged,
TM,2674,TARSUS OSB,,updated,İnşa Yılı
TM,2675,DDY KARAMEHMET,,added,
TM,2676,DDY ALPULLU,,added,
TM,2677,ELMACIK RES,,added,
TM,2678,ELMACIK RES SANAL,,added,
TM,2679,SARMADA (SURİYE),,added,
TM,2683,YENİ DGES,,added,
TM,2684,KARAHİSAR SANAL,,added,
TM,2685,KARAHİSAR MOBİL,,added,
TM,2686,GÜMRİ (ERMENİSTAN),,added,
TM,2687,TOSYALI OSMANİYE GES,,added,
TM,2689,MUĞLA GÜNEY SANAL,,added,
TM,2690,ŞÖNT TAŞUCU SANAL,,added,
TM,2691,ŞÖNT ERDEMLİ SANAL,,added,
TM,2692,LALAPAŞA ÇİMENTO,,added,
TM,2693,GELGİT RES,,added,
TM,2694,KARACADAĞ OSB SANAL,,added,
TM,2695,KIRKLARELİ OSB,,added,
TM,2696,KROMANÇELİK GİS,,added,
TM,2697,DDY YENİŞEHİR,,added,
Bara,3140,400 B-1,DAVUTPAŞA,unchanged,
Bara,3141,154 B-1,DAVUTPAŞA,unchanged,
Bara,3142,154 B-2,DAVUTPAŞA,unchanged,
Bara,3143,400 B-1,KÖYLÜKÖY,unchanged,
Bara,3144,TR-A,DAVUTPAŞA,unchanged,
Bara,3146,TR-1,DAVUTPAŞA,unchanged,
Bara,3147,154 B-1,KÖYLÜKÖY,unchanged,
Bara,3148,TR-4,DAVUTPAŞA,unchanged,
Bara,3150,400 B-1B,YILDIZTEPE,unchanged,
Bara,3151,154 B-1,DODAN,unchanged,
Bara,3152,TR,DODAN,unchanged,
Bara,3153,154 B-1,AYANCIK,unchanged,
Bara,3154,154 B-1,SİNOP,unchanged,
Bara,3155,TR-A,SİNOP,unchanged,
Bara,3156,154 B-1,ERZURUM,unchanged,
Bara,3157,400 B-1,ILICA ZEKİ GÜRGEN,unchanged,
Bara,3158,154 B-1,ILICA ZEKİ GÜRGEN,unchanged,
Bara,3159,154 B-1,ERZİNCAN,unchanged,
Bara,3160,400 B-2,ILICA ZEKİ GÜRGEN,unchanged,
Bara,3161,400 B-T,ILICA ZEKİ GÜRGEN,unchanged,
Bara,3162,154 B-2,ILICA ZEKİ GÜRGEN,unchanged,
Bara,3164,154 B-1,ERGAN,unchanged,
Bara,3165,154 B-2,ERGAN,unchanged,
Bara,3166,154 B-1,KUZGUN HES,unchanged,
Bara,3167,154 B-2,KUZGUN HES,unchanged,
Bara,3168,154 B-1,BAYBURT,unchanged,
Bara,3169,154 B-1,GÜMÜŞHANE,unchanged,
Bara,3170,154 B-1,AŞKALE,unchanged,
Bara,3171,154 B-1,AĞRI1,unchanged,
Bara,3172,400 B-1,AĞRI2,unchanged,
Bara,3173,154 B-1,AĞRI2,unchanged,
Bara,3174,154 B-2,AĞRI2,unchanged,
Bara,3175,154 B-1,DOĞUBAYAZIT,unchanged,
Bara,3176,TR-B,SİNOP,unchanged,
Bara,3177,154 B-T,DOĞUBAYAZIT,unchanged,
Bara,3178,154 B-1,HINIS,unchanged,
Bara,3179,154 B-1,HORASAN,unchanged,
Bara,3180,154 B-1,IĞDIR,unchanged,
Bara,3181,TR-A,DOĞUBAYAZIT,unchanged,
Bara,3183,154 B-1,REFAHİYE,unchanged,
Bara,3184,154 B-1,TERCAN,unchanged,
Bara,3186,TR-A,ILICA ZEKİ GÜRGEN,unchanged,
Bara,3187,154 B-1,AŞKALE ÇİMENTO,unchanged,
Bara,3188,154 B-1,KARS,unchanged,
Bara,3189,TR-B,ILICA ZEKİ GÜRGEN,unchanged,
Bara,3194,154 B-1,ERCİŞ,unchanged,
Bara,3195,154 B-T,ERCİŞ,unchanged,
Bara,3196,154 B-1,ADİLCEVAZ,unchanged,
Bara,3197,TR-A,ERZURUM,unchanged,
Bara,3198,154 B-1,VAN2,unchanged,
Bara,3199,154 B-2,VAN2,unchanged,
Bara,3200,TR-B,ERZURUM,unchanged,
Bara,3201,154 B-T,VAN2,unchanged,
Bara,3202,400 B-1,İSTANBUL F.OİL DGKÇ (B),unchanged,
Bara,3203,TR-A,ERZİNCAN,unchanged,
Bara,3206,154 B-1,BAFRA,unchanged,
Bara,3207,TR-A,ERGAN,unchanged,
Bara,3208,400 B-1,BAŞKALE,unchanged,
Bara,3209,154 B-1,BAŞKALE,unchanged,
Bara,3210,154 B-1,BAĞIŞLI,unchanged,
Bara,3211,154 B-1,HAKKARİ,unchanged,
Bara,3212,154 B-2,HAKKARİ,unchanged,
Bara,3213,154 B-1,TATVAN,unchanged,
Bara,3214,154 B-1,MUŞ,unchanged,
Bara,3215,TR-A,KUZGUN HES,unchanged,
Bara,3217,TR-A-B,AYANCIK,unchanged,
Bara,3218,TR-A,BAYBURT,unchanged,
Bara,3219,154 B-1,PATNOS,unchanged,
Bara,3220,TR-A,GÜMÜŞHANE,unchanged,
Bara,3221,154 B-1,NARİNKALE HAVZA,unchanged,
Bara,3222,154 B-2,NARİNKALE HAVZA,unchanged,
Bara,3223,154 B-1,AKSU YEDİGÖL HES,unchanged,
Bara,3224,TR-A,AŞKALE,unchanged,
Bara,3225,154 B-1,MURADİYE HES,unchanged,
Bara,3226,TR-A-B,AĞRI1,unchanged,
Bara,3227,154DOĞU B-1A,İSTANBUL F.OİL DGKÇ (B),unchanged,
Bara,3228,154DOĞU B-1B,İSTANBUL F.OİL DGKÇ (B),unchanged,
Bara,3229,TR-A,AĞRI2,unchanged,
Bara,3233,TR-A-B,HINIS,unchanged,
Bara,3234,TR-A,HORASAN,unchanged,
Bara,3235,154 B-1,AMBARLI TM,unchanged,
Bara,3236,154 B-1,GÜLLÜBAĞ HES,unchanged,
Bara,3238,154 B-1,ARDEŞEN,unchanged,
Bara,3239,TR-A,REFAHİYE,unchanged,
Bara,3242,TR-A,TERCAN,unchanged,
Bara,3243,TR-B,TERCAN,unchanged,
Bara,3245,TR-A,KARS,unchanged,
Bara,3246,400 B-1,ÜMRANİYE,unchanged,
Bara,3247,154 B-1,ÇILDIR HES,unchanged,
Bara,3248,TR-B,KARS,unchanged,
Bara,3249,TR-A,ERCİŞ,unchanged,
Bara,3253,400 B-1,TEPEÖREN,unchanged,
Bara,3254,154 B-1,OLTU,unchanged,
Bara,3255,TR-A-B,ADİLCEVAZ,unchanged,
Bara,3257,154 B-1,ÜMRANİYE,unchanged,
Bara,3259,154 B-2,ÜMRANİYE,unchanged,
Bara,3260,154 B-1A,TEPEÖREN,unchanged,
Bara,3262,TR-A,VAN2,unchanged,
Bara,3264,154 B-1B,TEPEÖREN,unchanged,
Bara,3265,TR-A,ÜMRANİYE,unchanged,
Bara,3266,TR-B,VAN2,unchanged,
Bara,3268,154 B-1,MURATLI HES,unchanged,
Bara,3269,TR-B,ÜMRANİYE,unchanged,
Bara,3271,TR-A,TEPEÖREN,unchanged,
Bara,3272,154 B-2,MURATLI HES,unchanged,
Bara,3273,TR-B,TEPEÖREN,unchanged,
Bara,3274,TR-E,ÜMRANİYE,unchanged,
Bara,3275,400 B-1,BORÇKA HES,unchanged,
Bara,3276,TR-F,ÜMRANİYE,unchanged,
Bara,3277,TR-C,TEPEÖREN,unchanged,
Bara,3278,TR-A,BAŞKALE,unchanged,
Bara,3279,TR-D,TEPEÖREN,unchanged,
Bara,3280,400 B-2,BORÇKA HES,unchanged,
Bara,3282,TR-A,BAĞIŞLI,unchanged,
Bara,3283,154 B-1,BORÇKA HES,unchanged,
Bara,3284,154 B-2,BORÇKA HES,unchanged,
Bara,3285,TR-A,HAKKARİ,unchanged,
Bara,3287,TR-A-B,TATVAN,unchanged,
Bara,3288,154 B-1,İYİDERE,unchanged,
Bara,3289,400 B-1,PAŞAKÖY,unchanged,
Bara,3291,400 B-1,ADAPAZARI,unchanged,
Bara,3292,154 B-1,PAŞAKÖY,unchanged,
Bara,3293,TR-A,MUŞ,unchanged,
Bara,3295,154 B-1B,ADAPAZARI,unchanged,
Bara,3296,154 B-2,PAŞAKÖY,unchanged,
Bara,3297,154 B-1A,ADAPAZARI,unchanged,
Bara,3298,TR-A,ADAPAZARI,unchanged,
Bara,3299,154 B-1,ÇAYELİ,unchanged,
Bara,3300,TR-A,PAŞAKÖY,unchanged,
Bara,3301,TR-B,ADAPAZARI,unchanged,
Bara,3302,TR-A,PATNOS,unchanged,
Bara,3303,TR-B,PAŞAKÖY,unchanged,
Bara,3305,400 B-1,ADA1 DGKÇS,unchanged,
Bara,3306,TR-B,PATNOS,unchanged,
Bara,3307,400 B-1,ADA2 DGKÇS,unchanged,
Bara,3308,TR-A,KÖYLÜKÖY,unchanged,
Bara,3310,154 B-1,HYUNDAI,unchanged,
Bara,3312,TR-A-B,HYUNDAI,unchanged,
Bara,3313,400 B-1,BURSA DGKÇS,unchanged,
Bara,3314,TR-A,NARİNKALE HAVZA,unchanged,
Bara,3315,154 B-1,BALIKESİR,unchanged,
Bara,3316,154 B-1,YUKARI MANAHOZ,unchanged,
Bara,3317,154 B-1,SARMAŞIK1-2 HES,unchanged,
Bara,3318,TR-A,BALIKESİR,unchanged,
Bara,3319,154 B-1,ACARSOY ENERJİ,unchanged,
Bara,3320,TR-B,NARİNKALE HAVZA,unchanged,
Bara,3321,154 B-1,ERENLER HES,unchanged,
Bara,3322,154 B-1A,BURSA DGKÇS,unchanged,
Bara,3323,154 B-1B,BURSA DGKÇS,unchanged,
Bara,3325,154 B-1,BALIKESİR SEKA,unchanged,
Bara,3326,400 B-1,BURSA SANAYİ,unchanged,
Bara,3327,TR-A,AKSU YEDİGÖL HES,unchanged,
Bara,3328,154 B-1,CEVİZLİK HES,unchanged,
Bara,3329,154 B-1A,BURSA SANAYİ,unchanged,
Bara,3330,154 B-1A,SELİMİYE,unchanged,
Bara,3332,400 B-1,ADANA,unchanged,
Bara,3333,TR-C-D,BALIKESİR SEKA,unchanged,
Bara,3334,154 B-1B,BURSA SANAYİ,unchanged,
Bara,3335,TR-A,MURADİYE HES,unchanged,
Bara,3336,TR-B,BALIKESİR SEKA,unchanged,
Bara,3337,154 B-1,ACIPAYAM,unchanged,
Bara,3338,TR-A,BURSA SANAYİ,unchanged,
Bara,3339,154 B-1B,SELİMİYE,unchanged,
Bara,3340,154 B-1,BANDIRMA,unchanged,
Bara,3341,TR-B,BURSA SANAYİ,unchanged,
Bara,3342,TR-C,BURSA SANAYİ,unchanged,
Bara,3343,TR-A-B,BANDIRMA,unchanged,
Bara,3344,TR-C,SELİMİYE,unchanged,
Bara,3345,TR-A,ACIPAYAM,unchanged,
Bara,3346,TR-A,SELİMİYE,unchanged,
Bara,3347,154 B-1,ADIGÜZEL HES,unchanged,
Bara,3348,TR-B,SELİMİYE,unchanged,
Bara,3349,154 B-1,MANYAS,unchanged,
Bara,3351,TR-3,ADIGÜZEL HES,unchanged,
Bara,3352,154 B-1A,GÖZTEPE,unchanged,
Bara,3353,154 B-1,YOKUŞLU HES,unchanged,
Bara,3354,154 B-1B,GÖZTEPE,unchanged,
Bara,3355,TR-AB,ARDEŞEN,unchanged,
Bara,3356,154 B-1,ADANA,unchanged,
Bara,3357,400 B-1,AFYON2,unchanged,
Bara,3358,TR-D,BURSA SANAYİ,unchanged,
Bara,3359,TR-C,GÖZTEPE,unchanged,
Bara,3360,TR-J,BURSA SANAYİ,unchanged,
Bara,3361,TR-B,MANYAS,unchanged,
Bara,3362,154 B-1A,AFYON2,unchanged,
Bara,3363,TR-A,GÖZTEPE,unchanged,
Bara,3365,TR-A,AFYON2,unchanged,
Bara,3366,TR-A,MANYAS,unchanged,
Bara,3367,TR-B,GÖZTEPE,unchanged,
Bara,3368,154 B-1,ÇAYKARA HAVZA,unchanged,
Bara,3370,TR-B,AFYON2,unchanged,
Bara,3372,TR-G,BURSA SANAYİ,unchanged,
Bara,3374,400 B-1,KÜÇÜKBAKKALKÖY,unchanged,
Bara,3378,154 B-2,ADANA,unchanged,
Bara,3381,154 B-1,KÜÇÜKBAKKALKÖY,unchanged,
Bara,3383,154 B-2,MANYAS,unchanged,
Bara,3384,TR-F,BURSA SANAYİ,unchanged,
Bara,3385,TR-A,ÇILDIR HES,unchanged,
Bara,3388,TR-H-I,BURSA SANAYİ,unchanged,
Bara,3389,TR-E,BURSA SANAYİ,unchanged,
Bara,3391,TR-K,BURSA SANAYİ,unchanged,
Bara,3393,154 B-2,KÜÇÜKBAKKALKÖY,unchanged,
Bara,3394,154 B-1,ÇANAKKALE,unchanged,
Bara,3395,400 B-1,GÜRAĞAÇ,unchanged,
Bara,3396,TR-A,KÜÇÜKBAKKALKÖY,unchanged,
Bara,3397,TR-A,ÇANAKKALE,unchanged,
Bara,3398,154 B-1,GÜRAĞAÇ,unchanged,
Bara,3400,TR-B,KÜÇÜKBAKKALKÖY,unchanged,
Bara,3401,TR-A,GÜRAĞAÇ,unchanged,
Bara,3402,A-TR-1,KÜÇÜKBAKKALKÖY,unchanged,
Bara,3403,154 B-1,ÇANAKKALE ÇİMENTO,unchanged,
Bara,3404,B-TR-3,KÜÇÜKBAKKALKÖY,unchanged,
Bara,3405,154 B-1,TUNÇBİLEK A TES,unchanged,
Bara,3407,TR-B,ÇANAKKALE ÇİMENTO,unchanged,
Bara,3408,154 B-1,BÜYÜKBAKKALKÖY,unchanged,
Bara,3410,TR-A,TUNÇBİLEK A TES,unchanged,
Bara,3411,154 B-2,BÜYÜKBAKKALKÖY,unchanged,
Bara,3412,TR-C,ÇANAKKALE ÇİMENTO,unchanged,
Bara,3413,TR-B,BÜYÜKBAKKALKÖY,unchanged,
Bara,3415,TR-A,BÜYÜKBAKKALKÖY,unchanged,
Bara,3416,154 B-1,TUNÇBİLEK B TES,unchanged,
Bara,3418,400 B-1,ERZİN,unchanged,
Bara,3421,154 B-1A,ERZİN,unchanged,
Bara,3422,154 B-1,AKORSAN,unchanged,
Bara,3424,154 B-TA,ERZİN,unchanged,
Bara,3425,154 B-T,AKORSAN,unchanged,
Bara,3426,TR-A,AKORSAN,unchanged,
Bara,3427,TR-B,AKORSAN,unchanged,
Bara,3428,TR-A-B,OLTU,unchanged,
Bara,3430,400 B-1,AKSA ANTALYA 380,unchanged,
Bara,3434,TR-A,BORÇKA HES,unchanged,
Bara,3436,TR-A,İYİDERE,unchanged,
Bara,3439,TR-AB,ÇAYELİ,unchanged,
Bara,3440,154 B-1,SOĞANLIK,unchanged,
Bara,3442,154 B-1A,ÇAN TES,unchanged,
Bara,3443,154 B-2,SOĞANLIK,unchanged,
Bara,3445,TR-A,SOĞANLIK,unchanged,
Bara,3446,154 B-1,ANTAKYA2,unchanged,
Bara,3447,TR-A,YUKARI MANAHOZ,unchanged,
Bara,3448,TR-B,SOĞANLIK,unchanged,
Bara,3452,TR-A,SARMAŞIK1-2 HES,unchanged,
Bara,3456,154 B-1,GÖBEL,unchanged,
Bara,3458,TR-B,ANTAKYA2,unchanged,
Bara,3459,TR-A,GÖBEL,unchanged,
Bara,3460,TR-B,GÖBEL,unchanged,
Bara,3461,154 B-1,GÖNEN,unchanged,
Bara,3462,TR-A,GÖNEN,unchanged,
Bara,3463,TR-A,UZUNDERE1 HES,unchanged,
Bara,3464,154 B-1,ADIYAMAN,unchanged,
Bara,3465,154 B-T,ADIYAMAN,unchanged,
Bara,3466,TR-A,ADIYAMAN,unchanged,
Bara,3467,TR-B,ADIYAMAN,unchanged,
Bara,3468,154 B-1,ADIYAMAN ÇİMENTO,unchanged,
Bara,3470,TR-A,ADIYAMAN ÇİMENTO,unchanged,
Bara,3471,TR-B,ADIYAMAN ÇİMENTO,unchanged,
Bara,3472,154 B-1,ADIYAMAN GÖLBAŞI,unchanged,
Bara,3473,TR-A-B,ADIYAMAN GÖLBAŞI,unchanged,
Bara,3474,154 B-1,AKÇAKALE,unchanged,
Bara,3475,154 B-1,ERDEK,unchanged,
Bara,3476,TR-A-B,ERDEK,unchanged,
Bara,3477,154 B-1,ALTINOLUK,unchanged,
Bara,3478,154 B-2,ALTINOLUK,unchanged,
Bara,3479,TR-A,ALTINOLUK,unchanged,
Bara,3480,400 B-1,İÇDAŞ,unchanged,
Bara,3481,154 B-1,İÇDAŞ,unchanged,
Bara,3482,TR-B,İÇDAŞ,unchanged,
Bara,3483,154 B-1,BANDIRMA RES,updated,Trafo Merkezi
Bara,3484,TR-A,BANDIRMA RES,updated,Trafo Merkezi
Bara,3485,154 B-1,EDREMİT,unchanged,
Bara,3486,TR-A,EDREMİT,unchanged,
Bara,3487,154 B-1,BİGADİÇ,unchanged,
Bara,3488,TR-A,BİGADİÇ,unchanged,
Bara,3489,154 B-1,DURSUNBEY,unchanged,
Bara,3490,TR-A,DURSUNBEY,unchanged,
Bara,3491,154 B-1,MANİSA SALİH KOCABEKİR,unchanged,
Bara,3492,TR-1,MANİSA SALİH KOCABEKİR,unchanged,
Bara,3493,400 B-1,SOMA B TES,unchanged,
Bara,3494,154 B-1,SOMA B TES,unchanged,
Bara,3495,TR-3,SOMA B TES,unchanged,
Bara,3501,154 B-1,ALAŞEHİR,unchanged,
Bara,3502,TR-B,ALAŞEHİR,unchanged,
Bara,3504,154 B-1,AYVALIK,unchanged,
Bara,3505,TR-A-B,AYVALIK,unchanged,
Bara,3506,154 B-1,BERGAMA,unchanged,
Bara,3507,TR-A,BERGAMA,unchanged,
Bara,3508,154 B-1,DEMİRKÖPRÜ HES,unchanged,
Bara,3509,TR-4,DEMİRKÖPRÜ HES,unchanged,
Bara,3510,154 B-1,SALİHLİ,unchanged,
Bara,3511,154 B-2,SALİHLİ,unchanged,
Bara,3512,TR-A,SALİHLİ,unchanged,
Bara,3513,154 B-1,DERBENT,unchanged,
Bara,3514,TR-A,DERBENT,unchanged,
Bara,3515,TR-A,AKÇAKALE,unchanged,
Bara,3517,154 B-1,ALKUMRU HES,unchanged,
Bara,3524,154 B-1,AKŞEHİR,unchanged,
Bara,3525,154 B-T,AKŞEHİR,unchanged,
Bara,3526,TR-A,ÇAYKARA HAVZA,unchanged,
Bara,3527,TR-A,AKŞEHİR,unchanged,
Bara,3528,TR-B,AKŞEHİR,unchanged,
Bara,3529,TR-C,ANTAKYA2,unchanged,
Bara,3530,154 B-1,AKSEKİ,unchanged,
Bara,3531,400 DOĞU B-1,ATATÜRK HES,unchanged,
Bara,3533,154 B-T,AKSEKİ,unchanged,
Bara,3535,154 B-1,ATATÜRK HES,unchanged,
Bara,3536,154 B-1A,HATAY,unchanged,
Bara,3537,TR-A1,ATATÜRK HES,unchanged,
Bara,3538,154 B-1,ALANYA,unchanged,
Bara,3539,154 B-T,ALANYA,unchanged,
Bara,3540,TR-A,HATAY,unchanged,
Bara,3542,TR-2,İÇDAŞ,unchanged,
Bara,3543,TR-A,ALANYA,unchanged,
Bara,3544,TR-B,HATAY,unchanged,
Bara,3545,TR-B,ALANYA,unchanged,
Bara,3546,154 B-1,BATMAN1,unchanged,
Bara,3548,154 B-1,ALARA,unchanged,
Bara,3549,154 B-1,ASLANTAŞ HES,unchanged,
Bara,3550,154 B-2,ALARA,unchanged,
Bara,3553,TR-1,ALARA,unchanged,
Bara,3554,154 B-1,BAHÇE,unchanged,
Bara,3555,154 B-1,SARUHANLI,unchanged,
Bara,3556,154 B-2,SARUHANLI,unchanged,
Bara,3557,154 B-1,KARTAL GİS,unchanged,
Bara,3558,TR-A-B,BAHÇE,unchanged,
Bara,3559,TR-A,KARTAL GİS,unchanged,
Bara,3560,TR-A,SARUHANLI,unchanged,
Bara,3561,154 B-1A,ANTALYA SERBEST BÖLGE,unchanged,
Bara,3562,TR-B,SARUHANLI,unchanged,
Bara,3563,400 B-1,SEYİTÖMER TES,unchanged,
Bara,3564,154 B-1,BERKE HES,unchanged,
Bara,3565,TR-B,KARTAL GİS,unchanged,
Bara,3566,154 B-1,SEYİTÖMER TES,unchanged,
Bara,3567,TR-6,SEYİTÖMER TES,unchanged,
Bara,3568,154 B-2,BERKE HES,unchanged,
Bara,3569,154 B-1,KAPIDAĞ RES,unchanged,
Bara,3570,TR-A,KAPIDAĞ RES,unchanged,
Bara,3571,TR-A,ANTALYA SERBEST BÖLGE,unchanged,
Bara,3572,154 B-1,KARSAK,unchanged,
Bara,3573,TR-A,BERKE HES,unchanged,
Bara,3574,154 B-1,KUYUCAK RES,unchanged,
Bara,3575,TR-B,ANTALYA SERBEST BÖLGE,unchanged,
Bara,3577,154 B-1,CEYHAN1,unchanged,
Bara,3578,TR-A,KARSAK,unchanged,
Bara,3579,TR-B,KARSAK,updated,Gerilim (kV)
Bara,3580,TR-1,KUYUCAK RES,unchanged,
Bara,3581,154 B-1,AS ÇİMENTO,unchanged,
Bara,3582,TR-C,KARSAK,unchanged,
Bara,3583,TR-2,CEYHAN1,unchanged,
Bara,3584,154 B-2,AS ÇİMENTO,unchanged,
Bara,3585,TR-C,BATMAN1,unchanged,
Bara,3586,154 B-1,GEMLİK,unchanged,
Bara,3587,TR-A,AS ÇİMENTO,unchanged,
Bara,3588,154 B-1,ENERJİSA ÇANAKKALE RES,unchanged,
Bara,3589,TR-1,CEYHAN1,unchanged,
Bara,3590,400 B-1,BATMAN2,unchanged,
Bara,3591,154 B-2,ENERJİSA ÇANAKKALE RES,unchanged,
Bara,3593,TR-B,AS ÇİMENTO,unchanged,
Bara,3594,TR-A,GEMLİK,unchanged,
Bara,3595,154 B-1,BATMAN2,unchanged,
Bara,3596,TR-3,ENERJİSA ÇANAKKALE RES,unchanged,
Bara,3597,TR-C,AS ÇİMENTO,unchanged,
Bara,3598,TR-4,ENERJİSA ÇANAKKALE RES,unchanged,
Bara,3600,TR-D,GEMLİK,unchanged,
Bara,3601,TR-C,GEMLİK,unchanged,
Bara,3603,154 B-1,İNTEPE RES,unchanged,
Bara,3604,154 B-2,İNTEPE RES,unchanged,
Bara,3605,TR-5,BATMAN2,unchanged,
Bara,3607,TR-1,İNTEPE RES,unchanged,
Bara,3608,154 B-1,ORHANGAZİ,unchanged,
Bara,3609,TR-6,BATMAN2,unchanged,
Bara,3610,TR-A (TR-2),ORHANGAZİ,unchanged,
Bara,3611,154 B-1,ŞAMLI RES,unchanged,
Bara,3612,TR-B (TR-1),ORHANGAZİ,unchanged,
Bara,3613,154 B-1,CEYHAN2,unchanged,
Bara,3615,154 B-1,BATMAN HES,unchanged,
Bara,3616,154 B-1,TUZLA,unchanged,
Bara,3617,TR-1,ŞAMLI RES,unchanged,
Bara,3618,154 B-1,OTOSANSİT,unchanged,
Bara,3619,TR-A,TUZLA,unchanged,
Bara,3620,TR-A,CEYHAN2,unchanged,
Bara,3621,154 B-2,OTOSANSİT,unchanged,
Bara,3622,TR,BATMAN HES,unchanged,
Bara,3623,154 B-1,SAYALAR RES,unchanged,
Bara,3624,TR-B,TUZLA,unchanged,
Bara,3625,TR-A,SAYALAR RES,unchanged,
Bara,3627,TR-A,OTOSANSİT,unchanged,
Bara,3628,154 B-1,ÇAMSEKİ RES,unchanged,
Bara,3629,TR-A,ÇAMSEKİ RES,unchanged,
Bara,3630,154 B-1,DÜZOVA RES,unchanged,
Bara,3631,154 B-1,CİHADİYE,unchanged,
Bara,3633,154 B-1,BELKIS,unchanged,
Bara,3634,TR-A-B,DÜZOVA RES,unchanged,
Bara,3635,154 B-1,KROMAN ÇELİK,unchanged,
Bara,3636,TR-A,BELKIS,unchanged,
Bara,3638,TR-A,KROMAN ÇELİK,unchanged,
Bara,3639,400 B-1,SOMA RES,unchanged,
Bara,3640,TR-A,CİHADİYE,unchanged,
Bara,3641,154 B-1,BARLA,unchanged,
Bara,3642,TR-B,OTOSANSİT,unchanged,
Bara,3643,TR-1,SOMA RES,unchanged,
Bara,3644,154 B-1,BİNGÖL,unchanged,
Bara,3645,154 B-1,İKİZLER,unchanged,
Bara,3646,154 B-T,BARLA,unchanged,
Bara,3647,TR-B,KROMAN ÇELİK,unchanged,
Bara,3648,TR-A,BİNGÖL,unchanged,
Bara,3649,TR-A-B,BARLA,unchanged,
Bara,3650,400 B-1,BANDIRMA DGKÇS 1,unchanged,
Bara,3651,154 B-1,BEYŞEHİR,unchanged,
Bara,3652,154 B-T,İKİZLER,unchanged,
Bara,3653,154 B-2,BEYŞEHİR,unchanged,
Bara,3654,154 B-1,BANDIRMA 3 RES,unchanged,
Bara,3655,TR-B,İKİZLER,unchanged,
Bara,3656,400 B-1,BİRECİK HES,unchanged,
Bara,3658,TR-A,BEYŞEHİR,unchanged,
Bara,3659,154 B-2,BANDIRMA 3 RES,unchanged,
Bara,3661,TR-A,BANDIRMA 3 RES,unchanged,
Bara,3662,154 B-1,BİRECİK HES,unchanged,
Bara,3663,154 B-1,SOMA 1 RES,unchanged,
Bara,3664,TR-B,BEYŞEHİR,unchanged,
Bara,3666,TR-A,SOMA 1 RES,unchanged,
Bara,3668,154 B-1,BOZKURT,unchanged,
Bara,3669,154 B-T,BOZKURT,unchanged,
Bara,3670,154 B-1,İSKENDERUN1,unchanged,
Bara,3671,TR-1,BOZKURT,unchanged,
Bara,3672,400 B-1,BEKİRLİ TES,unchanged,
Bara,3674,TR-2,BOZKURT,unchanged,
Bara,3675,TR-1,BEKİRLİ TES,unchanged,
Bara,3678,154 B-1,BUCAK,unchanged,
Bara,3680,154 B-1,SOMA 2 RES,unchanged,
Bara,3682,154 B-T,BUCAK,unchanged,
Bara,3685,TR-A,SOMA 2 RES,unchanged,
Bara,3690,154 B-1,YARDIMCI,unchanged,
Bara,3691,154 B-1,BURDUR,unchanged,
Bara,3692,154 B-T,BURDUR,unchanged,
Bara,3693,154 B-1,BALIKESİR RES,unchanged,
Bara,3694,TR-A,YARDIMCI,unchanged,
Bara,3695,TR-1,BALIKESİR RES,unchanged,
Bara,3698,154 B-1,BİSMİL1,unchanged,
Bara,3699,TR-A,BİSMİL1,unchanged,
Bara,3701,154 B-1A,ÇOLAKOĞLU,unchanged,
Bara,3703,154 B-1B,ÇOLAKOĞLU,unchanged,
Bara,3704,154 B-1,YILDIRIM,unchanged,
Bara,3706,TR-B,ÇOLAKOĞLU,unchanged,
Bara,3707,TR-D-G,ÇOLAKOĞLU,unchanged,
Bara,3710,TR-A,İSKENDERUN1,unchanged,
Bara,3712,154 B-1,ÇIRÇIP,unchanged,
Bara,3713,154 B-1,BALIKESİR OSB,unchanged,
Bara,3715,TR-A,YILDIRIM,unchanged,
Bara,3716,TR-B,ÇIRÇIP,unchanged,
Bara,3718,154 B-2,BALIKESİR OSB,unchanged,
Bara,3719,TR-B,YILDIRIM,unchanged,
Bara,3722,TR-A,BALIKESİR OSB,unchanged,
Bara,3723,154 B-1,BOSEN,unchanged,
Bara,3724,154 B-1,SARES RES,unchanged,
Bara,3725,TR-A,SARES RES,unchanged,
Bara,3726,TR-A,BOSEN,unchanged,
Bara,3727,TR-P-R,ÇOLAKOĞLU,unchanged,
Bara,3728,TR-B,BOSEN,unchanged,
Bara,3729,154 B-1,ŞAH RES,unchanged,
Bara,3731,TR-C,BOSEN,unchanged,
Bara,3732,TR-D,BOSEN,unchanged,
Bara,3733,154 B-1,ÇAĞÇAĞ,unchanged,
Bara,3734,154 B-1,SEYHAN HES,unchanged,
Bara,3735,TR-1,ŞAH RES,unchanged,
Bara,3736,TR-E,BOSEN,unchanged,
Bara,3737,154 B-1,İÇMELER,unchanged,
Bara,3739,154 B-1,SUSURLUK RES,unchanged,
Bara,3740,154 B-1,BEŞEVLER,unchanged,
Bara,3741,154 B-1,ÇAYSEKA,unchanged,
Bara,3742,154 B-2,BEŞEVLER,unchanged,
Bara,3743,154 B-2,İÇMELER,unchanged,
Bara,3744,TR-A,SUSURLUK RES,unchanged,
Bara,3745,154 B-T,ÇAYSEKA,unchanged,
Bara,3746,TR-A,ÇAĞÇAĞ,unchanged,
Bara,3747,TR-A,BEŞEVLER,unchanged,
Bara,3748,TR-B,ÇAĞÇAĞ,unchanged,
Bara,3749,TR-A,İÇMELER,unchanged,
Bara,3750,TR-B,BEŞEVLER,unchanged,
Bara,3751,154 B-1,AKHİSAR RES,unchanged,
Bara,3752,TR-1,AKHİSAR RES,unchanged,
Bara,3753,TR-B,İÇMELER,unchanged,
Bara,3754,154 B-1,CİZRE,unchanged,
Bara,3755,400 B-1,ALİAĞA2,unchanged,
Bara,3757,154 B-1,ORHANELİ TES,unchanged,
Bara,3758,TR-A,CİZRE,unchanged,
Bara,3759,154 B-2,ORHANELİ TES,unchanged,
Bara,3760,154 B-T,SEYHAN HES,unchanged,
Bara,3763,154 B-1,ALİAĞA2,unchanged,
Bara,3764,154 B-1,MUSTAFA KEMAL PAŞA,unchanged,
Bara,3766,154 B-2,ALİAĞA2,unchanged,
Bara,3767,154 B-2,BİSMİL1,unchanged,
Bara,3768,66 B-1,SEYHAN HES,unchanged,
Bara,3770,TR-A,MUSTAFA KEMAL PAŞA,unchanged,
Bara,3775,TR-2,SEYHAN HES,unchanged,
Bara,3776,154 B-1,GEBZE OSB,unchanged,
Bara,3777,154 B-1,GÖRÜKLE,unchanged,
Bara,3779,154 B-2,GEBZE OSB,unchanged,
Bara,3780,TR-3,SEYHAN HES,unchanged,
Bara,3782,154 B-1,ÇİVRİL,unchanged,
Bara,3783,TR-B,CİZRE,unchanged,
Bara,3784,154 B-T,ÇİVRİL,unchanged,
Bara,3785,154 B-1,ALİAĞA OSB,unchanged,
Bara,3786,TR-A-B,ÇİVRİL,unchanged,
Bara,3787,154 B-2,ALİAĞA OSB,unchanged,
Bara,3788,TR-A,ALİAĞA OSB,unchanged,
Bara,3789,154 B-1,ARPA HES,unchanged,
Bara,3790,400 B-1,IŞIKLAR,unchanged,
Bara,3791,154 B-1,DARAN HAVZA,unchanged,
Bara,3792,154 B-1,ÇİMKO,unchanged,
Bara,3793,154 B-1A,IŞIKLAR,unchanged,
Bara,3795,154 B-1B,IŞIKLAR,unchanged,
Bara,3797,TR-A,IŞIKLAR,unchanged,
Bara,3798,TR-1,ÇİMKO,unchanged,
Bara,3799,TR-B,IŞIKLAR,unchanged,
Bara,3800,TR-2,ÇİMKO,unchanged,
Bara,3802,TR-3,ÇİMKO,unchanged,
Bara,3803,TR-C,IŞIKLAR,unchanged,
Bara,3804,TR-4,ÇİMKO,unchanged,
Bara,3805,154 B-2,GÖRÜKLE,unchanged,
Bara,3806,400 B-1,UZUNDERE,unchanged,
Bara,3807,154 B-1,YAZGÜNEŞİ,unchanged,
Bara,3808,154 B-1,UZUNDERE,unchanged,
Bara,3809,154 B-2,UZUNDERE,unchanged,
Bara,3810,154 B-1,KARAHAN,unchanged,
Bara,3811,TR-A,UZUNDERE,unchanged,
Bara,3812,TR-A,YAZGÜNEŞİ,unchanged,
Bara,3813,TR-B,GÖRÜKLE,unchanged,
Bara,3814,154 B-1,ALAÇATI,unchanged,
Bara,3815,TR-B,KARAHAN,unchanged,
Bara,3816,154 B-1,AKÇALAR,unchanged,
Bara,3817,TR-A,ALAÇATI,unchanged,
Bara,3818,TR-C,KARAHAN,unchanged,
Bara,3819,TR-A,AKÇALAR,unchanged,
Bara,3820,400 B-1,ELGÜN,unchanged,
Bara,3821,154 B-1,DEMİRTAŞ,unchanged,
Bara,3822,154 B-1,ÇÖLLOLAR,unchanged,
Bara,3823,154 B-1,ALÇUK,unchanged,
Bara,3824,154 B-2,DEMİRTAŞ,unchanged,
Bara,3825,TR-A,ÇÖLLOLAR,unchanged,
Bara,3826,154 B-1,YÜREĞİR,unchanged,
Bara,3827,TR-A,DEMİRTAŞ,unchanged,
Bara,3828,TR-A,ALÇUK,unchanged,
Bara,3829,TR-B,DEMİRTAŞ,unchanged,
Bara,3831,400 B-1,MORSAN,unchanged,
Bara,3833,154 B-2,YÜREĞİR,unchanged,
Bara,3834,TR-C,DEMİRTAŞ,unchanged,
Bara,3835,154 B-1A,VAN1,unchanged,
Bara,3837,TR-1,YÜREĞİR,unchanged,
Bara,3839,154 B-1,MORSAN,unchanged,
Bara,3841,154 B-1,DENİZLİ2,unchanged,
Bara,3842,TR-2,YÜREĞİR,unchanged,
Bara,3844,TR-A,MORSAN,unchanged,
Bara,3845,154 B-1,DARENDE,unchanged,
Bara,3846,TR-A,GEBZE OSB,unchanged,
Bara,3847,154 B-1,ALMAK VEYSİ AKYÜZ,unchanged,
Bara,3848,TR-B,GEBZE OSB,unchanged,
Bara,3849,TR-A,DARENDE,unchanged,
Bara,3850,154 B-1,ELGÜN,unchanged,
Bara,3851,154 B-1,ZEYTİNLİ,unchanged,
Bara,3852,TR-A,ELGÜN,unchanged,
Bara,3853,TR-C,GEBZE OSB,unchanged,
Bara,3854,TR-B,ELGÜN,unchanged,
Bara,3855,TR-B,ZEYTİNLİ,unchanged,
Bara,3856,TR-A,DENİZLİ2,unchanged,
Bara,3857,154 B-1,YENİŞEHİR,unchanged,
Bara,3858,TR-B,DENİZLİ2,unchanged,
Bara,3859,154 B-1,KURTKÖY,unchanged,
Bara,3860,TR-A,YENİŞEHİR,unchanged,
Bara,3861,TR-A,ALMAK VEYSİ AKYÜZ,unchanged,
Bara,3862,154 B-1,VİRANŞEHİR,unchanged,
Bara,3863,TR-B,YENİŞEHİR,unchanged,
Bara,3864,TR-A,KURTKÖY,unchanged,
Bara,3865,TR-A,VİRANŞEHİR,unchanged,
Bara,3866,154 B-1,ASLANLAR,unchanged,
Bara,3867,TR-B,VİRANŞEHİR,unchanged,
Bara,3868,154 B-1,İNEGÖL,unchanged,
Bara,3869,TR-A,İNEGÖL,unchanged,
Bara,3870,TR-B,KURTKÖY,unchanged,
Bara,3871,TR-A,ASLANLAR,unchanged,
Bara,3872,TR-C,VİRANŞEHİR,unchanged,
Bara,3873,TR-B,İNEGÖL,unchanged,
Bara,3874,TR-B,ASLANLAR,unchanged,
Bara,3876,TR-D,VİRANŞEHİR,unchanged,
Bara,3879,154 B-1,BORNOVA BÜLENT KUAS,unchanged,
Bara,3880,154 B-1,UZUNÇAYIR HES,unchanged,
Bara,3882,TR-C,İNEGÖL,unchanged,
Bara,3883,TR-B,BORNOVA BÜLENT KUAS,unchanged,
Bara,3884,154 B-1,ULUDERE,unchanged,
Bara,3885,154 B-1,DUDULLU,unchanged,
Bara,3887,154 B-1,PAŞALAR,unchanged,
Bara,3888,TR-A,BORNOVA BÜLENT KUAS,unchanged,
Bara,3889,154 B-T,PAŞALAR,unchanged,
Bara,3890,154 B-T,DUDULLU,unchanged,
Bara,3892,TR-A,PAŞALAR,unchanged,
Bara,3893,154 B-1,DENİZLİ3,unchanged,
Bara,3894,TR-B,PAŞALAR,unchanged,
Bara,3895,TR-A,DUDULLU,unchanged,
Bara,3900,154 B-1,BİLORSA,unchanged,
Bara,3901,154 B-1A,BOSTANLI GİS,unchanged,
Bara,3902,154 B-2,DENİZLİ3,unchanged,
Bara,3903,TR-C,DUDULLU,unchanged,
Bara,3904,TR-A,BİLORSA,unchanged,
Bara,3905,154 B-1A,DİCLE HES,unchanged,
Bara,3906,TR-B,BİLORSA,unchanged,
Bara,3907,TR-1,BOSTANLI GİS,unchanged,
Bara,3908,154 B-1,TUNCELİ,unchanged,
Bara,3909,154 B-1,EĞİRDİR YUSUF ÖZDEMİR,unchanged,
Bara,3910,TR-D,DUDULLU,unchanged,
Bara,3911,TR-A,DENİZLİ3,unchanged,
Bara,3912,154 B-T,EĞİRDİR YUSUF ÖZDEMİR,unchanged,
Bara,3913,TR-B,DENİZLİ3,unchanged,
Bara,3914,154 B-1,DİKMEN1,unchanged,
Bara,3915,154 B-1,SÖĞÜT,unchanged,
Bara,3916,400 B-1,İZMİR DGKÇS,unchanged,
Bara,3917,TR-A,DİKMEN1,unchanged,
Bara,3918,TR-A,SÖĞÜT,unchanged,
Bara,3920,TR-A,TUNCELİ,unchanged,
Bara,3921,TR-A-B,EĞİRDİR YUSUF ÖZDEMİR,unchanged,
Bara,3922,TR-B,DİKMEN1,unchanged,
Bara,3923,TR-B,TUNCELİ,unchanged,
Bara,3924,TR-C,DİKMEN1,unchanged,
Bara,3925,400 B-1,DENİZLİ4,unchanged,
Bara,3926,154 B-1,DENİZLİ4,unchanged,
Bara,3927,154 B-1,EMİRDAĞ,unchanged,
Bara,3928,154 B-2,DENİZLİ4,unchanged,
Bara,3929,154 B-1,BOZYAKA,unchanged,
Bara,3930,36 B-1,EMİRDAĞ,unchanged,
Bara,3931,TR-3,DENİZLİ4,unchanged,
Bara,3932,TR-A,BOZYAKA,unchanged,
Bara,3933,TR-4,DENİZLİ4,unchanged,
Bara,3934,154 B-T,EMİRDAĞ,unchanged,
Bara,3935,154 B-1,DİYARBAKIR1,unchanged,
Bara,3937,154 B-1,DENİZLİ ÇİMENTO,unchanged,
Bara,3938,TR-C,BOZYAKA,unchanged,
Bara,3939,TR-A,DİYARBAKIR1,unchanged,
Bara,3940,400 B-1,ERMENEK HES,unchanged,
Bara,3942,154 B-1,BUCA,unchanged,
Bara,3943,TR-A,DENİZLİ ÇİMENTO,unchanged,
Bara,3944,154 B-2,BUCA,unchanged,
Bara,3945,154 B-1,DİYARBAKIR2,unchanged,
Bara,3946,TR-B,DENİZLİ ÇİMENTO,unchanged,
Bara,3947,154 B-1,ALMUS HES,unchanged,
Bara,3950,TR-A,DİYARBAKIR2,unchanged,
Bara,3951,TR-C,BUCA,unchanged,
Bara,3952,TR-B,DİYARBAKIR2,unchanged,
Bara,3957,TR-A,BUCA,unchanged,
Bara,3958,400 B-1,DİYARBAKIR3,unchanged,
Bara,3959,154 B-1,FERROKROM ANTALYA,unchanged,
Bara,3960,154 B-1,DİNAR,unchanged,
Bara,3961,154 B-1,DİYARBAKIR3,unchanged,
Bara,3962,154 B-T,FERROKROM ANTALYA,unchanged,
Bara,3965,154 B-2,DİYARBAKIR3,unchanged,
Bara,3966,154 B-1,BOZÜYÜK,unchanged,
Bara,3967,154 B-1,TATARHÖYÜK,unchanged,
Bara,3969,TR-A,DİYARBAKIR3,unchanged,
Bara,3970,TR-A,BOZÜYÜK,unchanged,
Bara,3971,154 B-1,ALBAY ÇİĞİLTEPE RES,unchanged,
Bara,3972,TR-B,TATARHÖYÜK,unchanged,
Bara,3973,154 B-1,YARIMCA1,unchanged,
Bara,3974,TR-B,BOZÜYÜK,unchanged,
Bara,3975,TR-B,DİYARBAKIR3,unchanged,
Bara,3976,TR-A,YARIMCA1,unchanged,
Bara,3978,TR-1,ALBAY ÇİĞİLTEPE RES,unchanged,
Bara,3979,154 B-1,EBSO,unchanged,
Bara,3980,154 B-1,ŞIRNAK,unchanged,
Bara,3981,TR-B,YARIMCA1,unchanged,
Bara,3982,TR-A,FERROKROM ANTALYA,unchanged,
Bara,3983,TR-A,EBSO,unchanged,
Bara,3984,154 B-1,GAZİPAŞA,unchanged,
Bara,3987,TR-5,DİYARBAKIR3,unchanged,
Bara,3988,TR-B,FERROKROM ANTALYA,unchanged,
Bara,3989,TR-C,EBSO,unchanged,
Bara,3990,TR-A,GAZİPAŞA,unchanged,
Bara,3991,154 B-1,ESKİŞEHİR2,unchanged,
Bara,3992,154 B-1,ŞİLE,unchanged,
Bara,3996,TR-A,ŞİLE,unchanged,
Bara,3997,TR-A,ESKİŞEHİR2,unchanged,
Bara,3998,154 B-1,FİNİKE,unchanged,
Bara,3999,154 B-1,DİYARBAKIR4,unchanged,
Bara,4000,TR-B,ESKİŞEHİR2,unchanged,
Bara,4001,154 B-1,GÜZELYALI GİS,unchanged,
Bara,4002,154 B-1,KÖKLÜCE HES,unchanged,
Bara,4003,TR-A,DİYARBAKIR4,unchanged,
Bara,4004,154 B-1A,İZMİT,unchanged,
Bara,4005,154 B-T,FİNİKE,unchanged,
Bara,4006,TR-B,DİYARBAKIR4,unchanged,
Bara,4007,154 B-1,TOKAT OSB,unchanged,
Bara,4008,154 B-2,GÜZELYALI GİS,unchanged,
Bara,4009,TR-C,ESKİŞEHİR2,unchanged,
Bara,4010,154 B-1B,İZMİT,unchanged,
Bara,4011,154 B-1,ESKİŞEHİR3,unchanged,
Bara,4012,154 B-2,ESKİŞEHİR3,unchanged,
Bara,4013,TR-A,İZMİT,unchanged,
Bara,4014,TR-B,ŞIRNAK,unchanged,
Bara,4015,TR-1,FİNİKE,unchanged,
Bara,4016,TR-A,ESKİŞEHİR3,unchanged,
Bara,4017,TR-B,İZMİT,unchanged,
Bara,4018,TR-B,ESKİŞEHİR3,unchanged,
Bara,4019,TR-1,GÜZELYALI GİS,unchanged,
Bara,4020,154 B-1,DOĞANKÖY,unchanged,
Bara,4021,154 B-1,GÖLTAŞ ÇİMENTO,unchanged,
Bara,4022,TR-2,FİNİKE,unchanged,
Bara,4023,154 B-1,ÇİFTELER,unchanged,
Bara,4024,154 B-1,ENERJİSA KÖSEKÖY,unchanged,
Bara,4025,TR-2,GÜZELYALI GİS,unchanged,
Bara,4026,TR-A,ÇİFTELER,unchanged,
Bara,4027,TR-A,DOĞANKÖY,unchanged,
Bara,4028,TR-A,ENERJİSA KÖSEKÖY,unchanged,
Bara,4030,TR-1,GÖLTAŞ ÇİMENTO,unchanged,
Bara,4033,154 B-1,ILGIN,unchanged,
Bara,4034,154 B-1,KÖSEKÖY,unchanged,
Bara,4035,154 B-1,SİMAV,unchanged,
Bara,4036,154 B-1,ÇÖÇELLİ,unchanged,
Bara,4037,TR-A,KÖSEKÖY,unchanged,
Bara,4038,154 B-2,SİMAV,unchanged,
Bara,4039,TR-A,ÇÖÇELLİ,unchanged,
Bara,4040,154 B-T,ILGIN,unchanged,
Bara,4042,TR-A,SİMAV,unchanged,
Bara,4043,TR-B,KÖSEKÖY,unchanged,
Bara,4044,TR-B,SİMAV,unchanged,
Bara,4046,154 B-1,ELAZIĞ,unchanged,
Bara,4047,TR-C,KÖSEKÖY,unchanged,
Bara,4049,154 B-1,KIZILDERE1 JES,unchanged,
Bara,4050,TR-A,ELAZIĞ,unchanged,
Bara,4051,154 B-1,GEDİZ,unchanged,
Bara,4052,154 B-1,HEREKE,unchanged,
Bara,4053,TR-A,ILGIN,unchanged,
Bara,4054,TR-B,ELAZIĞ,unchanged,
Bara,4055,TR-A-B,GEDİZ,unchanged,
Bara,4056,154 B-1,HABAŞ DGKÇS,unchanged,
Bara,4057,TR-A,HEREKE,unchanged,
Bara,4058,154 B-1,KÜTAHYA,removed-from-source,
Bara,4059,154 B-2,HABAŞ DGKÇS,unchanged,
Bara,4060,TR-A-B,KÜTAHYA,removed-from-source,
Bara,4061,TR-B,HEREKE,unchanged,
Bara,4062,154 B-1,HANKENDİ,unchanged,
Bara,4063,TR-1,HABAŞ DGKÇS,unchanged,
Bara,4064,TR-A,HANKENDİ,unchanged,
Bara,4065,154 B-1,ISPARTA,unchanged,
Bara,4066,TR-2,HABAŞ DGKÇS,unchanged,
Bara,4067,TR-3,HABAŞ DGKÇS,unchanged,
Bara,4069,154 B-2,ISPARTA,unchanged,
Bara,4070,TR-4,HABAŞ DGKÇS,unchanged,
Bara,4071,154 B-1,KARACAÖREN 1 HES,unchanged,
Bara,4072,154 B-1,KARACAÖREN 2 HES,unchanged,
Bara,4073,154 B-1,EREGE METAL,unchanged,
Bara,4074,TR-A,ALMUS HES,unchanged,
Bara,4075,154 B-1,NUH ÇİMENTO,unchanged,
Bara,4076,TR-A,ISPARTA,unchanged,
Bara,4077,TR-A,EREGE METAL,unchanged,
Bara,4078,154 B-2,NUH ÇİMENTO,unchanged,
Bara,4079,TR-B,EREGE METAL,unchanged,
Bara,4080,TR-B,ISPARTA,unchanged,
Bara,4081,TR-C,NUH ÇİMENTO,unchanged,
Bara,4082,154 B-1,ALTINTAŞ,unchanged,
Bara,4083,154 B-1,KAŞ,unchanged,
Bara,4084,TR-A-B,ALTINTAŞ,unchanged,
Bara,4085,TR-D,NUH ÇİMENTO,unchanged,
Bara,4086,TR-A,KAŞ,unchanged,
Bara,4087,154 B-1,LARA,unchanged,
Bara,4088,154 B-1A,HATAY GİS,unchanged,
Bara,4089,154 B-2,LARA,unchanged,
Bara,4090,TR-B,KAŞ,unchanged,
Bara,4091,154 B-1,ENTEK KÖSEKÖY,unchanged,
Bara,4093,TR-1,HATAY GİS,unchanged,
Bara,4095,154 B-2,ENTEK KÖSEKÖY,unchanged,
Bara,4097,TR-2,HATAY GİS,unchanged,
Bara,4098,TR-B,ENTEK KÖSEKÖY,unchanged,
Bara,4099,TR-A,LARA,unchanged,
Bara,4100,154 B-1,KIZILDÜZ HES ŞAHMALLAR HES,unchanged,
Bara,4101,TR-C,ENTEK KÖSEKÖY,unchanged,
Bara,4102,TR-B,LARA,unchanged,
Bara,4103,400 B-1A,ELBİSTAN TES,unchanged,
Bara,4105,154 B-1,KEÇİBORLU,unchanged,
Bara,4106,154 B-1,KIRKA SALİH GÜNGÖR,unchanged,
Bara,4107,154 B-1,ELBİSTAN TES,unchanged,
Bara,4108,154 B-1,HENDEK,unchanged,
Bara,4109,154 B-1A,HİLAL,unchanged,
Bara,4110,TR-A,KIRKA SALİH GÜNGÖR,unchanged,
Bara,4111,TR-A,HENDEK,unchanged,
Bara,4112,OAV-1,ELBİSTAN TES,unchanged,
Bara,4115,154 B-2A,HİLAL,unchanged,
Bara,4116,154 B-1,YARIMCA2,unchanged,
Bara,4119,154 B-1,MAHMUTLAR,unchanged,
Bara,4120,OAV-2,ELBİSTAN TES,unchanged,
Bara,4121,154 B-1B,HİLAL,unchanged,
Bara,4122,TR-A,YARIMCA2,unchanged,
Bara,4123,154 B-2,MAHMUTLAR,unchanged,
Bara,4125,TR-A,HİLAL,unchanged,
Bara,4126,154 B-1,EMET,unchanged,
Bara,4127,400 B-1,ÇOBANBEYLİ,unchanged,
Bara,4128,TR-1,HİLAL,unchanged,
Bara,4129,TR-A,MAHMUTLAR,unchanged,
Bara,4130,TR-A,EMET,unchanged,
Bara,4131,TR-2,HİLAL,unchanged,
Bara,4132,154 B-1,ELBİSTAN-B TES 154,unchanged,
Bara,4133,154 B-1,MANAVGAT,unchanged,
Bara,4135,154 B-T,MANAVGAT,unchanged,
Bara,4137,BCT-1-2,ELBİSTAN-B TES 154,unchanged,
Bara,4139,BCT-3-4,ELBİSTAN-B TES 154,unchanged,
Bara,4140,154 B-1A,ILICA GİS,unchanged,
Bara,4141,TR-A,MANAVGAT,unchanged,
Bara,4145,TR-1,ILICA GİS,unchanged,
Bara,4146,TR-B,MANAVGAT,unchanged,
Bara,4147,TR-2,ILICA GİS,unchanged,
Bara,4148,BCT-1-4,ELBİSTAN-B TES 154,unchanged,
Bara,4149,154 B-1,KARACABEY,unchanged,
Bara,4150,154 B-1,ŞANLIURFA OSB,unchanged,
Bara,4151,154 B-2,KARACABEY,unchanged,
Bara,4152,TR-A,KARACABEY,unchanged,
Bara,4153,TR-A,ŞANLIURFA OSB,unchanged,
Bara,4154,TR-B,KARACABEY,unchanged,
Bara,4155,154 B-1,KARŞIYAKA GİS,unchanged,
Bara,4156,154 B-1,MANAVGAT HES,unchanged,
Bara,4158,TR-B,ŞANLIURFA OSB,unchanged,
Bara,4159,154 B-2,KARŞIYAKA GİS,unchanged,
Bara,4160,154 B-T,MANAVGAT HES,unchanged,
Bara,4161,154 B-1,ULUABAT HES,unchanged,
Bara,4162,154 B-2,ULUABAT HES,unchanged,
Bara,4163,154 B-1,SAKARYA,unchanged,
Bara,4164,TR-1,KARŞIYAKA GİS,unchanged,
Bara,4165,154 B-2,SAKARYA,unchanged,
Bara,4166,TR-2,KARŞIYAKA GİS,unchanged,
Bara,4167,154 B-1,BANDIRMA RES,unchanged,
Bara,4168,TR-3,MANAVGAT HES,unchanged,
Bara,4169,154 B-1,ERGANİ ÇİMENTO,unchanged,
Bara,4171,TR-A,ERGANİ ÇİMENTO,unchanged,
Bara,4172,154 B-1,İSKENDERUN2,unchanged,
Bara,4173,154 B-1,ETİ GÜMÜŞ,unchanged,
Bara,4174,154 B-1,KARABAĞLAR,unchanged,
Bara,4175,TR-A,ETİ GÜMÜŞ,unchanged,
Bara,4176,TR-B,ERGANİ ÇİMENTO,unchanged,
Bara,4177,TR-A,SAKARYA,unchanged,
Bara,4178,154 B-1,MANCARLIK GİS,unchanged,
Bara,4179,154 B-2,KARABAĞLAR,unchanged,
Bara,4180,TR-B,SAKARYA,unchanged,
Bara,4181,154 B-2,MANCARLIK GİS,unchanged,
Bara,4182,TR-A,KARABAĞLAR,unchanged,
Bara,4184,TR-A,MANCARLIK GİS,unchanged,
Bara,4185,154 B-1,ETİFOSFAT,unchanged,
Bara,4186,TR-B,KARABAĞLAR,unchanged,
Bara,4187,TR-B,MANCARLIK GİS,unchanged,
Bara,4188,TR-A,ETİFOSFAT,unchanged,
Bara,4189,154 B-1,KEMALPAŞA,unchanged,
Bara,4190,TR-B,ETİFOSFAT,unchanged,
Bara,4191,154 B-2,KEMALPAŞA,unchanged,
Bara,4192,TR-A,KEMALPAŞA,unchanged,
Bara,4193,TR-B,KEMALPAŞA,unchanged,
Bara,4194,154 B-1,FERROKROM ELAZIĞ,unchanged,
Bara,4197,TR-A,FERROKROM ELAZIĞ,unchanged,
Bara,4201,154 B-1,KAYNARCA,unchanged,
Bara,4202,154 B-1,PETKİM DGKÇS,unchanged,
Bara,4203,154 B-2,PETKİM DGKÇS,unchanged,
Bara,4204,TR-A,KAYNARCA,unchanged,
Bara,4205,154 B-1,METRİSTEPE RES,unchanged,
Bara,4206,TR-21,PETKİM DGKÇS,unchanged,
Bara,4207,154 B-1,KUZULUK,unchanged,
Bara,4208,154 B-1,FEVZİPAŞA,unchanged,
Bara,4209,TR-A,FEVZİPAŞA,unchanged,
Bara,4210,154 B-1A,PİYALE GİS,unchanged,
Bara,4211,TR-A,KUZULUK,unchanged,
Bara,4212,TR-C,PİYALE GİS,unchanged,
Bara,4213,TR-B,PİYALE GİS,unchanged,
Bara,4214,TR-A,İSKENDERUN2,unchanged,
Bara,4215,154 B-1,TAHTALI,unchanged,
Bara,4216,154 B-2,TAHTALI,unchanged,
Bara,4217,TR-B,KUZULUK,unchanged,
Bara,4218,154 B-1,GAZİANTEP,unchanged,
Bara,4219,TR-A,TAHTALI,unchanged,
Bara,4220,TR-C,İSKENDERUN2,unchanged,
Bara,4221,154 B-1,MUDURNU,unchanged,
Bara,4222,TR-B,GAZİANTEP,unchanged,
Bara,4223,154 B-1,ÜNİVERSİTE,unchanged,
Bara,4224,TR-A,GAZİANTEP,unchanged,
Bara,4225,154 B-2,ÜNİVERSİTE,unchanged,
Bara,4226,TR-A,ÜNİVERSİTE,unchanged,
Bara,4227,154 B-1,İSKENDERUN3,unchanged,
Bara,4228,400 B-1,BAŞPINAR OSB,unchanged,
Bara,4229,TR-D,ÜNİVERSİTE,unchanged,
Bara,4230,154 B-1,BAŞPINAR OSB,unchanged,
Bara,4231,TR-A,MUDURNU,unchanged,
Bara,4232,154 B-1,ULUCAK,unchanged,
Bara,4233,154 B-2,BAŞPINAR OSB,unchanged,
Bara,4234,TR-B,ULUCAK,unchanged,
Bara,4235,TR-A,BAŞPINAR OSB,unchanged,
Bara,4236,TR-A,İSKENDERUN3,unchanged,
Bara,4237,154 B-1,PS3,unchanged,
Bara,4238,TR-B,BAŞPINAR OSB,unchanged,
Bara,4239,TR-C,PS3,unchanged,
Bara,4240,TR-C,BAŞPINAR OSB,unchanged,
Bara,4241,TR-A,PS3,unchanged,
Bara,4242,TR-5,BAŞPINAR OSB,unchanged,
Bara,4243,TR-B,PS3,unchanged,
Bara,4244,TR-7,BAŞPINAR OSB,unchanged,
Bara,4245,154 B-1,PS3/A,unchanged,
Bara,4246,154 B-1,İBRAHİMLİ,unchanged,
Bara,4247,TR-C,PS3/A,unchanged,
Bara,4248,TR-A,İBRAHİMLİ,unchanged,
Bara,4249,TR-A,PS3/A,unchanged,
Bara,4250,TR-B,İBRAHİMLİ,unchanged,
Bara,4251,TR-B,PS3/A,unchanged,
Bara,4252,154 B-1,YEŞİLVADİ,unchanged,
Bara,4253,154 B-2,YEŞİLVADİ,unchanged,
Bara,4254,154 B-1,SİİRT1,unchanged,
Bara,4255,TR-B,YEŞİLVADİ,unchanged,
Bara,4256,TR-A,SİİRT1,unchanged,
Bara,4257,TR-B,SİİRT1,unchanged,
Bara,4258,TR-A,YEŞİLVADİ,unchanged,
Bara,4259,400 B-1,BEYKENT OSB,unchanged,
Bara,4260,400 B-1,KIZILTEPE SERKAN AY,updated,Trafo Merkezi
Bara,4261,TR-1,BEYKENT OSB,unchanged,
Bara,4262,154 B-1A,KIZILTEPE SERKAN AY,updated,Trafo Merkezi
Bara,4263,TR-A,KIZILTEPE SERKAN AY,updated,Trafo Merkezi
Bara,4264,TR-B,KIZILTEPE SERKAN AY,updated,Trafo Merkezi
Bara,4266,TR-5,KIZILTEPE SERKAN AY,updated,Trafo Merkezi
Bara,4268,TR-6,KIZILTEPE SERKAN AY,updated,Trafo Merkezi
Bara,4269,154 B-1,GÖKSUN,unchanged,
Bara,4270,TR-A,GÖKSUN,unchanged,
Bara,4271,154 B-1,HACININOĞLU HES,unchanged,
Bara,4272,154 B-1,KULP1 HES,unchanged,
Bara,4273,TR-2,KULP1 HES,unchanged,
Bara,4274,154 B-1,HASAN ÇELEBİ,unchanged,
Bara,4275,TR,HASAN ÇELEBİ,unchanged,
Bara,4276,154 B-1,MURAT HES,unchanged,
Bara,4277,TR-1,MURAT HES,unchanged,
Bara,4278,154 B-1,HAZAR1,unchanged,
Bara,4279,TR,HAZAR1,unchanged,
Bara,4280,154 B-1,HAZAR2,unchanged,
Bara,4281,154 B-1,MERCAN HES,unchanged,
Bara,4282,TR,MERCAN HES,unchanged,
Bara,4284,154 B-1,MENZELET HES,unchanged,
Bara,4285,400 B-1,OYMAPINAR,unchanged,
Bara,4286,154 B-1,OYMAPINAR,unchanged,
Bara,4287,154 B-T,OYMAPINAR,unchanged,
Bara,4288,TR-A,OYMAPINAR,unchanged,
Bara,4289,400 B-1,RWE DENİZLİ DGKÇS,unchanged,
Bara,4290,154 B-1,ŞARKİKARAAĞAÇ,unchanged,
Bara,4291,TR-A-B,ŞARKİKARAAĞAÇ,unchanged,
Bara,4292,154 B-1,SANDIKLI,unchanged,
Bara,4293,154 B-T,SANDIKLI,unchanged,
Bara,4294,154 B-1,URLA1,unchanged,
Bara,4295,TR-1-2,SANDIKLI,unchanged,
Bara,4296,TR-A,URLA1,unchanged,
Bara,4298,154 B-1,FORD,unchanged,
Bara,4300,154 B-1,VİKİNG,unchanged,
Bara,4302,154 B-2,FORD,unchanged,
Bara,4303,154 B-1,KEMER ANTALYA,unchanged,
Bara,4304,TR-1,VİKİNG,unchanged,
Bara,4305,TR-A,FORD,unchanged,
Bara,4307,TR-B,FORD,unchanged,
Bara,4308,154 B-1,SERİK,unchanged,
Bara,4310,154 B-1,MARE RES,unchanged,
Bara,4311,154 B-T,SERİK,unchanged,
Bara,4312,154 B-1,KARAMÜRSEL,removed-from-source,
Bara,4313,154 B-1,KEPEZ 1 HES,unchanged,
Bara,4314,154 B-2,MARE RES,unchanged,
Bara,4315,TR-A,SERİK,unchanged,
Bara,4316,TR-A,KARAMÜRSEL,removed-from-source,
Bara,4317,TR-1,MARE RES,unchanged,
Bara,4318,TR-B,SERİK,unchanged,
Bara,4319,TR-B,KARAMÜRSEL,removed-from-source,
Bara,4320,154 B-1,ŞEMİKLER GİS,unchanged,
Bara,4321,154 B-1,YALOVA,unchanged,
Bara,4322,154 B-2,ŞEMİKLER GİS,unchanged,
Bara,4324,TR-A,YALOVA,unchanged,
Bara,4325,TR-B,İSKENDERUN3,unchanged,
Bara,4327,154 B-1,PAMUKOVA,unchanged,
Bara,4329,TR-1,ŞEMİKLER GİS,unchanged,
Bara,4330,154 B-2,PAMUKOVA,unchanged,
Bara,4333,154 B-1,KULEÖNÜ,unchanged,
Bara,4334,TR-3,ŞEMİKLER GİS,unchanged,
Bara,4336,TR-A,PAMUKOVA,unchanged,
Bara,4337,400 B-1,ALTINKAYA HES,unchanged,
Bara,4338,TR-4,ŞEMİKLER GİS,unchanged,
Bara,4340,154 B-1,TOYOTASA,unchanged,
Bara,4341,400 B-2,ALTINKAYA HES,unchanged,
Bara,4342,154 B-1,KADİRLİ,unchanged,
Bara,4343,154 B-1,KUNDU,unchanged,
Bara,4344,TR-A,TOYOTASA,unchanged,
Bara,4346,TR-A,KADİRLİ,unchanged,
Bara,4349,TR-A,KUNDU,unchanged,
Bara,4350,TR-B,TOYOTASA,unchanged,
Bara,4351,154 B-1,KOZAN,unchanged,
Bara,4353,154 B-1,İSAKÖY,unchanged,
Bara,4355,TR-A,KOZAN,unchanged,
Bara,4356,154 B-2,İSAKÖY,unchanged,
Bara,4357,154 B-1,YUNTDAĞI RES,unchanged,
Bara,4358,154 B-1,MİSİS,unchanged,
Bara,4360,TR-A,İSAKÖY,unchanged,
Bara,4362,TR-A,MİSİS,unchanged,
Bara,4363,TR-B,İSAKÖY,unchanged,
Bara,4364,TR-1,YUNTDAĞI RES,unchanged,
Bara,4365,TR-C,İSAKÖY,unchanged,
Bara,4366,TR-B,MİSİS,unchanged,
Bara,4367,154 B-1A,VANİKÖY,unchanged,
Bara,4368,TR-C,MİSİS,unchanged,
Bara,4371,154 B-1B,VANİKÖY,unchanged,
Bara,4373,154 B-1,PANCAR OSB,unchanged,
Bara,4374,TR-A,VANİKÖY,unchanged,
Bara,4375,TR-B,VANİKÖY,unchanged,
Bara,4376,154 B-2,PANCAR OSB,unchanged,
Bara,4377,154 B-1,TAVAS,unchanged,
Bara,4378,TR-A,PANCAR OSB,unchanged,
Bara,4379,154 B-1,UŞAK,unchanged,
Bara,4381,TR-B,PANCAR OSB,unchanged,
Bara,4382,TR-1,TAVAS,unchanged,
Bara,4383,154 B-T,UŞAK,unchanged,
Bara,4384,TR-A,UŞAK,unchanged,
Bara,4385,154 B-1,TEFENNİ,unchanged,
Bara,4386,TR-B,UŞAK,unchanged,
Bara,4387,TR-A-B,TEFENNİ,unchanged,
Bara,4388,154 B-1,UŞAK OSB,unchanged,
Bara,4389,154 B-2,UŞAK OSB,unchanged,
Bara,4390,154 B-1,OSMANİYE,unchanged,
Bara,4391,154 B-1,DİLİSKELESİ GİS,unchanged,
Bara,4392,TR-A,UŞAK OSB,unchanged,
Bara,4393,TR-B,UŞAK OSB,unchanged,
Bara,4394,154 B-2,DİLİSKELESİ GİS,unchanged,
Bara,4395,400 B-1,VARSAK,unchanged,
Bara,4396,154 B-1,YAVRUDOĞAN,unchanged,
Bara,4398,154 B-1A,VARSAK,unchanged,
Bara,4400,154 B-2,YAVRUDOĞAN,unchanged,
Bara,4402,TR-A,VARSAK,unchanged,
Bara,4403,TR-B,VARSAK,unchanged,
Bara,4404,TR-A,YAVRUDOĞAN,unchanged,
Bara,4405,154 B-1,MAZI RES,unchanged,
Bara,4407,TR-A,MAZI RES,unchanged,
Bara,4408,400 B-2,AĞRI2,unchanged,
Bara,4409,154 B-1,ALSANCAK GİS,unchanged,
Bara,4410,154 B-1,YUNAK,unchanged,
Bara,4411,154 B-2,ALSANCAK GİS,unchanged,
Bara,4412,154 B-T,YUNAK,unchanged,
Bara,4413,154 B-TA,VARSAK,unchanged,
Bara,4414,TR-D,ALSANCAK GİS,unchanged,
Bara,4415,TR-A,YUNAK,unchanged,
Bara,4416,TR-A,ALSANCAK GİS,unchanged,
Bara,4417,TR-B,ALSANCAK GİS,unchanged,
Bara,4420,154 B-1,ATAER DGKÇS,unchanged,
Bara,4421,154 B-2,ATAER DGKÇS,unchanged,
Bara,4422,TR-4,ATAER DGKÇS,unchanged,
Bara,4423,154 B-1,KOCADAĞ RES,unchanged,
Bara,4424,TR-1,KOCADAĞ RES,unchanged,
Bara,4425,154 B-1,MANİSA OSB,unchanged,
Bara,4426,154 B-2,MANİSA OSB,unchanged,
Bara,4428,TR-C,MANİSA OSB,unchanged,
Bara,4429,154 B-1,ÖZKAN DEMİRÇELİK,unchanged,
Bara,4430,154 B-2,ÖZKAN DEMİRÇELİK,unchanged,
Bara,4431,TR-B,ÖZKAN DEMİRÇELİK,unchanged,
Bara,4432,154 B-1,SAMURLU RES,unchanged,
Bara,4433,TR-A,SAMURLU RES,unchanged,
Bara,4434,154 B-1,ALTINKAYA HES,unchanged,
Bara,4435,154 B-1,ALİAĞA RES,unchanged,
Bara,4436,TR-1,ALİAĞA RES,unchanged,
Bara,4437,154 B-1,SEYİTALİ RES,unchanged,
Bara,4438,TR-A,SEYİTALİ RES,unchanged,
Bara,4439,154 B-T,OSMANİYE,unchanged,
Bara,4440,400 B-1,LODOS RES,unchanged,
Bara,4441,400 B-1,ÇARŞAMBA,unchanged,
Bara,4442,TR-1,OSMANİYE,unchanged,
Bara,4443,TR-1,LODOS RES,unchanged,
Bara,4444,154 B-1,ÇARŞAMBA,unchanged,
Bara,4445,TR-A,DİLİSKELESİ GİS,unchanged,
Bara,4446,TR-2,OSMANİYE,unchanged,
Bara,4447,154 B-1,KOZBEYLİ RES,unchanged,
Bara,4448,TR-B,DİLİSKELESİ GİS,unchanged,
Bara,4449,TR-A,ÇARŞAMBA,unchanged,
Bara,4450,TR-1,KOZBEYLİ RES,unchanged,
Bara,4452,154 B-1,DDY OSMANİYE,unchanged,
Bara,4455,TR-1-2,DDY OSMANİYE,unchanged,
Bara,4456,154 B-1,ÖDEMİŞ,unchanged,
Bara,4457,154 B-1,PAYAS,unchanged,
Bara,4458,TR-A,ÖDEMİŞ,unchanged,
Bara,4459,TR-B,ÖDEMİŞ,unchanged,
Bara,4461,154 B-1,TİRE,unchanged,
Bara,4462,154 B-T,PAYAS,unchanged,
Bara,4463,TR-A,TİRE,unchanged,
Bara,4464,TR-A,PAYAS,unchanged,
Bara,4465,400 B-1,KAYABAŞI,unchanged,
Bara,4466,TR-B,PAYAS,unchanged,
Bara,4467,154 B-1,DDY PAYAS,unchanged,
Bara,4468,400 B-2,KAYABAŞI,unchanged,
Bara,4469,400 B-1,KEMERKÖY TES,unchanged,
Bara,4471,154 B-1,KEMERKÖY TES,unchanged,
Bara,4472,TR-A,KAYABAŞI,unchanged,
Bara,4474,TR-1,KEMERKÖY TES,unchanged,
Bara,4475,154 B-1,SIR HES,unchanged,
Bara,4476,400 B-1,YATAĞAN TES,unchanged,
Bara,4477,154 B-2,SIR HES,unchanged,
Bara,4479,154 B-1,YATAĞAN TES,unchanged,
Bara,4480,TR-A,YATAĞAN TES,unchanged,
Bara,4481,154 B-1,YUMURTALIK,unchanged,
Bara,4482,TR-C,YATAĞAN TES,unchanged,
Bara,4483,TR-1,YUMURTALIK,unchanged,
Bara,4484,400 B-1,YENİKÖY TES,unchanged,
Bara,4485,154 B-1,YENİKÖY TES,unchanged,
Bara,4486,TR-1,YENİKÖY TES,unchanged,
Bara,4487,TR-2-3,YENİKÖY TES,unchanged,
Bara,4488,TR-2,YUMURTALIK,unchanged,
Bara,4489,400 B-1,SUGÖZÜ TES,unchanged,
Bara,4490,154 B-1,ÇATALBÜK RES,unchanged,
Bara,4491,154 B-1A,SUGÖZÜ TES,unchanged,
Bara,4492,TR,ÇATALBÜK RES,unchanged,
Bara,4493,400 B-1,HİLVAN,unchanged,
Bara,4494,154 B-1,AKBÜK,unchanged,
Bara,4495,154 B-1,HİLVAN,unchanged,
Bara,4496,154 B-1,MENTAŞ HES,unchanged,
Bara,4497,TR-2,HİLVAN,unchanged,
Bara,4499,TR-A,AKBÜK,unchanged,
Bara,4501,TR-A,KILIÇKAYA HES,unchanged,
Bara,4502,154 B-1,AYDIN,unchanged,
Bara,4503,400 B-1,ANDIRIN,unchanged,
Bara,4504,154 B-2,AYDIN,unchanged,
Bara,4505,154 B-1A,ANDIRIN,unchanged,
Bara,4506,154 B-1,KAHRAMANMARAŞ,unchanged,
Bara,4507,TR-A,AYDIN,unchanged,
Bara,4508,TR-A,KAHRAMANMARAŞ,unchanged,
Bara,4510,TR-B,AYDIN,unchanged,
Bara,4511,TR-B,KAHRAMANMARAŞ,unchanged,
Bara,4512,TR-C,KAHRAMANMARAŞ,unchanged,
Bara,4513,154 B-1,BODRUM 1,unchanged,
Bara,4514,TR-A,ANDIRIN,unchanged,
Bara,4516,TR-B,ANDIRIN,unchanged,
Bara,4518,TR-5,ANDIRIN,unchanged,
Bara,4519,TR-A-E,BODRUM 1,unchanged,
Bara,4522,154 B-1,KARGILIK HES,unchanged,
Bara,4523,154 B-1,MUĞLA,unchanged,
Bara,4525,TR-A,MUĞLA,unchanged,
Bara,4527,400 B-1,İSDEMİR TES,unchanged,
Bara,4529,154 B-1A,EŞEN 1 HES,unchanged,
Bara,4530,154 B-1A,İSDEMİR TES,unchanged,
Bara,4532,154 B-1B,İSDEMİR TES,unchanged,
Bara,4533,154 B-1,KEMER HES,unchanged,
Bara,4536,154 B-1,MARMARİS 1,unchanged,
Bara,4537,TR-4,İSDEMİR TES,unchanged,
Bara,4538,154 B-1,KARACA,unchanged,
Bara,4539,TR-5,İSDEMİR TES,unchanged,
Bara,4540,TR-A,MARMARİS 1,unchanged,
Bara,4541,TR-6,İSDEMİR TES,unchanged,
Bara,4542,TR-4,İSDEMİR TES,unchanged,
Bara,4543,400 B-1,KARAKAYA HES,unchanged,
Bara,4546,154 B-1,KARAKAYA HES,unchanged,
Bara,4547,154 B-1,AKSA YALOVA,unchanged,
Bara,4549,TR-C,KARAKAYA HES,unchanged,
Bara,4550,TR-A-B,AKSA YALOVA,unchanged,
Bara,4552,154 B-1,SEBENOBA RES,unchanged,
Bara,4553,TR-1,SEBENOBA RES,unchanged,
Bara,4554,400 B-1,BEYKOZ,unchanged,
Bara,4555,TR-A,BEYKOZ,unchanged,
Bara,4556,154 B-1,KOÇÇELİK,unchanged,
Bara,4557,TR-B,BEYKOZ,unchanged,
Bara,4558,154 B-1,ŞANLIURFA,unchanged,
Bara,4559,154 B-1,KARAKEÇİLİ,unchanged,
Bara,4560,TR-1,KOÇÇELİK,unchanged,
Bara,4561,TR-A,ŞANLIURFA,unchanged,
Bara,4562,154 B-1,OSMANİYE OSB,unchanged,
Bara,4563,TR-A,KARAKEÇİLİ,unchanged,
Bara,4565,154 B-1,DATÇA,unchanged,
Bara,4566,TR-B,KARAKEÇİLİ,unchanged,
Bara,4567,TR-1,OSMANİYE OSB,unchanged,
Bara,4568,TR-A,DATÇA,unchanged,
Bara,4570,154 B-1,FETHİYE,unchanged,
Bara,4572,154 B-1,TÜPRAŞ,unchanged,
Bara,4573,154 B-1,KARKAMIŞ HES,unchanged,
Bara,4574,TR-A,TÜPRAŞ,unchanged,
Bara,4575,400 B-1,TOSÇELİK,unchanged,
Bara,4576,TR-A,FETHİYE,unchanged,
Bara,4578,TR-B,FETHİYE,unchanged,
Bara,4580,TR-1,TOSÇELİK,unchanged,
Bara,4581,154 B-1,MİLAS,unchanged,
Bara,4582,TR-2,TOSÇELİK,unchanged,
Bara,4583,TR-3-4,TOSÇELİK,unchanged,
Bara,4584,TR-A,MİLAS,unchanged,
Bara,4585,154 B-1,GÖKÇEDAĞ RES,unchanged,
Bara,4586,400 B-1,KEBAN HES,unchanged,
Bara,4587,154 B-1,KUŞADASI GİS,unchanged,
Bara,4588,TR-A,GÖKÇEDAĞ RES,unchanged,
Bara,4589,400 B-1,YENİ DGKÇS,unchanged,
Bara,4590,154 B-2,KUŞADASI GİS,unchanged,
Bara,4592,154 B-1,BELEN RES,unchanged,
Bara,4593,400 B-1,DİLER ÇELİK,unchanged,
Bara,4594,TR-A,BELEN RES,unchanged,
Bara,4596,TR-1,KUŞADASI GİS,unchanged,
Bara,4597,TR-A,DİLER ÇELİK,unchanged,
Bara,4598,400 B-1,MMK METALURJİ,unchanged,
Bara,4600,400 B-1,GERMENCİK,unchanged,
Bara,4602,TR-B,DİLER ÇELİK,unchanged,
Bara,4604,154 B-1,KEBAN TM,unchanged,
Bara,4606,400 B-1,TOSYALI METALURJİ,unchanged,
Bara,4607,154 B-1,GÖLCÜK,unchanged,
Bara,4608,TR-A,GERMENCİK,unchanged,
Bara,4609,TR-1,TOSYALI METALURJİ,unchanged,
Bara,4610,TR-A-B,KEBAN TM,unchanged,
Bara,4611,TR-A,GÖLCÜK,unchanged,
Bara,4612,TR-2,TOSYALI METALURJİ,unchanged,
Bara,4613,154 B-1,AKKÖPRÜ HES,unchanged,
Bara,4614,154 B-1,BERKMAN HES,unchanged,
Bara,4615,154 B-2,AKKÖPRÜ HES,unchanged,
Bara,4616,TR-B,GÖLCÜK,unchanged,
Bara,4617,154 B-1,OŞKAN HES,unchanged,
Bara,4618,154 B-1,NAZİLLİ,unchanged,
Bara,4619,154 B-1,ZİYARET RES,unchanged,
Bara,4620,154 B-1,KILAVUZLU,unchanged,
Bara,4621,TR-A,ZİYARET RES,unchanged,
Bara,4622,154 B-2,KILAVUZLU,unchanged,
Bara,4623,154 B-1,ARSLANBEY,unchanged,
Bara,4624,TR-A,NAZİLLİ,unchanged,
Bara,4625,TR-B,ZİYARET RES,unchanged,
Bara,4627,154 B-1,ANDIRIN HES,unchanged,
Bara,4628,TR-A,ARSLANBEY,unchanged,
Bara,4630,154 B-1,GEBZE KİMYA,unchanged,
Bara,4631,154 B-1,KILILI,unchanged,
Bara,4632,154 B-1,SÖKE,unchanged,
Bara,4633,400 B-1,KOZAN HAVZA,unchanged,
Bara,4634,154 B-2,GEBZE KİMYA,unchanged,
Bara,4635,TR-A,KILILI,unchanged,
Bara,4636,154 B-1A,KOZAN HAVZA,unchanged,
Bara,4637,TR-A,SÖKE,unchanged,
Bara,4638,TR-A,GEBZE KİMYA,unchanged,
Bara,4639,154 B-1,DERBENT HES,unchanged,
Bara,4640,154 B-2A,KOZAN HAVZA,unchanged,
Bara,4643,400 B-1,GÖYNÜK,unchanged,
Bara,4644,154 B-1,EŞEN 2 HES,unchanged,
Bara,4645,TR-1,KOZAN HAVZA,unchanged,
Bara,4646,TR-A,GÖYNÜK,unchanged,
Bara,4647,154 B-2,EŞEN 2 HES,unchanged,
Bara,4650,400 B-1,SANİBEY HES,unchanged,
Bara,4652,154 B-1,SIRRIN,unchanged,
Bara,4654,TR-A,SIRRIN,unchanged,
Bara,4655,154 B-1,KISIK HES,unchanged,
Bara,4657,TR,KISIK HES,unchanged,
Bara,4660,TR-B,SIRRIN,unchanged,
Bara,4662,154 B-1,DATÇA RES,unchanged,
Bara,4663,154 B-1,OVACIK HAVZA,unchanged,
Bara,4664,154 B-1,KİLİS,unchanged,
Bara,4665,154 B-T,OVACIK HAVZA,unchanged,
Bara,4666,TR-A,DATÇA RES,unchanged,
Bara,4667,TR-A,KİLİS,unchanged,
Bara,4668,TR-B,KİLİS,unchanged,
Bara,4669,154 B-1,GALİP HOCA JES,unchanged,
Bara,4670,TR-A,OVACIK HAVZA,unchanged,
Bara,4671,154 B-1,AKBÜK RES,unchanged,
Bara,4672,154 B-1,ŞANLIURFA ÇİMENTO,unchanged,
Bara,4673,TR-A,AKBÜK RES,unchanged,
Bara,4674,154 B-1,KRALKIZI HES,unchanged,
Bara,4675,154 B-T,KRALKIZI HES,unchanged,
Bara,4676,154 B-1,MARMARİS 2,unchanged,
Bara,4677,154 B-1,MENGE HES,unchanged,
Bara,4678,154 B-2,MARMARİS 2,unchanged,
Bara,4679,154 B-1,KÖPRÜ HES,unchanged,
Bara,4680,TR-A,MARMARİS 2,unchanged,
Bara,4681,154 B-1,ALES DGKÇS,unchanged,
Bara,4682,154 B-1,FEKE HAVZA,unchanged,
Bara,4683,154 B-2,ALES DGKÇS,unchanged,
Bara,4684,154 B-1,KUZOVA,unchanged,
Bara,4685,TR-A,FEKE HAVZA,unchanged,
Bara,4687,TR-A,KUZOVA,unchanged,
Bara,4688,154 B-1,YAMANLI3 HES,unchanged,
Bara,4689,154 B-1,FEKE2 HES,unchanged,
Bara,4690,154 B-1,LİCE,unchanged,
Bara,4691,154 B-1,ÇATALAN HES,unchanged,
Bara,4692,TR-B,LİCE,unchanged,
Bara,4693,TR-A,ÇATALAN HES,unchanged,
Bara,4695,154 B-1,MERSİN TERMİK,unchanged,
Bara,4698,TR-A,MERSİN TERMİK,unchanged,
Bara,4700,154 B-1,MERSİN2,unchanged,
Bara,4701,400 B-1,BÖLÜCEK,unchanged,
Bara,4702,TR-B,MERSİN2,unchanged,
Bara,4703,154 B-1,MALATYA,unchanged,
Bara,4704,154 B-1B,BÖLÜCEK,unchanged,
Bara,4705,TR-A,MERSİN2,unchanged,
Bara,4706,TR-A,BÖLÜCEK,unchanged,
Bara,4707,154 B-T,MALATYA,unchanged,
Bara,4711,TR-A,MALATYA,unchanged,
Bara,4712,154 B-1,SURUÇ,unchanged,
Bara,4715,TR-B,MALATYA,unchanged,
Bara,4717,TR-A,SURUÇ,unchanged,
Bara,4718,TR-B,SURUÇ,unchanged,
Bara,4722,154 B-1,MALORSA,unchanged,
Bara,4723,TR-A,MALORSA,unchanged,
Bara,4724,154 B-1,KARADENİZ EREĞLİ,removed-from-source,
Bara,4725,TR-B,MALORSA,unchanged,
Bara,4726,66 B-1,KARADENİZ EREĞLİ,removed-from-source,
Bara,4728,154 B-1,MARDİN1,unchanged,
Bara,4730,TR-A,MARDİN1,unchanged,
Bara,4731,TR-C,MARDİN1,unchanged,
Bara,4732,TR-A,KARADENİZ EREĞLİ,removed-from-source,
Bara,4733,154 B-1,CAMİŞ MERSİN,unchanged,
Bara,4734,154 B-2,CAMİŞ MERSİN,unchanged,
Bara,4735,154 B-1,TARSUS,unchanged,
Bara,4737,TR-2,TARSUS,unchanged,
Bara,4739,154 B-1,İNCİRLİK,unchanged,
Bara,4743,TR-3,İNCİRLİK,unchanged,
Bara,4744,TR-4,İNCİRLİK,unchanged,
Bara,4745,154 B-1,AÇS İNCİRLİK,unchanged,
Bara,4746,154 B-1,NAKSAN2,unchanged,
Bara,4747,TR-1,AÇS İNCİRLİK,unchanged,
Bara,4748,TR-2,AÇS İNCİRLİK,unchanged,
Bara,4757,400 B-2,BAŞKALE,unchanged,
Bara,4758,154 B-1,AKKÖY,unchanged,
Bara,4760,154 B-1,GÜNEY ADANA,unchanged,
Bara,4763,TR-1,GÜNEY ADANA,unchanged,
Bara,4764,TR-2,GÜNEY ADANA,unchanged,
Bara,4765,154 B-1,ÖZLÜCE HES,unchanged,
Bara,4766,TR-3,ÖZLÜCE HES,unchanged,
Bara,4767,154 B-1,PEKMEZLİ,unchanged,
Bara,4768,TR-A,PEKMEZLİ,unchanged,
Bara,4772,154 B-1,PS4,unchanged,
Bara,4773,154 B-T,PS4,unchanged,
Bara,4774,TR-C,PS4,unchanged,
Bara,4775,TR-B,PS4,unchanged,
Bara,4776,TR-A,PS4,unchanged,
Bara,4777,154 B-1,ARABAN PS,unchanged,
Bara,4778,TR-A,ARABAN PS,unchanged,
Bara,4779,TR-B,ARABAN PS,unchanged,
Bara,4780,154 B-1,KARACADAĞ PS,unchanged,
Bara,4781,154 B-1,KAYABAŞI,unchanged,
Bara,4782,154 B-1,NACARLI,unchanged,
Bara,4783,TR-A,KARACADAĞ PS,unchanged,
Bara,4784,TR-A,NACARLI,unchanged,
Bara,4785,TR-B,KARACADAĞ PS,unchanged,
Bara,4786,TR-C,NACARLI,unchanged,
Bara,4787,400 B-1,VAN2,unchanged,
Bara,4788,154 B-1,SARIL PS,unchanged,
Bara,4789,154 B-1,YAKAKÖY,unchanged,
Bara,4790,400 B-2,VAN2,unchanged,
Bara,4791,TR-1,YAKAKÖY,unchanged,
Bara,4792,TR-C,SARIL PS,unchanged,
Bara,4793,400 B-T,VAN2,unchanged,
Bara,4794,TR-A,SARIL PS,unchanged,
Bara,4795,154 B-1,KADINCIK1 HES,unchanged,
Bara,4796,400 B-1,KURŞUNLU,unchanged,
Bara,4797,400 B-2,KURŞUNLU,unchanged,
Bara,4798,154 B-1,KADINCIK2 HES,unchanged,
Bara,4799,TR-B,SARIL PS,unchanged,
Bara,4800,154 B-1A,KURŞUNLU,unchanged,
Bara,4801,154 B-1,TOROSLAR,unchanged,
Bara,4802,TR-A-B,TOROSLAR,unchanged,
Bara,4803,154 B-1,SARIGÜZEL HES,unchanged,
Bara,4804,TR-A,KURŞUNLU,unchanged,
Bara,4805,154 B-1,AKBELEN,unchanged,
Bara,4806,TR-A,AŞKALE ÇİMENTO,unchanged,
Bara,4807,TR-1,AKBELEN,unchanged,
Bara,4808,154 B-1,SEYRANTEPE HES,unchanged,
Bara,4809,TR-2,AKBELEN,unchanged,
Bara,4810,154 B-1,TAŞUCU,unchanged,
Bara,4812,TR-A,TAŞUCU,unchanged,
Bara,4813,154 B-1,ANAMUR,unchanged,
Bara,4814,154 B-1,SİİRT ÇİMENTO KURTALAN,unchanged,
Bara,4815,TR-A,SİİRT ÇİMENTO KURTALAN,unchanged,
Bara,4816,TR-A-B,ANAMUR,unchanged,
Bara,4817,TR-B,SİİRT ÇİMENTO KURTALAN,unchanged,
Bara,4818,154 B-1,ERDEMLİ,unchanged,
Bara,4820,TR-A,ERDEMLİ,unchanged,
Bara,4822,154 B-1,KARAİSALI,unchanged,
Bara,4823,400 B-1,TİREBOLU,unchanged,
Bara,4824,154 B-1A,TİREBOLU,unchanged,
Bara,4825,TR-A,KARAİSALI,unchanged,
Bara,4826,TR-A-B,TİREBOLU,unchanged,
Bara,4827,154 B-1,SİLOPİ TES,unchanged,
Bara,4828,TR-A,SİLOPİ TES,unchanged,
Bara,4829,TR-C,KARAİSALI,unchanged,
Bara,4830,154 B-1,ÇİMSA,unchanged,
Bara,4831,154 B-1,SİLVAN,unchanged,
Bara,4832,TR-A,ÇİMSA,unchanged,
Bara,4833,TR-A,SİLVAN,unchanged,
Bara,4834,154 B-1,YENİ ŞEHİTLİK,unchanged,
Bara,4835,TR-B,SİLVAN,unchanged,
Bara,4838,400 B-1,BİLGİN SAMSUN DGKÇ,unchanged,
Bara,4839,TR-1,YENİ ŞEHİTLİK,unchanged,
Bara,4840,400 B-2,BİLGİN SAMSUN DGKÇ,unchanged,
Bara,4841,154 B-1,GEZENDE HES,unchanged,
Bara,4842,TR-A,GEZENDE HES,unchanged,
Bara,4844,154 B-1,BİRKAPILI HES,unchanged,
Bara,4845,400 B-1,BOYABAT HES,unchanged,
Bara,4846,400 B-2,BOYABAT HES,unchanged,
Bara,4847,154 B-1,OTLUCA HES,unchanged,
Bara,4848,TR-A,OTLUCA HES,unchanged,
Bara,4849,400 B-1,KALKANDERE,unchanged,
Bara,4850,400 B-2,KALKANDERE,unchanged,
Bara,4851,154 B-1,KALKANDERE,unchanged,
Bara,4852,154 B-1,DAĞPAZARI RES,unchanged,
Bara,4853,400 B-T,KALKANDERE,unchanged,
Bara,4854,TR-1,DAĞPAZARI RES,unchanged,
Bara,4855,154 B-1,SUŞEHRİ,unchanged,
Bara,4856,154 B-1,MERSİN RES,unchanged,
Bara,4857,154 B-2,KALKANDERE,unchanged,
Bara,4858,TR-B,MERSİN RES,unchanged,
Bara,4859,TR-A,KALKANDERE,unchanged,
Bara,4861,TR-A,SUŞEHRİ,unchanged,
Bara,4866,154 B-1,GARZAN HES,unchanged,
Bara,4869,66 B-1A,BATI ADANA,unchanged,
Bara,4870,154 B-1,TOKAT,unchanged,
Bara,4871,66 B-1B,BATI ADANA,unchanged,
Bara,4872,TR-A,TOKAT,unchanged,
Bara,4873,TR-A,BATI ADANA,unchanged,
Bara,4874,TR-B,BATI ADANA,unchanged,
Bara,4875,TR-C-D-E,BATI ADANA,unchanged,
Bara,4879,154 B-1,YURT ÇİMENTO,unchanged,
Bara,4882,TR-A,YURT ÇİMENTO,unchanged,
Bara,4884,400 B-1A,HASAN UĞURLU HES,unchanged,
Bara,4905,154 B-1,ÇATES MUHAMMED DEMİREL,unchanged,
Bara,4908,TR-C,ÇATES MUHAMMED DEMİREL,unchanged,
Bara,4909,154 B-1,ÇAYCUMA,unchanged,
Bara,4910,154 B-2,ÇAYCUMA,unchanged,
Bara,4911,TR-A,ÇAYCUMA,unchanged,
Bara,4914,154 B-1,OYKA,unchanged,
Bara,4918,154 B-1,BİZNA HAVZA,unchanged,
Bara,4923,400 B-T,BORÇKA HES,unchanged,
Bara,4927,154 B-T,BORÇKA HES,unchanged,
Bara,4929,400 B-1,OSMANCA,unchanged,
Bara,4931,154 B-1,ÜNYE,unchanged,
Bara,4932,TR-A,ÜNYE,unchanged,
Bara,4933,TR-B,ÜNYE,unchanged,
Bara,4934,154 B-1,SAMSUN3,unchanged,
Bara,4935,154 B-2,SAMSUN3,unchanged,
Bara,4936,TR-A,SAMSUN3,unchanged,
Bara,4937,154 B-1,OSMANCA,unchanged,
Bara,4938,TR-A,OSMANCA,unchanged,
Bara,4939,TR-B,OSMANCA,unchanged,
Bara,4940,154 B-1,YAPRAK HES,unchanged,
Bara,4941,154 B-2,YAPRAK HES,unchanged,
Bara,4942,154 B-1,KARASU,unchanged,
Bara,4943,154 B-2,KARASU,unchanged,
Bara,4944,TR-A,KARASU,unchanged,
Bara,4945,154 B-1A,ERDEMİR1,unchanged,
Bara,4946,66 B-1A,ERDEMİR1,unchanged,
Bara,4947,TR-A,ERDEMİR1,unchanged,
Bara,4951,TR-A,FATSA,unchanged,
Bara,4952,154 B-1,ERDEMİR2,unchanged,
Bara,4955,400 B-1,SIRRIN,unchanged,
Bara,4956,154 B-1,ÇAMOLUK,unchanged,
Bara,4965,154 B-1,ARSİN,unchanged,
Bara,4966,154 B-1,VAKFIKEBİR,unchanged,
Bara,4967,TR-A,ARSİN,unchanged,
Bara,4968,TR-A,VAKFIKEBİR,unchanged,
Bara,4969,154 B-1,GİRESUN,unchanged,
Bara,4970,TR-A,GİRESUN,unchanged,
Bara,4971,TR-B,GİRESUN,unchanged,
Bara,4972,154 B-1,TRABZON,unchanged,
Bara,4973,TR-A-C,TRABZON,unchanged,
Bara,4974,TR-B,TRABZON,unchanged,
Bara,4975,154 B-1,AKÇAKOCA,unchanged,
Bara,4976,154 B-1,DOĞANKENT HES,unchanged,
Bara,4977,TR-A,AKÇAKOCA,unchanged,
Bara,4978,154 B-1,ZONGULDAK,unchanged,
Bara,4979,TR-A,DOĞANKENT HES,unchanged,
Bara,4980,TR-A,ZONGULDAK,unchanged,
Bara,4981,TR-B,ZONGULDAK,unchanged,
Bara,4985,154 B-1,YAĞLIDERE,unchanged,
Bara,4988,TR-A,YAĞLIDERE,unchanged,
Bara,4989,154 B-1,GERKONSAN,unchanged,
Bara,4990,TR-B,GERKONSAN,unchanged,
Bara,4997,154 B-1,BOLU2,unchanged,
Bara,4998,154 B-2,BOLU2,unchanged,
Bara,4999,TR-A,BOLU2,unchanged,
Bara,5000,TR-B,BOLU2,unchanged,
Bara,5001,154 B-1,BOLU ÇİMENTO,unchanged,
Bara,5002,TR-A,BOLU ÇİMENTO,unchanged,
Bara,5003,TR-B,BOLU ÇİMENTO,unchanged,
Bara,5004,154 B-1,KAYNAŞLI,unchanged,
Bara,5005,TR-A,KAYNAŞLI,unchanged,
Bara,5006,154 B-1,BARTIN,unchanged,
Bara,5007,TR-A,BARTIN,unchanged,
Bara,5009,154 B-1,MELEN,unchanged,
Bara,5010,154 B-2,MELEN,unchanged,
Bara,5011,TR-B,MELEN,unchanged,
Bara,5012,TR-E,MELEN,unchanged,
Bara,5016,400 B-1,ZETES2,unchanged,
Bara,5018,154 B-1,KÖPRÜBAŞI HES,unchanged,
Bara,5023,154 B-2,ERZURUM,unchanged,
Bara,5024,154 B-1,KAYAKÖPRÜ HES,unchanged,
Bara,5025,154 B-1,KOVADA 2 HES,unchanged,
Bara,5026,154 B-T,KOVADA 2 HES,unchanged,
Bara,5027,66 B-1,KOVADA 2 HES,unchanged,
Bara,5028,66 B-1,KOVADA 1 HES,unchanged,
Bara,5029,TR,BİRECİK HES,unchanged,
Bara,5031,TR-C,VARSAK,unchanged,
Bara,5032,TR-D,VARSAK,unchanged,
Bara,5033,154 B-1,YENİDERE HAVZA,unchanged,
Bara,5034,154 B-1,AMASYA,unchanged,
Bara,5035,154 B-1,ÇORUM1,unchanged,
Bara,5037,154 B-1,ÇORUM2,unchanged,
Bara,5038,154 B-1,ÇANKIRI,unchanged,
Bara,5040,154 B-1,SÖĞÜTSEN,unchanged,
Bara,5041,TR-A-B,ÇANKIRI,unchanged,
Bara,5042,TR-A,SÖĞÜTSEN,unchanged,
Bara,5045,400 B-1B,HASAN UĞURLU HES,unchanged,
Bara,5046,154 B-1,ALACA,unchanged,
Bara,5049,154 B-1,LADİK ÇİMENTO,unchanged,
Bara,5051,154 B-1,İNEBOLU,unchanged,
Bara,5052,154 B-1,KASTAMONU,unchanged,
Bara,5053,154 B-1,KASTAMONU OSB,unchanged,
Bara,5054,154 B-1,KAVAK OSB,unchanged,
Bara,5056,154 B-1,GÖLKÖY,unchanged,
Bara,5057,154 B-1,SAMSUN1,unchanged,
Bara,5060,154 B-1,KARGI,unchanged,
Bara,5061,154 B-1,SUNGURLU OSB,unchanged,
Bara,5062,154 B-1,TAŞKÖPRÜ,unchanged,
Bara,5063,154 B-1,ONDOKUZMAYIS,unchanged,
Bara,5064,154 B-1,DARICA1 HES,unchanged,
Bara,5065,154 B-1,CİDE,unchanged,
Bara,5066,154 B-1,KÜRE,unchanged,
Bara,5067,154 B-1,BOYABAT,unchanged,
Bara,5068,154 B-1,ARTOVA ÇİMENTO,unchanged,
Bara,5069,154 B-1,OBRUK HES,unchanged,
Bara,5070,154 B-1,ORDU,unchanged,
Bara,5071,154 B-1,VEZİRKÖPRÜ,unchanged,
Bara,5072,154 B-1,KOYULHİSAR HES,unchanged,
Bara,5073,154 B-1,YEŞİL HES,unchanged,
Bara,5074,154 B-1,REŞADİYE HES,unchanged,
Bara,5075,154 B-1,ŞEBİNKARAHİSAR,unchanged,
Bara,5076,154 B-1,AKOCAK HES,unchanged,
Bara,5077,154 B-1,KİLLİK RES,unchanged,
Bara,5078,154 B-1,KAYADÜZÜ RES,unchanged,
Bara,5079,154 B-1,TUNA HES,unchanged,
Bara,5080,154 B-1,NİKSAR HES,unchanged,
Bara,5081,154 B-1,ÇIRAKDAMI HES,unchanged,
Bara,5082,154 B-1,BÜYÜKDÜZ HES,unchanged,
Bara,5083,154 B-1,BÜYÜKDÜZ HAVZA,unchanged,
Bara,5084,154 B-1,UMUT HES,unchanged,
Bara,5085,TR-1,GÜNEYSINIR,unchanged,
Bara,5090,TR-A,GÖLBAŞI,unchanged,
Bara,5091,TR-B,GÖLBAŞI,unchanged,
Bara,5095,154 B-1A,GÖLBAŞI,unchanged,
Bara,5096,154 B-1,HACILAR,unchanged,
Bara,5097,TR-A,HACILAR,unchanged,
Bara,5098,TR-B,HACILAR,unchanged,
Bara,5099,TR-D,HACILAR,unchanged,
Bara,5100,154 B-1,HASKÖY,unchanged,
Bara,5101,154 B-2,HASKÖY,unchanged,
Bara,5102,TR-1,HASKÖY,unchanged,
Bara,5103,154 B-1,HİRFANLI HES,unchanged,
Bara,5105,TR-A,İMRAHOR,unchanged,
Bara,5106,TR-B,İMRAHOR,unchanged,
Bara,5107,154 B-1,İMRAHOR,unchanged,
Bara,5108,154 B-2,İMRAHOR,unchanged,
Bara,5109,154 B-1,EREĞLİ KONYA,unchanged,
Bara,5110,TR-A,EREĞLİ KONYA,unchanged,
Bara,5111,154 B-1,KALABA,unchanged,
Bara,5112,TR-1,KALABA,unchanged,
Bara,5113,TR-2,KALABA,unchanged,
Bara,5114,154 B-1,KALECİK,unchanged,
Bara,5115,TR-A-B,KALECİK,unchanged,
Bara,5116,154 B-1,KAPULUKAYA HES,unchanged,
Bara,5117,154 B-1,KARAMAN,unchanged,
Bara,5118,TR-A,KARAMAN,unchanged,
Bara,5119,TR-B,KARAMAN,unchanged,
Bara,5120,154 B-1,KARAMAN OSB,unchanged,
Bara,5121,154 B-2,KARAMAN OSB,unchanged,
Bara,5122,154 B-1,KARAPINAR,unchanged,
Bara,5123,TR-A,KARAPINAR,unchanged,
Bara,5124,TR-B,KARAPINAR,unchanged,
Bara,5125,TR-A,KARAMAN OSB,unchanged,
Bara,5126,TR-B,KARAMAN OSB,unchanged,
Bara,5132,154 B-1,KAYSERİ2,unchanged,
Bara,5133,154 B-1,KAYSERİ3,unchanged,
Bara,5134,TR-A,KAYSERİ3,unchanged,
Bara,5135,TR-B,KAYSERİ3,unchanged,
Bara,5136,154 B-1,KAYSERİ KAPASİTÖR,unchanged,
Bara,5141,TR-A,KAYSERİ KAPASİTÖR,unchanged,
Bara,5142,154 B-1,KAZAN,unchanged,
Bara,5143,154 B-2,KAZAN,unchanged,
Bara,5144,TR-1,KAZAN,unchanged,
Bara,5145,TR-2,KAZAN,unchanged,
Bara,5146,154 B-1,KESİKKÖPRÜ HES,unchanged,
Bara,5147,154 B-2,KESİKKÖPRÜ HES,unchanged,
Bara,5148,154 B-1,KIRIKKALE,unchanged,
Bara,5153,154 B-1,KIRŞEHİR,unchanged,
Bara,5154,TR-B,KIRŞEHİR,unchanged,
Bara,5155,TR-A,KIZÖREN,unchanged,
Bara,5156,TR-B,KIZÖREN,unchanged,
Bara,5157,154 B-1,KIZÖREN,unchanged,
Bara,5158,154 B-2,KIZÖREN,unchanged,
Bara,5163,154 B-1,YAZIR,unchanged,
Bara,5164,TR-A,YAZIR,unchanged,
Bara,5165,TR-B,YAZIR,unchanged,
Bara,5166,154 B-1,KAYACIK,unchanged,
Bara,5167,TR-A,KAYACIK,unchanged,
Bara,5168,TR-B,KAYACIK,unchanged,
Bara,5169,TR-A,KARATAY,unchanged,
Bara,5170,TR-B,KARATAY,unchanged,
Bara,5171,154 B-1,KARATAY,unchanged,
Bara,5172,154 B-2,KARATAY,unchanged,
Bara,5173,TR-A,KIRIKKALE,unchanged,
Bara,5174,TR-B,KIRIKKALE,unchanged,
Bara,5176,TR-A,KAYSERİ2,unchanged,
Bara,5177,154 B-1,LADİK,unchanged,
Bara,5178,TR-A,LADİK,unchanged,
Bara,5179,TR-A,MACUNKÖY,unchanged,
Bara,5180,TR-B,MACUNKÖY,unchanged,
Bara,5181,154 B-1,MACUNKÖY,unchanged,
Bara,5182,154 B-2,MACUNKÖY,unchanged,
Bara,5183,154 B-1,MALTEPE ANKARA,unchanged,
Bara,5184,154 B-2,MALTEPE ANKARA,unchanged,
Bara,5185,TR-A,MALTEPE ANKARA,updated,Adı
Bara,5186,TR-B,MALTEPE ANKARA,updated,Adı
Bara,5187,TR-C,MALTEPE ANKARA,updated,Adı
Bara,5188,TR-D,MALTEPE ANKARA,updated,Adı
Bara,5189,154 B-1,MAMAK,unchanged,
Bara,5190,TR-A,MAMAK,unchanged,
Bara,5191,TR-B,MAMAK,unchanged,
Bara,5192,TR-A,MİSLİOVA,unchanged,
Bara,5193,TR-B,MİSLİOVA,unchanged,
Bara,5194,154 B-1,MİSLİOVA,unchanged,
Bara,5195,154 B-2,MİSLİOVA,unchanged,
Bara,5196,154 B-1,NEVŞEHİR,unchanged,
Bara,5197,TR-1,NEVŞEHİR,unchanged,
Bara,5198,154 B-1,NİĞDE,unchanged,
Bara,5199,TR-1,NİĞDE,unchanged,
Bara,5200,154 B-1,OSTİM OSB,unchanged,
Bara,5201,TR-A,OSTİM OSB,unchanged,
Bara,5202,154 B-1,OVACIK,unchanged,
Bara,5203,154 B-2,OVACIK,unchanged,
Bara,5204,TR-1,OVACIK,unchanged,
Bara,5205,TR-2,OVACIK,unchanged,
Bara,5206,154 B-1,PETLAS,unchanged,
Bara,5207,TR-1,PETLAS,unchanged,
Bara,5208,TR-3,PETLAS,unchanged,
Bara,5209,154 B-1,POLATLI,unchanged,
Bara,5210,TR-A,POLATLI,unchanged,
Bara,5211,TR-B,POLATLI,unchanged,
Bara,5212,154 B-1,ŞEREFLİKOÇHİSAR,unchanged,
Bara,5213,154 B-1,SARIYAR HES,unchanged,
Bara,5214,TR-A,SARIYAR HES,unchanged,
Bara,5215,154 B-1,ŞARKIŞLA,unchanged,
Bara,5216,TR-A-B,ŞARKIŞLA,unchanged,
Bara,5217,154 B-1,SENDİREMEKE,unchanged,
Bara,5218,TR-A,SENDİREMEKE,unchanged,
Bara,5219,TR-B,SENDİREMEKE,unchanged,
Bara,5220,TR-A,SİNCAN,unchanged,
Bara,5221,TR-B,SİNCAN,unchanged,
Bara,5223,154 B-1A,SİNCAN,unchanged,
Bara,5224,154 B-1B,SİNCAN,unchanged,
Bara,5225,154 B-1,SIZIR,unchanged,
Bara,5226,TR-A,SIZIR,unchanged,
Bara,5228,TR-A-B,ŞEREFLİKOÇHİSAR,unchanged,
Bara,5229,154 B-1,SORGUN,unchanged,
Bara,5230,TR-A-B,SORGUN,unchanged,
Bara,5231,154 B-1,TAKSAN,unchanged,
Bara,5232,TR-1-2,TAKSAN,unchanged,
Bara,5233,TR-A,TEMELLİ,unchanged,
Bara,5234,154 B-1,TEMELLİ,unchanged,
Bara,5235,154 B-2,TEMELLİ,unchanged,
Bara,5236,154 B-1,TÜMOSAN,unchanged,
Bara,5237,TR-A,TÜMOSAN,unchanged,
Bara,5238,154 B-1,ÜMİTKÖY,unchanged,
Bara,5239,TR-A,ÜMİTKÖY,unchanged,
Bara,5240,TR-B,ÜMİTKÖY,unchanged,
Bara,5241,154 B-1,YAMULA HES,unchanged,
Bara,5242,154 B-2,YAMULA HES,unchanged,
Bara,5245,154 B-1,YEŞİLHİSAR,unchanged,
Bara,5246,154 B-2,YEŞİLHİSAR,unchanged,
Bara,5247,TR-A,YEŞİLHİSAR,unchanged,
Bara,5248,154 B-1,YİBİTAŞ,unchanged,
Bara,5249,TR-A,YİBİTAŞ,unchanged,
Bara,5251,154 B-1,YILDIZ,unchanged,
Bara,5254,TR-1,YILDIZ,unchanged,
Bara,5255,TR-2,YILDIZ,unchanged,
Bara,5256,154 B-1,YOZGAT,unchanged,
Bara,5257,TR-A,YOZGAT,unchanged,
Bara,5263,400 B-1,BAĞLUM,unchanged,
Bara,5264,400 B1-A,ÇAYIRHAN TES,unchanged,
Bara,5265,400 B-1,GÖKÇEKAYA HES,unchanged,
Bara,5268,400 B-1,GÖLBAŞI,unchanged,
Bara,5269,400 B-1,EREĞLİ KONYA,unchanged,
Bara,5274,400 B-1,KAYSERİ KAPASİTÖR,unchanged,
Bara,5276,400 B-1,KARATAY,unchanged,
Bara,5279,400 B-1,SİNCAN,unchanged,
Bara,5284,400 B-1,TEMELLİ,unchanged,
Bara,5295,400 B-1,YEŞİLHİSAR,unchanged,
Bara,5296,154 B-1,ALİBEY HÖYÜĞÜ,unchanged,
Bara,5297,TR-A,ALİBEY HÖYÜĞÜ,unchanged,
Bara,5300,154 B-1,AKDAĞ MADENİ,unchanged,
Bara,5301,TR-A,AKDAĞ MADENİ,unchanged,
Bara,5305,TR-1,AKKÖPRÜ,unchanged,
Bara,5306,TR-2,AKKÖPRÜ,unchanged,
Bara,5310,154 B-1,ANKARA SANAYİ,unchanged,
Bara,5311,TR-A,ANKARA SANAYİ,unchanged,
Bara,5312,TR-B,ANKARA SANAYİ,unchanged,
Bara,5315,TR-A,BAĞLUM,unchanged,
Bara,5316,154 B-1,BAĞLUM,unchanged,
Bara,5317,154 B-2,BAĞLUM,unchanged,
Bara,5318,154 B-1,BALGAT,unchanged,
Bara,5320,TR-A,BALGAT,unchanged,
Bara,5321,TR-B,BALGAT,unchanged,
Bara,5322,154 B-1,BAŞTAŞ,unchanged,
Bara,5323,TR-1,BAŞTAŞ,unchanged,
Bara,5324,TR-2,BAŞTAŞ,unchanged,
Bara,5325,154 B-1A,BAYMİNA DGKÇ,unchanged,
Bara,5326,154 B-1B,BAYMİNA DGKÇ,unchanged,
Bara,5327,154 B-1C,BAYMİNA DGKÇ,unchanged,
Bara,5328,154 B-1,BEYLİKKÖPRÜ,unchanged,
Bara,5329,154 B-1,BEYPAZARI,unchanged,
Bara,5330,TR-A,BEYPAZARI,updated,Gerilim (kV)
Bara,5331,TR-1,BOĞAZLIYAN,unchanged,
Bara,5332,154 B-1,BOĞAZLIYAN,unchanged,
Bara,5333,154 B-1,BOR,unchanged,
Bara,5334,TR-A,BOR,unchanged,
Bara,5335,TR-A,BEYLİKKÖPRÜ,unchanged,
Bara,5336,154 B-1,ÇAMLICA1 HES,unchanged,
Bara,5337,154 B-2,ÇAMLICA1 HES,unchanged,
Bara,5338,154 B-1,ÇAYIRHAN TES,unchanged,
Bara,5339,TR-A,ÇAYIRHAN TES,unchanged,
Bara,5341,TR-A,CİHANBEYLİ,unchanged,
Bara,5342,TR-B,CİHANBEYLİ,unchanged,
Bara,5343,154 B-1,CİHANBEYLİ,unchanged,
Bara,5344,154 B-1,ÇİMPOR,unchanged,
Bara,5345,154 B-2,ÇİMPOR,unchanged,
Bara,5346,TR-1,ÇİMPOR,unchanged,
Bara,5347,TR-2,ÇİMPOR,unchanged,
Bara,5348,154 B-1,ÇİNKUR,unchanged,
Bara,5349,TR-C,ÇİNKUR,unchanged,
Bara,5350,TR-D,ÇİNKUR,unchanged,
Bara,5353,154 B-1,ÇUMRA,unchanged,
Bara,5354,TR-A,ÇUMRA,unchanged,
Bara,5355,154 B-1,DERİNKUYU,unchanged,
Bara,5356,154 B-2,DERİNKUYU,unchanged,
Bara,5357,TR-1,DERİNKUYU,unchanged,
Bara,5358,154 B-1,EMİRLER,unchanged,
Bara,5359,TR-1-2,EMİRLER,unchanged,
Bara,5360,154 B-1,ESENBOĞA,unchanged,
Bara,5361,TR-A,ESENBOĞA,updated,Veri Toplama
Bara,5362,TR-B,ESENBOĞA,updated,Veri Toplama
Bara,5363,154 B-1,ETİ SODA,unchanged,
Bara,5364,TR-A,ETİ SODA,unchanged,
Bara,5365,154 B-1,KULU,unchanged,
Bara,5368,154 B-1,GÜNEYSINIR,unchanged,
Bara,5369,154 B-1,BAYRAMHACILI HES,unchanged,
Bara,5370,154 B-1A,DDY KOCAHACILI,unchanged,
Bara,5371,154 B-1A,DDY ÇAYIRBAŞI,unchanged,
Bara,5372,154 B-1A,DDY GÖZLÜ,unchanged,
Bara,5373,154 B-1A,DDY A.PINARBAŞI,unchanged,
Bara,5374,154 B-1,KEPEZKAYA HAVZA,unchanged,
Bara,5376,154 B-1,NİĞDE OSB,unchanged,
Bara,5377,154 B-1,ÇAMLICA3 HES,unchanged,
Bara,5378,154 B-1,KEPEZKAYA HES,unchanged,
Bara,5379,TR-C,SİNCAN,unchanged,
Bara,5380,154 B-1,AKSU RES,unchanged,
Bara,5381,TR-A,AKSU RES,unchanged,
Bara,5382,TR-B,AKSU RES,unchanged,
Bara,5383,TR-A,KEPEZKAYA HAVZA,unchanged,
Bara,5384,154 B-1,YENİCE HES,unchanged,
Bara,5385,TR-A,YENİCE HES,unchanged,
Bara,5386,154 B-1,DDY BEYLİKKÖPRÜ,unchanged,
Bara,5387,154 B-1,DDY SAZAK,unchanged,
Bara,5388,TR-A,NİĞDE OSB,unchanged,
Bara,5389,TR-C,KAYACIK,unchanged,
Bara,5393,154 B-1,ARAKLI,unchanged,
Bara,5395,400 B-1,TEKİRDAĞ DGKÇ (A),unchanged,
Bara,5396,400 B-1A,HAMİTABAT DGKÇ,unchanged,
Bara,5397,154 B-1,HAMİTABAT DGKÇ,unchanged,
Bara,5398,154 B-2,HAMİTABAT DGKÇ,unchanged,
Bara,5399,400 B-1,BABAESKİ,unchanged,
Bara,5400,154 B-1,BABAESKİ,unchanged,
Bara,5401,TR-A,BABAESKİ,unchanged,
Bara,5402,400 B-1,KAPTANÇELİK,unchanged,
Bara,5403,TR-1,KAPTANÇELİK,unchanged,
Bara,5404,TR-2,KAPTANÇELİK,unchanged,
Bara,5405,TR-3,KAPTANÇELİK,unchanged,
Bara,5406,154 B-1,TEKİRDAĞ DGKÇ (B),unchanged,
Bara,5407,154 B-2,TEKİRDAĞ DGKÇ (B),unchanged,
Bara,5408,154 B-1,BOTAŞ,unchanged,
Bara,5409,TR-C,BOTAŞ,unchanged,
Bara,5410,TR-A,BOTAŞ,unchanged,
Bara,5411,TR-B,BOTAŞ,unchanged,
Bara,5412,154 B-1,BÜYÜKÇEKMECE,unchanged,
Bara,5413,TR-A,BÜYÜKÇEKMECE,unchanged,
Bara,5414,TR-B,BÜYÜKÇEKMECE,unchanged,
Bara,5415,154 B-1,BÜYÜKKARIŞTIRAN,unchanged,
Bara,5416,TR-A,BÜYÜKKARIŞTIRAN,unchanged,
Bara,5417,TR-B,BÜYÜKKARIŞTIRAN,unchanged,
Bara,5418,154 B-1,ÇERKEZKÖY,unchanged,
Bara,5419,TR-A,ÇERKEZKÖY,unchanged,
Bara,5420,TR-B,ÇERKEZKÖY,unchanged,
Bara,5421,TR-C,ÇERKEZKÖY,unchanged,
Bara,5426,154 B-1,TEKİRDAĞ,unchanged,
Bara,5427,TR-A,TEKİRDAĞ,unchanged,
Bara,5429,154 B-1,LÜLEBURGAZ,unchanged,
Bara,5430,TR-A,LÜLEBURGAZ,unchanged,
Bara,5432,154 B-1,ULAŞ,unchanged,
Bara,5433,154 B-2,ULAŞ,unchanged,
Bara,5434,TR-A,ULAŞ,unchanged,
Bara,5435,154 B-1,TEGESAN,unchanged,
Bara,5436,TR-A,TEGESAN,unchanged,
Bara,5437,TR-B,TEGESAN,unchanged,
Bara,5438,154 B-1,KIYIKÖY,unchanged,
Bara,5439,TR-A,KIYIKÖY,unchanged,
Bara,5440,154 B-1,AKÇANSA,unchanged,
Bara,5441,154 B-2,AKÇANSA,unchanged,
Bara,5442,TR-A,AKÇANSA,unchanged,
Bara,5444,154 B-1,SİLİVRİ,unchanged,
Bara,5445,154 B-2,SİLİVRİ,unchanged,
Bara,5446,TR-A,SİLİVRİ,unchanged,
Bara,5447,TR-B,SİLİVRİ,unchanged,
Bara,5448,154 B-1,UZUNKÖPRÜ,unchanged,
Bara,5449,TR-A-B,UZUNKÖPRÜ,unchanged,
Bara,5451,154 B-1,HAVSA,unchanged,
Bara,5452,66 B-1,KEPEZ 1 HES,unchanged,
Bara,5453,TR-A,HAVSA,unchanged,
Bara,5455,154 B-1,PINARHİSAR,unchanged,
Bara,5456,TR-A,PINARHİSAR,unchanged,
Bara,5457,TR-B,PINARHİSAR,unchanged,
Bara,5460,154 B-1,KEŞAN,unchanged,
Bara,5461,154 B-2,KEŞAN,unchanged,
Bara,5462,TR-A,KEŞAN,unchanged,
Bara,5463,TR-B,KEŞAN,unchanged,
Bara,5466,154 B-1,KUMLİMANI,unchanged,
Bara,5468,TR-A,KUMLİMANI,unchanged,
Bara,5472,154 B-1,EDİRNE ÇİMENTO,unchanged,
Bara,5473,TR-A,EDİRNE ÇİMENTO,unchanged,
Bara,5474,154 B-1,KIRKLARELİ,unchanged,
Bara,5475,TR-A,KIRKLARELİ,unchanged,
Bara,5477,154 B-1,ZORLU ENERJİ DGKÇ,unchanged,
Bara,5478,154 B-2,ZORLU ENERJİ DGKÇ,unchanged,
Bara,5479,TR-A,ZORLU ENERJİ DGKÇ,unchanged,
Bara,5480,154 B-1,KIRKLARELİ DGKÇ,removed-from-source,
Bara,5481,154 B-2,KIRKLARELİ DGKÇ,removed-from-source,
Bara,5482,154 B-1,BURGAZ RES,unchanged,
Bara,5483,154 B-2,BURGAZ RES,unchanged,
Bara,5484,154 B-1,CAN ENERJİ DGKÇ,unchanged,
Bara,5485,154 B-2,CAN ENERJİ DGKÇ,unchanged,
Bara,5490,TR-B,TAŞKÖPRÜ,unchanged,
Bara,5497,TR-C,KIRIKKALE,unchanged,
Bara,5498,TR-D,KIRIKKALE,unchanged,
Bara,5499,154 B-1,KÜRTÜN HES,unchanged,
Bara,5500,TR-2,HASKÖY,unchanged,
Bara,5501,TR-B,OSTİM OSB,unchanged,
Bara,5502,154 B-1,SİVRİHİSAR,unchanged,
Bara,5503,TR-A,SİVRİHİSAR,unchanged,
Bara,5505,154 B-1,TORUL HES,unchanged,
Bara,5506,TR-A,TOKAT OSB,unchanged,
Bara,5508,TR-A,AMASYA,unchanged,
Bara,5509,154 B-1,ALTINEKİN,unchanged,
Bara,5510,TR-A,ALTINEKİN,unchanged,
Bara,5514,TR-2,KULU,unchanged,
Bara,5517,154 B-1,ÇERKEZKÖY OSB,unchanged,
Bara,5518,154 B-2,ÇERKEZKÖY OSB,unchanged,
Bara,5519,TR-A,ÇERKEZKÖY OSB,unchanged,
Bara,5520,TR-B,ÇERKEZKÖY OSB,unchanged,
Bara,5521,154 B-1,MODERN ENERJİ DGKÇ,unchanged,
Bara,5522,154 B-2,MODERN ENERJİ DGKÇ,unchanged,
Bara,5523,TR-A,MODERN ENERJİ DGKÇ,unchanged,
Bara,5524,TR-B,MODERN ENERJİ DGKÇ,unchanged,
Bara,5525,TR-C,MODERN ENERJİ DGKÇ,unchanged,
Bara,5526,154 B-1,TRAKYA ÇİMENTO,unchanged,
Bara,5527,TR-A,TRAKYA ÇİMENTO,unchanged,
Bara,5528,154 B-1,ÇATALCA RES,unchanged,
Bara,5529,TR-A,ÇATALCA RES,unchanged,
Bara,5530,154 B-1,DELTA ENERJİ DGKÇ,unchanged,
Bara,5531,154 B-1,MARMARA PAMUKLU DGKÇ,unchanged,
Bara,5532,TR-A,MARMARA PAMUKLU DGKÇ,unchanged,
Bara,5533,154 B-1,SARIKAYA RES,unchanged,
Bara,5535,154 B-1,ENEZ,unchanged,
Bara,5538,TR-B,ENEZ,unchanged,
Bara,5539,154 B-1,BOREAS RES,unchanged,
Bara,5542,154 B-1,ALTINTEPE,unchanged,
Bara,5543,154 B-2,ALTINTEPE,unchanged,
Bara,5544,TR-A,ALTINTEPE,unchanged,
Bara,5545,TR-B,ALTINTEPE,unchanged,
Bara,5546,TR-D,ALTINTEPE,unchanged,
Bara,5547,154 B-1,YENİKAPI,unchanged,
Bara,5548,154 B-2,YENİKAPI,unchanged,
Bara,5550,TR-A,YENİKAPI,unchanged,
Bara,5552,TR-B,YENİKAPI,unchanged,
Bara,5553,400 B-1,İSTANBUL DGKÇ (A),unchanged,
Bara,5554,TR-C,YENİKAPI,unchanged,
Bara,5555,154 B-1,KÜÇÜKKÖY,unchanged,
Bara,5556,154 B-1,İSTANBUL DGKÇ (A),unchanged,
Bara,5557,TR-A,KÜÇÜKKÖY,unchanged,
Bara,5558,154 B-2,İSTANBUL DGKÇ (A),unchanged,
Bara,5559,TR-C,KÜÇÜKKÖY,unchanged,
Bara,5560,TR-B,KÜÇÜKKÖY,unchanged,
Bara,5562,154 B-1,KASIMPAŞA,unchanged,
Bara,5563,154 B-2,KASIMPAŞA,unchanged,
Bara,5564,154 B-T,AMBARLI TM,unchanged,
Bara,5565,TR-A,KASIMPAŞA,unchanged,
Bara,5566,TR-C,KASIMPAŞA,unchanged,
Bara,5567,400 B-1,ALİBEYKÖY,unchanged,
Bara,5569,154 B-1,ALİBEYKÖY,unchanged,
Bara,5570,154 B-1,BAHÇEŞEHİR,unchanged,
Bara,5571,154 B-2,ALİBEYKÖY,unchanged,
Bara,5572,154 B-2,BAHÇEŞEHİR,unchanged,
Bara,5573,TR-A,BAHÇEŞEHİR,unchanged,
Bara,5574,TR-A,ALİBEYKÖY,unchanged,
Bara,5575,TR-B,BAHÇEŞEHİR,unchanged,
Bara,5576,TR-B,ALİBEYKÖY,unchanged,
Bara,5577,154 B-1,TAŞOLUK,unchanged,
Bara,5578,TR-A,AMBARLI TM,unchanged,
Bara,5579,154 B-2,TAŞOLUK,unchanged,
Bara,5580,TR-B,AMBARLI TM,unchanged,
Bara,5581,TR-C,AMBARLI TM,unchanged,
Bara,5582,TR-A,TAŞOLUK,unchanged,
Bara,5583,TR-D,AMBARLI TM,unchanged,
Bara,5584,TR-B,TAŞOLUK,unchanged,
Bara,5585,154 B-1,MASLAK,unchanged,
Bara,5586,154 B-2,MASLAK,unchanged,
Bara,5587,400 B-1,ATIŞALANI,unchanged,
Bara,5588,TR-A,MASLAK,unchanged,
Bara,5589,TR-B,MASLAK,unchanged,
Bara,5592,154 B-1,ATIŞALANI,unchanged,
Bara,5593,154 B-2,ATIŞALANI,unchanged,
Bara,5594,TR-A,ATIŞALANI,unchanged,
Bara,5595,TR-B,ATIŞALANI,unchanged,
Bara,5600,154 B-1,BEYLİKDÜZÜ,unchanged,
Bara,5602,154 B-2,BEYLİKDÜZÜ,unchanged,
Bara,5603,TR-A,BEYLİKDÜZÜ,unchanged,
Bara,5604,400 B-1,İKİTELLİ,unchanged,
Bara,5605,TR-B,BEYLİKDÜZÜ,unchanged,
Bara,5606,154 B-1,İKİTELLİ,unchanged,
Bara,5607,154 B-2,İKİTELLİ,unchanged,
Bara,5608,TR-C,BEYLİKDÜZÜ,unchanged,
Bara,5609,TR-A,İKİTELLİ,unchanged,
Bara,5610,TR-C,İKİTELLİ,unchanged,
Bara,5611,TR-D,BEYLİKDÜZÜ,unchanged,
Bara,5612,TR-5,İKİTELLİ,unchanged,
Bara,5613,154 B-1,BAHÇELİEVLER,unchanged,
Bara,5614,154 B-2,BAHÇELİEVLER,unchanged,
Bara,5615,TR-6,İKİTELLİ,unchanged,
Bara,5616,TR-A,BAHÇELİEVLER,unchanged,
Bara,5617,TR-B,İKİTELLİ,unchanged,
Bara,5618,TR-B,BAHÇELİEVLER,unchanged,
Bara,5619,400 B-1,HABİBLER,unchanged,
Bara,5620,154 B-1,HABİBLER,unchanged,
Bara,5621,TR-C,BAHÇELİEVLER,unchanged,
Bara,5622,154 B-2,HABİBLER,unchanged,
Bara,5623,TR-A,HABİBLER,unchanged,
Bara,5624,TR-B,HABİBLER,unchanged,
Bara,5625,154 B-1,HADIMKÖY,unchanged,
Bara,5626,TR-A,HADIMKÖY,unchanged,
Bara,5627,TR-B,HADIMKÖY,unchanged,
Bara,5628,154 B-1,ŞİŞLİ,unchanged,
Bara,5629,154 B-2,ŞİŞLİ,unchanged,
Bara,5630,TR-C,ŞİŞLİ,unchanged,
Bara,5631,TR-B,ŞİŞLİ,unchanged,
Bara,5633,154 B-1,LEVENT,unchanged,
Bara,5634,154 B-2,LEVENT,unchanged,
Bara,5636,TR-B,LEVENT,unchanged,
Bara,5637,TR-C,LEVENT,unchanged,
Bara,5638,TR-D,LEVENT,unchanged,
Bara,5639,154 B-1,YILDIZTEPE,unchanged,
Bara,5640,154 B-1,ETİLER,unchanged,
Bara,5641,154 B-2,YILDIZTEPE,unchanged,
Bara,5642,TR-A,YILDIZTEPE,unchanged,
Bara,5643,TR-C,ETİLER,unchanged,
Bara,5644,TR-B,YILDIZTEPE,unchanged,
Bara,5645,TR-A,ETİLER,unchanged,
Bara,5646,TR-B,ETİLER,unchanged,
Bara,5647,TR-3,YILDIZTEPE,unchanged,
Bara,5648,154 B-1,VELİEFENDİ,unchanged,
Bara,5649,400 B-1,ZEKERİYAKÖY,unchanged,
Bara,5650,154 B-2,VELİEFENDİ,unchanged,
Bara,5651,154 B-1,ZEKERİYAKÖY,unchanged,
Bara,5652,TR-C,VELİEFENDİ,unchanged,
Bara,5653,TR-D,VELİEFENDİ,unchanged,
Bara,5654,154 B-2,ZEKERİYAKÖY,unchanged,
Bara,5657,TR-1,ZEKERİYAKÖY,unchanged,
Bara,5658,154 B-1,SULTANMURAT,unchanged,
Bara,5659,400 B-1,YENİBOSNA,unchanged,
Bara,5660,154 B-2,SULTANMURAT,unchanged,
Bara,5661,154 B-1,YENİBOSNA,unchanged,
Bara,5662,154 B-2,YENİBOSNA,unchanged,
Bara,5663,TR-A,YENİBOSNA,unchanged,
Bara,5664,TR-A,SULTANMURAT,unchanged,
Bara,5665,TR-C,SULTANMURAT,unchanged,
Bara,5667,TR-B,YENİBOSNA,unchanged,
Bara,5670,TR-1,YENİBOSNA,unchanged,
Bara,5672,TR-3,YENİBOSNA,unchanged,
Bara,5674,154 B-1,TOPKAPI,unchanged,
Bara,5675,154 B-1,SİLAHTAR,unchanged,
Bara,5676,154 B-2,TOPKAPI,unchanged,
Bara,5677,TR-A,SİLAHTAR,unchanged,
Bara,5678,TR-A,TOPKAPI,unchanged,
Bara,5679,154 B-1,BAĞCILAR,unchanged,
Bara,5680,TR-B,TOPKAPI,unchanged,
Bara,5681,154 B-2,BAĞCILAR,unchanged,
Bara,5682,TR-A,BAĞCILAR,unchanged,
Bara,5683,TR-B,BAĞCILAR,unchanged,
Bara,5684,TR-C,BAĞCILAR,unchanged,
Bara,5685,TR-B,TEMELLİ,unchanged,
Bara,5688,TR-A,KARAKAYA HES,unchanged,
Bara,5689,TR-B,KARAKAYA HES,unchanged,
Bara,5690,TR-A,ARTOVA ÇİMENTO,unchanged,
Bara,5692,TR-A,ALACA,unchanged,
Bara,5695,TR-B,DARENDE,unchanged,
Bara,5696,TR-A,VEZİRKÖPRÜ,unchanged,
Bara,5697,TR-B,VEZİRKÖPRÜ,unchanged,
Bara,5698,TR-C,ÜMİTKÖY,unchanged,
Bara,5699,154 B-1,TURANKÖY,unchanged,
Bara,5700,154 B-1,MURATLI ARMA HES,unchanged,
Bara,5701,154 B-1,UZUNDERE1 HES,unchanged,
Bara,5702,154 B-1,SİVEREK,unchanged,
Bara,5703,TR-A,SİVEREK,unchanged,
Bara,5704,TR-B,SİVEREK,unchanged,
Bara,5709,TR-A,BİZNA HAVZA,unchanged,
Bara,5711,TR-E,DİKMEN1,unchanged,
Bara,5714,TR-B,BİNGÖL,unchanged,
Bara,5716,TR-4,ÖZLÜCE HES,unchanged,
Bara,5717,TR-B,PEKMEZLİ,unchanged,
Bara,5718,TR-A,ŞANLIURFA ÇİMENTO,unchanged,
Bara,5719,TR-B,ŞANLIURFA ÇİMENTO,unchanged,
Bara,5720,TR-A,KARACA,unchanged,
Bara,5721,TR-B,BELKIS,unchanged,
Bara,5722,TR-B,ÇÖÇELLİ,unchanged,
Bara,5723,TR-A,SARIGÜZEL HES,unchanged,
Bara,5726,TR-B,ÇÖLLOLAR,unchanged,
Bara,5727,TR-C,KAYSERİ3,unchanged,
Bara,5730,154 B-1,KOZLU,unchanged,
Bara,5731,400 B-1,MALTEPE İSTANBUL,unchanged,
Bara,5736,TR-A,BAFRA,unchanged,
Bara,5737,TR-B,BAFRA,unchanged,
Bara,5738,TR-A-B,BOYABAT,unchanged,
Bara,5740,TR-A,CİDE,unchanged,
Bara,5742,TR-A,ÇORUM1,unchanged,
Bara,5743,TR-C,ÇORUM1,unchanged,
Bara,5745,TR-B,SUNGURLU OSB,unchanged,
Bara,5748,154 B-1,CUMHURİYET,unchanged,
Bara,5749,154 B-2,CUMHURİYET,unchanged,
Bara,5750,TR-A,CUMHURİYET,unchanged,
Bara,5751,TR-E,CUMHURİYET,unchanged,
Bara,5752,154 B-1,OLUR HAVZA,unchanged,
Bara,5753,TR-A,ÇAMLICA3 HES,unchanged,
Bara,5754,TR-A,OLUR HAVZA,unchanged,
Bara,5756,TR-A,ŞEBİNKARAHİSAR,unchanged,
Bara,5757,TR,AKOCAK HES,unchanged,
Bara,5758,TR-A,İNEBOLU,unchanged,
Bara,5762,TR-A,ÇORUM2,unchanged,
Bara,5763,TR-B,ÇORUM2,unchanged,
Bara,5764,TR-1,YAMANLI3 HES,unchanged,
Bara,5765,TR-2,YAMANLI3 HES,unchanged,
Bara,5768,TR-1,KİLLİK RES,unchanged,
Bara,5769,TR-3,TARSUS,unchanged,
Bara,5770,TR-B (TR-23),TUNÇBİLEK A TES,unchanged,
Bara,5771,TR-GR4YOLVE,TUNÇBİLEK B TES,unchanged,
Bara,5772,TR-D,İKİTELLİ,unchanged,
Bara,5773,154 B-1,SUAT UĞURLU HES,unchanged,
Bara,5775,TR-D,YENİKAPI,unchanged,
Bara,5777,TR-B,MUDURNU,unchanged,
Bara,5786,TR-A,HAYRAT HAVZA,unchanged,
Bara,5788,TR-A,KAVAK OSB,unchanged,
Bara,5789,TR-A,KAYADÜZÜ RES,unchanged,
Bara,5791,TR-5,ELGÜN,unchanged,
Bara,5792,TR-6,ELGÜN,unchanged,
Bara,5794,154 B-1,TOROS HES,unchanged,
Bara,5795,154 B-1,EĞLENCE2 HES,unchanged,
Bara,5798,TR-A,GÖLKÖY,unchanged,
Bara,5799,154 B-1,GEÇİCİ ILISU,unchanged,
Bara,5800,TR-A,GEÇİCİ ILISU,unchanged,
Bara,5801,TR-A,KARGI,unchanged,
Bara,5802,TR-A,KASTAMONU,unchanged,
Bara,5803,TR-B,KASTAMONU,unchanged,
Bara,5805,TR-A,KASTAMONU OSB,unchanged,
Bara,5807,154 B-1,KILIÇKAYA HES,unchanged,
Bara,5809,TR-B,YAĞLIDERE,unchanged,
Bara,5810,TR-C,KÖKLÜCE HES,unchanged,
Bara,5811,TR-D,KÖKLÜCE HES,unchanged,
Bara,5812,TR-A,KÜRE,unchanged,
Bara,5813,TR-B,KÜRE,unchanged,
Bara,5814,TR-A,YENİDERE HAVZA,unchanged,
Bara,5815,TR-B,YENİDERE HAVZA,unchanged,
Bara,5816,TR-C,YENİDERE HAVZA,unchanged,
Bara,5817,TR-A,LADİK ÇİMENTO,unchanged,
Bara,5818,TR-B,LADİK ÇİMENTO,unchanged,
Bara,5820,TR-A-B,ONDOKUZMAYIS,unchanged,
Bara,5821,TR-A,OBRUK HES,unchanged,
Bara,5822,TR-A,ORDU,unchanged,
Bara,5823,TR-B,ORDU,unchanged,
Bara,5824,TR-A,SAMSUN1,unchanged,
Bara,5825,TR-B,SAMSUN1,unchanged,
Bara,5829,TR-A,BÜYÜKDÜZ HAVZA,unchanged,
Bara,5833,TR-A,UMUT HES,unchanged,
Bara,5834,TR-A,KAYAKÖPRÜ HES,unchanged,
Bara,5836,TR-A,ARAKLI,unchanged,
Bara,5838,154 B-1,BURÇAK1 HES,unchanged,
Bara,5839,TR-A-B,IĞDIR,unchanged,
Bara,5846,TR-A,REŞADİYE HES,unchanged,
Bara,5847,TR-A,VAN1,unchanged,
Bara,5849,154 B-T,ILICA ZEKİ GÜRGEN,unchanged,
Bara,5860,154 B-1,FIRAT PLASTİK,unchanged,
Bara,5861,TR-A,FIRAT PLASTİK,unchanged,
Bara,5864,154 B-1,İNCEK,unchanged,
Bara,5865,TR-1,İNCEK,unchanged,
Bara,5866,154 B-2,BAŞKALE,unchanged,
Bara,5868,154 B-1,AÇS PAYAS,unchanged,
Bara,5869,TR-A,AÇS PAYAS,unchanged,
Bara,5873,154 B-1,POSOF HAVZA,unchanged,
Bara,5878,154 B-1,DARAN HES,unchanged,
Bara,5880,TR-D,BAŞPINAR OSB,unchanged,
Bara,5881,TR-C,ADAPAZARI,unchanged,
Bara,5882,TR-A,ERDEMİR2,unchanged,
Bara,5884,TR-B,ERDEMİR2,unchanged,
Bara,5887,400 B-1,ÇEŞME HAVZA,unchanged,
Bara,5888,400 B-2,ÇEŞME HAVZA,unchanged,
Bara,5889,TR-5,ÇEŞME HAVZA,unchanged,
Bara,5895,TR-1,MMK METALURJİ,unchanged,
Bara,5896,TR-2,MMK METALURJİ,unchanged,
Bara,5897,TR-3,MMK METALURJİ,unchanged,
Bara,5898,TR-4,MMK METALURJİ,unchanged,
Bara,5899,154 B-1,BOZÜYÜK OSB,unchanged,
Bara,5900,154 B-2,BOZÜYÜK OSB,unchanged,
Bara,5901,TR-A,BOZÜYÜK OSB,unchanged,
Bara,5903,TR-A,METRİSTEPE RES,unchanged,
Bara,5910,154 B-1,BULANIK,unchanged,
Bara,5911,TR-A,BULANIK,unchanged,
Bara,5912,154 B-1,YENİ ŞENBÜK RES,unchanged,
Bara,5913,154 B-1,ATİK RES,unchanged,
Bara,5914,400 B-1,ESKİŞEHİR3,unchanged,
Bara,5915,154 B-1,POYRAZ RES BALIKESİR,unchanged,
Bara,5917,154 B-1,DORA 3 JES,unchanged,
Bara,5918,154 B-2,DORA 3 JES,unchanged,
Bara,5919,TR-1,MALTEPE İSTANBUL,updated,Adı
Bara,5920,TR-3,MALTEPE İSTANBUL,updated,Adı
Bara,5925,TR-1,POYRAZ RES BALIKESİR,unchanged,
Bara,5928,TR-1,YENİ ŞENBÜK RES,unchanged,
Bara,5931,154 B-1,BODRUM 2,unchanged,
Bara,5932,TR-1,BODRUM 2,unchanged,
Bara,5935,TR-B,HANKENDİ,unchanged,
Bara,5936,154 B-1,MARDİN ÇİMENTO,unchanged,
Bara,5937,TR-A,MARDİN ÇİMENTO,unchanged,
Bara,5942,154 B-1,SAMSUN OSB DGKÇ,unchanged,
Bara,5944,154 B-1,EDİNCİK RES,unchanged,
Bara,5945,TR-A,EDİNCİK RES,unchanged,
Bara,5946,154 B-1,GEYCEK RES,unchanged,
Bara,5947,154 B-2,GEYCEK RES,unchanged,
Bara,5950,TR-1,GEYCEK RES,unchanged,
Bara,5951,TR-2,GEYCEK RES,unchanged,
Bara,5957,TR-D,SAMSUN OSB DGKÇ,unchanged,
Bara,5961,TR-2,BEYKENT OSB,unchanged,
Bara,5962,TR-A,TURANKÖY,unchanged,
Bara,5963,154 B-1,DEVECİKONAĞI HES,unchanged,
Bara,5967,400 B-1A,ERZİN DGKÇ,unchanged,
Bara,5968,154 B-1,YALNIZ ARDIÇ,unchanged,
Bara,5969,TR-A,YALNIZ ARDIÇ,unchanged,
Bara,5970,400 B-1,KARABURUN HAVZA,unchanged,
Bara,5971,TR-1,KARABURUN HAVZA,unchanged,
Bara,5975,TR-A,ÇAMOLUK,unchanged,
Bara,5982,400 B-1,DERİNER HES,unchanged,
Bara,5983,400 B-2,DERİNER HES,unchanged,
Bara,5984,TR-1,ATİK RES,unchanged,
Bara,5985,154 B-1,EĞLENCE1 HES,unchanged,
Bara,5986,154 B-1,KUŞAKLI HES,unchanged,
Bara,5987,154 B-1,KANDİL HES,unchanged,
Bara,5988,154 B-1,SİNCİK HAVZA,unchanged,
Bara,5989,TR-A,SİNCİK HAVZA,unchanged,
Bara,5990,154 B-1,SİNCİK RES,unchanged,
Bara,5991,TR-A,SİNCİK RES,unchanged,
Bara,5997,154 B-1,KIZILDERE2 JES,unchanged,
Bara,6001,TR-B,ULAŞ,unchanged,
Bara,6003,154 B-T,ARDEŞEN,unchanged,
Bara,6004,154 B-T,ANKARA SANAYİ,unchanged,
Bara,6005,400 B-2,BAĞLUM,unchanged,
Bara,6007,400 B-T,BAĞLUM,unchanged,
Bara,6008,154 B-T,BAĞLUM,unchanged,
Bara,6009,154 B-T,BALGAT,unchanged,
Bara,6010,154 B-T,BAŞTAŞ,unchanged,
Bara,6011,154 B-T,ÇAYIRHAN TES,unchanged,
Bara,6012,154 B-TA,SİNCAN,unchanged,
Bara,6013,154 B-TB,SİNCAN,unchanged,
Bara,6014,400 B-2,SİNCAN,unchanged,
Bara,6015,400 B-T,SİNCAN,unchanged,
Bara,6016,400 B-2,TEMELLİ,unchanged,
Bara,6017,400 B-T,TEMELLİ,unchanged,
Bara,6018,154 B-T,TEMELLİ,unchanged,
Bara,6019,154 B-T,BEYLİKKÖPRÜ,unchanged,
Bara,6020,154 B-T,BEYPAZARI,unchanged,
Bara,6021,154 B-T,YILDIZ,unchanged,
Bara,6022,154 B-T,EMİRLER,unchanged,
Bara,6023,154 B-T,ESENBOĞA,unchanged,
Bara,6024,154 B-T,KALECİK,unchanged,
Bara,6025,154 B-T,KIRIKKALE,unchanged,
Bara,6026,154 B-T,MAMAK,unchanged,
Bara,6027,154 B-T,SARIYAR HES,unchanged,
Bara,6028,154 B-T,ÜMİTKÖY,unchanged,
Bara,6030,154 B-T,OSTİM OSB,unchanged,
Bara,6031,154 B-2,ETİ SODA,unchanged,
Bara,6032,154 B-1B,DDY KOCAHACILI,unchanged,
Bara,6033,154 B-T,ALTINEKİN,unchanged,
Bara,6034,154 B-T,BİRKAPILI HES,unchanged,
Bara,6035,154 B-T,CİHANBEYLİ,unchanged,
Bara,6036,154 B-T,ÇUMRA,unchanged,
Bara,6037,154 B-T,DAĞPAZARI RES,unchanged,
Bara,6038,154 B-1B,DDY ÇAYIRBAŞI,unchanged,
Bara,6039,154 B-1B,DDY GÖZLÜ,unchanged,
Bara,6040,154 B-1B,DDY A.PINARBAŞI,unchanged,
Bara,6041,154 B-T,EREĞLİ KONYA,unchanged,
Bara,6042,400 B-2,ERMENEK HES,unchanged,
Bara,6043,154 B-T,GEZENDE HES,unchanged,
Bara,6045,154 B-T,GÜNEYSINIR,unchanged,
Bara,6046,154 B-T,KARAMAN,unchanged,
Bara,6047,154 B-T,KARAPINAR,unchanged,
Bara,6048,154 B-2,KEPEZKAYA HAVZA,unchanged,
Bara,6049,154 B-T,KAYACIK,unchanged,
Bara,6050,154 B-T,YAZIR,unchanged,
Bara,6051,400 B-2,KARATAY,unchanged,
Bara,6052,400 B-T,KARATAY,unchanged,
Bara,6053,154 B-T,KARATAY,unchanged,
Bara,6054,154 B-T,KULU,unchanged,
Bara,6055,154 B-T,LADİK,unchanged,
Bara,6056,154 B-T,MERSİN RES,unchanged,
Bara,6057,154 B-T,ŞEREFLİKOÇHİSAR,unchanged,
Bara,6066,154 B-2,ALACA,unchanged,
Bara,6067,154 B-T,KILIÇKAYA HES,unchanged,
Bara,6068,154 B-T,SUŞEHRİ,unchanged,
Bara,6069,154 B-T,AKDAĞ MADENİ,unchanged,
Bara,6070,154 B-T,AKSU RES,unchanged,
Bara,6072,154 B-T,BAYRAMHACILI HES,unchanged,
Bara,6073,154 B-T,BOĞAZLIYAN,unchanged,
Bara,6074,154 B-T,BOR,unchanged,
Bara,6075,154 B-2,ÇAMLICA3 HES,unchanged,
Bara,6076,154 B-T,ÇİNKUR,unchanged,
Bara,6077,154 B-T,KALABA,unchanged,
Bara,6078,154 B-T,HİRFANLI HES,unchanged,
Bara,6079,154 B-T,KAYSERİ2,unchanged,
Bara,6080,154 B-T,KAYSERİ3,unchanged,
Bara,6081,400 B-2,KAYSERİ KAPASİTÖR,unchanged,
Bara,6082,400 B-T,KAYSERİ KAPASİTÖR,unchanged,
Bara,6083,154 B-T,KAYSERİ KAPASİTÖR,unchanged,
Bara,6085,154 B-T,NEVŞEHİR,unchanged,
Bara,6086,154 B-T,NİĞDE,unchanged,
Bara,6087,154 B-2,NİĞDE OSB,unchanged,
Bara,6088,154 B-T,PETLAS,unchanged,
Bara,6089,154 B-T,ŞARKIŞLA,unchanged,
Bara,6090,154 B-T,SENDİREMEKE,unchanged,
Bara,6091,154 B-T,SIZIR,unchanged,
Bara,6092,154 B-T,SORGUN,unchanged,
Bara,6093,154 B-T,TÜMOSAN,unchanged,
Bara,6094,154 B-T,TAKSAN,unchanged,
Bara,6095,400 B-2,YEŞİLHİSAR,unchanged,
Bara,6096,400 B-T,YEŞİLHİSAR,unchanged,
Bara,6097,154 B-T,YEŞİLHİSAR,unchanged,
Bara,6098,154 B-T,YİBİTAŞ,unchanged,
Bara,6099,154 B-T,YOZGAT,unchanged,
Bara,6100,154 B-T,KARACAÖREN 1 HES,unchanged,
Bara,6101,154 B-T,KARACAÖREN 2 HES,unchanged,
Bara,6102,154 B-T,KEÇİBORLU,unchanged,
Bara,6103,66 B-T,KOVADA 1 HES,unchanged,
Bara,6104,154 B-T,KULEÖNÜ,unchanged,
Bara,6105,154 B-T,ALBAY ÇİĞİLTEPE RES,unchanged,
Bara,6106,400 B-2,AFYON2,unchanged,
Bara,6107,400 B-T,AFYON2,unchanged,
Bara,6108,154 B-1B,AFYON2,unchanged,
Bara,6109,154 B-2,İNCEK,unchanged,
Bara,6110,400 B-2,VARSAK,unchanged,
Bara,6111,400 B-T,VARSAK,unchanged,
Bara,6112,154 B-1B,VARSAK,unchanged,
Bara,6113,154 B-TB,VARSAK,unchanged,
Bara,6114,400 B-2,OYMAPINAR,unchanged,
Bara,6115,400 B-T,OYMAPINAR,unchanged,
Bara,6116,154 B-T,ANTALYA SERBEST BÖLGE,unchanged,
Bara,6117,154 B-T,KEMER ANTALYA,unchanged,
Bara,6118,154 B-T,KAŞ,unchanged,
Bara,6119,154 B-T,GAZİPAŞA,unchanged,
Bara,6120,66 B-T,KEPEZ 1 HES,unchanged,
Bara,6122,154 B-T,KUNDU,unchanged,
Bara,6123,154 B-T,YENİCE HES,unchanged,
Bara,6124,400 B-2,DENİZLİ4,unchanged,
Bara,6125,400 B-T,DENİZLİ4,unchanged,
Bara,6126,154 B-T,DENİZLİ4,unchanged,
Bara,6127,154 B-T,ADIGÜZEL HES,unchanged,
Bara,6128,154 B-T,DENİZLİ2,unchanged,
Bara,6129,154 B-T,DENİZLİ ÇİMENTO,unchanged,
Bara,6130,154 B-T,ACIPAYAM,unchanged,
Bara,6131,154 B-T,KIZILDERE1 JES,unchanged,
Bara,6132,154 B-T,TEFENNİ,unchanged,
Bara,6133,154 B-T,TAVAS,unchanged,
Bara,6134,400 B-2,RWE DENİZLİ DGKÇS,unchanged,
Bara,6135,400 B-T,RWE DENİZLİ DGKÇS,unchanged,
Bara,6136,154 B-2,ACARSOY ENERJİ,unchanged,
Bara,6137,400 B-2,KÖYLÜKÖY,unchanged,
Bara,6138,400 B-T,KÖYLÜKÖY,unchanged,
Bara,6139,154 B-T,KÖYLÜKÖY,unchanged,
Bara,6141,154 B-T,BALIKESİR SEKA,unchanged,
Bara,6142,154 B-T,BANDIRMA,unchanged,
Bara,6144,154 B-T,ÇANAKKALE ÇİMENTO,unchanged,
Bara,6145,154 B-T,GÖBEL,unchanged,
Bara,6147,154 B-T,GÖNEN,unchanged,
Bara,6148,154 B-T,ERDEK,unchanged,
Bara,6149,400 B-2,İÇDAŞ,unchanged,
Bara,6150,400 B-T,İÇDAŞ,unchanged,
Bara,6151,154 B-T,İÇDAŞ,unchanged,
Bara,6153,154 B-T,EDREMİT,unchanged,
Bara,6154,154 B-T,BİGADİÇ,unchanged,
Bara,6155,154 B-T,DURSUNBEY,unchanged,
Bara,6156,154 B-T,MANİSA SALİH KOCABEKİR,unchanged,
Bara,6157,400 B-2,SOMA B TES,unchanged,
Bara,6158,400 B-T,SOMA B TES,unchanged,
Bara,6159,154 B-T,SOMA B TES,unchanged,
Bara,6161,154 B-T,ALAŞEHİR,unchanged,
Bara,6162,154 B-T,AYVALIK,unchanged,
Bara,6163,154 B-T,BERGAMA,unchanged,
Bara,6164,154 B-T,DEMİRKÖPRÜ HES,unchanged,
Bara,6165,154 B-T,DERBENT,unchanged,
Bara,6166,154 B-T,KUYUCAK RES,unchanged,
Bara,6167,154 B-T,ÇAMSEKİ RES,unchanged,
Bara,6168,154 B-T,DÜZOVA RES,unchanged,
Bara,6169,400 B-2,SOMA RES,unchanged,
Bara,6171,400 B-T,SOMA RES,unchanged,
Bara,6172,400 B-2,BANDIRMA DGKÇS 1,unchanged,
Bara,6173,400 B-T,BANDIRMA DGKÇS 1,unchanged,
Bara,6174,154 B-T,SOMA 1 RES,unchanged,
Bara,6175,400 B-2,BEKİRLİ TES,unchanged,
Bara,6176,400 B-T,BEKİRLİ TES,unchanged,
Bara,6177,154 B-T,POYRAZ RES BALIKESİR,unchanged,
Bara,6178,154 B-T,BALIKESİR RES,unchanged,
Bara,6179,154 B-T,ŞAH RES,unchanged,
Bara,6180,154 B-T,SUSURLUK RES,unchanged,
Bara,6181,154 B-T,AKHİSAR RES,unchanged,
Bara,6182,400 B-2,ALİAĞA2,unchanged,
Bara,6183,400 B-T,ALİAĞA2,unchanged,
Bara,6187,400 B-2,IŞIKLAR,unchanged,
Bara,6188,400 B-T,IŞIKLAR,unchanged,
Bara,6189,154 B-TA,IŞIKLAR,unchanged,
Bara,6190,154 B-TB,IŞIKLAR,unchanged,
Bara,6191,400 B-2,UZUNDERE,unchanged,
Bara,6192,400 B-T,UZUNDERE,unchanged,
Bara,6193,154 B-T,UZUNDERE,unchanged,
Bara,6194,154 B-2,ALAÇATI,unchanged,
Bara,6195,154 B-T,ALÇUK,unchanged,
Bara,6196,400 B-2,MORSAN,unchanged,
Bara,6197,400 B-T,MORSAN,unchanged,
Bara,6198,154 B-T1,MORSAN,unchanged,
Bara,6199,154 B-T,ALMAK VEYSİ AKYÜZ,unchanged,
Bara,6200,154 B-T,ASLANLAR,unchanged,
Bara,6201,154 B-T,BORNOVA BÜLENT KUAS,unchanged,
Bara,6202,154 B-1B,BOSTANLI GİS,unchanged,
Bara,6203,400 B-2,İZMİR DGKÇS,unchanged,
Bara,6204,154 B-T,BOZYAKA,unchanged,
Bara,6206,154 B-T,EBSO,unchanged,
Bara,6208,154 B-T,EREGE METAL,unchanged,
Bara,6209,154 B-1B,HATAY GİS,unchanged,
Bara,6210,154 B-1B,ILICA GİS,unchanged,
Bara,6211,154 B-1B,PİYALE GİS,unchanged,
Bara,6212,154 B-T,ULUCAK,unchanged,
Bara,6213,154 B-T,URLA1,unchanged,
Bara,6214,154 B-T,VİKİNG,unchanged,
Bara,6215,154 B-T,MAZI RES,unchanged,
Bara,6216,154 B-T,KOCADAĞ RES,unchanged,
Bara,6217,154 B-T,SAMURLU RES,unchanged,
Bara,6218,154 B-T,ALİAĞA RES,unchanged,
Bara,6219,154 B-T,SEYİTALİ RES,unchanged,
Bara,6220,400 B-T,LODOS RES,unchanged,
Bara,6221,154 B-T,KOZBEYLİ RES,unchanged,
Bara,6222,154 B-T,ÖDEMİŞ,unchanged,
Bara,6223,154 B-T,TİRE,unchanged,
Bara,6224,400 B-2,KEMERKÖY TES,unchanged,
Bara,6225,400 B-T,KEMERKÖY TES,unchanged,
Bara,6226,154 B-T,KEMERKÖY TES,unchanged,
Bara,6228,400 B-2,YATAĞAN TES,unchanged,
Bara,6229,400 B-T,YATAĞAN TES,unchanged,
Bara,6230,154 B-T,YATAĞAN TES,unchanged,
Bara,6231,400 B-2,YENİKÖY TES,unchanged,
Bara,6232,400 B-T,YENİKÖY TES,unchanged,
Bara,6233,154 B-T,YENİKÖY TES,unchanged,
Bara,6234,154 B-T,ÇATALBÜK RES,unchanged,
Bara,6235,154 B-T,AKBÜK,unchanged,
Bara,6236,154 B-T,BODRUM 1,unchanged,
Bara,6237,154 B-T,MUĞLA,unchanged,
Bara,6238,154 B-1B,EŞEN 1 HES,unchanged,
Bara,6239,154 B-T,KEMER HES,unchanged,
Bara,6240,154 B-T,MARMARİS 1,unchanged,
Bara,6241,154 B-T,DATÇA,unchanged,
Bara,6242,154 B-T,FETHİYE,unchanged,
Bara,6243,154 B-T,MİLAS,unchanged,
Bara,6244,400 B-2,GERMENCİK,unchanged,
Bara,6245,400 B-T,GERMENCİK,unchanged,
Bara,6247,154 B-T,NAZİLLİ,unchanged,
Bara,6248,154 B-T,SÖKE,unchanged,
Bara,6249,154 B-T,DATÇA RES,unchanged,
Bara,6251,154 B-1B,ÇAN TES,unchanged,
Bara,6252,154 B-T,ERZİNCAN,unchanged,
Bara,6253,154 B-T,BAYBURT,unchanged,
Bara,6254,154 B-T,GÜMÜŞHANE,unchanged,
Bara,6255,154 B-T,AĞRI1,unchanged,
Bara,6256,400 B-T,AĞRI2,unchanged,
Bara,6257,154 B-T,AĞRI2,unchanged,
Bara,6258,154 B-T,HINIS,unchanged,
Bara,6259,154 B-T,HORASAN,unchanged,
Bara,6260,154 B-T,IĞDIR,unchanged,
Bara,6262,154 B-T,REFAHİYE,unchanged,
Bara,6263,154 B-T,TERCAN,unchanged,
Bara,6264,154 B-T,KARS,unchanged,
Bara,6265,154 B-T,ADİLCEVAZ,unchanged,
Bara,6266,400 B-T,BAŞKALE,unchanged,
Bara,6267,154 B-T,BAŞKALE,unchanged,
Bara,6268,154 B-T,BAĞIŞLI,unchanged,
Bara,6269,154 B-T,TATVAN,unchanged,
Bara,6270,154 B-T,MUŞ,unchanged,
Bara,6271,154 B-T,PATNOS,unchanged,
Bara,6273,154 B-T,ÇAMOLUK,unchanged,
Bara,6274,154 B-T,MURATLI ARMA HES,unchanged,
Bara,6275,154 B-T,YURT ÇİMENTO,unchanged,
Bara,6278,154 B-T,OLTU,unchanged,
Bara,6279,154 B-T,İYİDERE,unchanged,
Bara,6281,154 B-T,ÇAYELİ,unchanged,
Bara,6283,154 B-2,YUKARI MANAHOZ,unchanged,
Bara,6284,154 B-T,SARMAŞIK1-2 HES,unchanged,
Bara,6285,154 B-2,ERENLER HES,unchanged,
Bara,6286,154 B-2,CEVİZLİK HES,unchanged,
Bara,6287,154 B-T,POSOF HAVZA,unchanged,
Bara,6288,154 B-T,OLUR HAVZA,unchanged,
Bara,6290,154 B-T,AKSU YEDİGÖL HES,unchanged,
Bara,6291,154 B-2,GÜLLÜBAĞ HES,unchanged,
Bara,6292,154 B-T,ÇAYKARA HAVZA,unchanged,
Bara,6293,154 B-2,YOKUŞLU HES,unchanged,
Bara,6294,154 B-1,HAYRAT HAVZA,unchanged,
Bara,6295,154 B-T,ARPA HES,unchanged,
Bara,6296,154 B-1,META NİKEL,unchanged,
Bara,6297,TR-A,META NİKEL,unchanged,
Bara,6298,154 B-1,PAMUKÖREN JES,unchanged,
Bara,6299,400 B-2,TEKİRDAĞ DGKÇ (A),unchanged,
Bara,6300,400 B-T,TEKİRDAĞ DGKÇ (A),unchanged,
Bara,6301,400 B-2A,HAMİTABAT DGKÇ,unchanged,
Bara,6302,400 B-TA,HAMİTABAT DGKÇ,unchanged,
Bara,6303,400 B-1B,HAMİTABAT DGKÇ,unchanged,
Bara,6304,400 B-2B,HAMİTABAT DGKÇ,unchanged,
Bara,6305,400 B-TB,HAMİTABAT DGKÇ,unchanged,
Bara,6306,154 B-T,HAMİTABAT DGKÇ,unchanged,
Bara,6307,400 B-2,BABAESKİ,unchanged,
Bara,6308,400 B-T,BABAESKİ,unchanged,
Bara,6309,154 B-T,BABAESKİ,unchanged,
Bara,6310,400 B-T,KAPTANÇELİK,unchanged,
Bara,6311,154 B-T,BOTAŞ,unchanged,
Bara,6312,154 B-T,BÜYÜKÇEKMECE,unchanged,
Bara,6313,154 B-T,BÜYÜKKARIŞTIRAN,unchanged,
Bara,6315,154 B-T,TEKİRDAĞ,unchanged,
Bara,6316,154 B-T,LÜLEBURGAZ,unchanged,
Bara,6317,154 B-T,TEGESAN,unchanged,
Bara,6318,154 B-T,KIYIKÖY,unchanged,
Bara,6319,154 B-T,UZUNKÖPRÜ,unchanged,
Bara,6320,154 B-T,HAVSA,unchanged,
Bara,6321,154 B-T,PINARHİSAR,unchanged,
Bara,6325,154 B-T,EDİRNE ÇİMENTO,unchanged,
Bara,6326,154 B-T,KIRKLARELİ,unchanged,
Bara,6327,154 B-T,ZORLU ENERJİ DGKÇ,unchanged,
Bara,6328,154 B-T,TRAKYA ÇİMENTO,unchanged,
Bara,6329,154 B-2,ÇATALCA RES,unchanged,
Bara,6330,154 B-2,DELTA ENERJİ DGKÇ,unchanged,
Bara,6331,154 B-2,MARMARA PAMUKLU DGKÇ,unchanged,
Bara,6332,154 B-T,SARIKAYA RES,unchanged,
Bara,6334,154 B-T,ENEZ,unchanged,
Bara,6335,154 B-T,FIRAT PLASTİK,unchanged,
Bara,6336,400 B-2,İSTANBUL DGKÇ (A),unchanged,
Bara,6337,400 B-T,İSTANBUL DGKÇ (A),unchanged,
Bara,6338,154 B-T,İSTANBUL DGKÇ (A),unchanged,
Bara,6339,400 B-2,ALİBEYKÖY,unchanged,
Bara,6340,400 B-T,ALİBEYKÖY,unchanged,
Bara,6341,154 B-T,ALİBEYKÖY,unchanged,
Bara,6342,400 B-2,ATIŞALANI,unchanged,
Bara,6343,400 B-T,ATIŞALANI,unchanged,
Bara,6344,400 B-2,DAVUTPAŞA,unchanged,
Bara,6345,400 B-2,İKİTELLİ,unchanged,
Bara,6346,400 B-T,İKİTELLİ,unchanged,
Bara,6347,154 B-T,İKİTELLİ,unchanged,
Bara,6348,400 B-2,HABİBLER,unchanged,
Bara,6349,400 B-T,HABİBLER,unchanged,
Bara,6350,154 B-T,HABİBLER,unchanged,
Bara,6351,400 B-1A,YILDIZTEPE,unchanged,
Bara,6352,400 B-2,ZEKERİYAKÖY,unchanged,
Bara,6353,400 B-2,YENİBOSNA,unchanged,
Bara,6354,154 B-T,ETİLER,unchanged,
Bara,6355,154 B-T,HADIMKÖY,unchanged,
Bara,6356,154 B-T,KÜÇÜKKÖY,unchanged,
Bara,6357,154 B-T,ÇERKEZKÖY,unchanged,
Bara,6358,400 B-2,TEPEÖREN,unchanged,
Bara,6359,400 B-T,TEPEÖREN,unchanged,
Bara,6360,154 B-TA,TEPEÖREN,unchanged,
Bara,6361,154 B-TB,TEPEÖREN,unchanged,
Bara,6362,400 B-2,PAŞAKÖY,unchanged,
Bara,6363,400 B-T,PAŞAKÖY,unchanged,
Bara,6364,154 B-T,PAŞAKÖY,unchanged,
Bara,6365,400 B-2,ADAPAZARI,unchanged,
Bara,6366,400 B-T,ADAPAZARI,unchanged,
Bara,6367,154 B-TB,ADAPAZARI,unchanged,
Bara,6368,154 B-TA,ADAPAZARI,unchanged,
Bara,6369,400 B-2,ADA1 DGKÇS,unchanged,
Bara,6370,400 B-T,ADA1 DGKÇS,unchanged,
Bara,6371,400 B-2,ADA2 DGKÇS,unchanged,
Bara,6372,400 B-T,ADA2 DGKÇS,unchanged,
Bara,6373,154 B-T,HYUNDAI,unchanged,
Bara,6374,400 B-2,KÜÇÜKBAKKALKÖY,unchanged,
Bara,6375,154 B-2,KARTAL GİS,unchanged,
Bara,6376,154 B-T,TUZLA,unchanged,
Bara,6378,154 B-T,KROMAN ÇELİK,unchanged,
Bara,6381,154 B-T,KURTKÖY,unchanged,
Bara,6383,154 B-T,ŞİLE,unchanged,
Bara,6384,154 B-2,ENERJİSA KÖSEKÖY,unchanged,
Bara,6385,154 B-T,KÖSEKÖY,unchanged,
Bara,6386,154 B-T,HEREKE,unchanged,
Bara,6387,154 B-T,HENDEK,unchanged,
Bara,6388,154 B-T,YARIMCA2,unchanged,
Bara,6389,154 B-T,KAYNARCA,unchanged,
Bara,6390,154 B-2,KUZULUK,unchanged,
Bara,6391,154 B-T,MUDURNU,unchanged,
Bara,6392,154 B-T,YALOVA,unchanged,
Bara,6393,154 B-T,TOYOTASA,unchanged,
Bara,6394,154 B-2,AKSA YALOVA,unchanged,
Bara,6395,154 B-T,GÖLCÜK,unchanged,
Bara,6396,400 B-2,BURSA DGKÇS,unchanged,
Bara,6397,400 B-T,BURSA DGKÇS,unchanged,
Bara,6398,154 B-2A,BURSA DGKÇS,unchanged,
Bara,6399,154 B-2B,BURSA DGKÇS,unchanged,
Bara,6400,400 B-2,BURSA SANAYİ,unchanged,
Bara,6401,400 B-T,BURSA SANAYİ,unchanged,
Bara,6402,154 B-TA,BURSA SANAYİ,unchanged,
Bara,6403,154 B-TB,BURSA SANAYİ,unchanged,
Bara,6404,400 B-T,GÜRAĞAÇ,unchanged,
Bara,6405,154 B-T,GÜRAĞAÇ,unchanged,
Bara,6406,154 B-2,TUNÇBİLEK A TES,unchanged,
Bara,6407,400 B-2,SEYİTÖMER TES,unchanged,
Bara,6408,400 B-T,SEYİTÖMER TES,unchanged,
Bara,6409,154 B-T,SEYİTÖMER TES,unchanged,
Bara,6410,154 B-T,KARSAK,unchanged,
Bara,6411,154 B-T,GEMLİK,unchanged,
Bara,6412,154 B-T,ORHANGAZİ,unchanged,
Bara,6413,154 B-T,YILDIRIM,unchanged,
Bara,6414,154 B-T,BOSEN,unchanged,
Bara,6415,154 B-T,ORHANELİ TES,unchanged,
Bara,6416,154 B-T,MUSTAFA KEMAL PAŞA,unchanged,
Bara,6417,154 B-T,AKÇALAR,unchanged,
Bara,6418,154 B-2,YENİŞEHİR,unchanged,
Bara,6419,154 B-T,İNEGÖL,unchanged,
Bara,6421,154 B-T,BİLORSA,unchanged,
Bara,6422,154 B-T,SÖĞÜT,unchanged,
Bara,6423,154 B-T,BOZÜYÜK,unchanged,
Bara,6424,154 B-T,ESKİŞEHİR2,unchanged,
Bara,6425,154 B-T,ÇİFTELER,unchanged,
Bara,6426,154 B-T,GEDİZ,unchanged,
Bara,6427,154 B-T,KÜTAHYA,removed-from-source,
Bara,6428,154 B-T,ALTINTAŞ,unchanged,
Bara,6432,154 B-T,EMET,unchanged,
Bara,6433,154 B-T,BANDIRMA RES,unchanged,
Bara,6434,154 B-2,ETİ GÜMÜŞ,unchanged,
Bara,6435,154 B-T,METRİSTEPE RES,unchanged,
Bara,6438,154 B-T,BÖLÜCEK,unchanged,
Bara,6439,154 B-1,KİRAZLIK HES,unchanged,
Bara,6440,66 B-T,KARADENİZ EREĞLİ,removed-from-source,
Bara,6441,154 B-T,ÇATES MUHAMMED DEMİREL,unchanged,
Bara,6445,400 B-2,OSMANCA,unchanged,
Bara,6446,400 B-T,OSMANCA,unchanged,
Bara,6447,154 B-T,OSMANCA,unchanged,
Bara,6451,154 B-T,ERDEMİR2,unchanged,
Bara,6452,154 B-T,AKÇAKOCA,unchanged,
Bara,6453,154 B-T,ZONGULDAK,unchanged,
Bara,6455,154 B-T,GERKONSAN,unchanged,
Bara,6457,154 B-T,BOLU ÇİMENTO,unchanged,
Bara,6458,154 B-T,KAYNAŞLI,unchanged,
Bara,6459,154 B-T,BARTIN,unchanged,
Bara,6461,400 B-2,ZETES2,unchanged,
Bara,6463,154 B-T,KÖPRÜBAŞI HES,unchanged,
Bara,6464,154 B-T,KOZLU,unchanged,
Bara,6465,154 B-T,AYANCIK,unchanged,
Bara,6466,154 B-T,SİNOP,unchanged,
Bara,6467,154 B-T,BAFRA,unchanged,
Bara,6468,154 B-T,DERBENT HES,unchanged,
Bara,6469,154 B-T,ALTINKAYA HES,unchanged,
Bara,6470,154 B-T,CİDE,unchanged,
Bara,6471,154 B-T,KÜRE,unchanged,
Bara,6472,154 B-T,ONDOKUZMAYIS,unchanged,
Bara,6473,154 B-T,SAMSUN1,unchanged,
Bara,6475,154 B-1,POLAT TES,unchanged,
Bara,6476,154 B-T,KASTAMONU,unchanged,
Bara,6477,154 B-T,KASTAMONU OSB,unchanged,
Bara,6478,154 B-T,TAŞKÖPRÜ,unchanged,
Bara,6479,154 B-T,BOYABAT,unchanged,
Bara,6480,154 B-T,VEZİRKÖPRÜ,unchanged,
Bara,6482,154 B-T,LADİK ÇİMENTO,unchanged,
Bara,6484,154 B-T,KARGI,unchanged,
Bara,6485,154 B-T,ÇANKIRI,unchanged,
Bara,6486,400 B-T,KURŞUNLU,unchanged,
Bara,6487,154 B-T,KURŞUNLU,unchanged,
Bara,6488,154 B-T,ÇORUM1,unchanged,
Bara,6489,154 B-T,ÇORUM2,unchanged,
Bara,6490,154 B-T,AMASYA,unchanged,
Bara,6491,400 B-T,KAYABAŞI,unchanged,
Bara,6492,154 B-T,KAYABAŞI,unchanged,
Bara,6494,154 B-2,OBRUK HES,unchanged,
Bara,6495,154 B-T,İNEBOLU,unchanged,
Bara,6496,400 B-T,BOYABAT HES,unchanged,
Bara,6497,154 B-2,SAMSUN OSB DGKÇ,unchanged,
Bara,6498,154 B-T,KAVAK OSB,unchanged,
Bara,6499,154 B-T,SUNGURLU OSB,unchanged,
Bara,6500,154 B-2,SÖĞÜTSEN,unchanged,
Bara,6501,154 B-T,KAYADÜZÜ RES,unchanged,
Bara,6502,154 B-T,ORDU,unchanged,
Bara,6503,154 B-T,GİRESUN,unchanged,
Bara,6504,400 B-T,TİREBOLU,unchanged,
Bara,6505,154 B-TA,TİREBOLU,unchanged,
Bara,6506,154 B-T,ARSİN,unchanged,
Bara,6507,154 B-T,GÖLKÖY,unchanged,
Bara,6508,400 B-T,ÇARŞAMBA,unchanged,
Bara,6509,154 B-T,ÇARŞAMBA,unchanged,
Bara,6510,154 B-T,TRABZON,unchanged,
Bara,6511,154 B-T,ÜNYE,unchanged,
Bara,6513,154 B-T,DOĞANKENT HES,unchanged,
Bara,6514,154 B-T,ALMUS HES,unchanged,
Bara,6515,154 B-2,KÜRTÜN HES,unchanged,
Bara,6516,154 B-T,TOKAT,unchanged,
Bara,6517,154 B-2,TOKAT OSB,unchanged,
Bara,6518,154 B-T,KÖKLÜCE HES,unchanged,
Bara,6519,154 B-2,ARTOVA ÇİMENTO,unchanged,
Bara,6520,154 B-2,TORUL HES,unchanged,
Bara,6521,154 B-2,AKKÖY,unchanged,
Bara,6522,154 B-2,KOYULHİSAR HES,unchanged,
Bara,6523,154 B-2,DARICA1 HES,unchanged,
Bara,6524,154 B-2,REŞADİYE HES,unchanged,
Bara,6525,154 B-2,AKOCAK HES,unchanged,
Bara,6526,400 B-T,BİLGİN SAMSUN DGKÇ,unchanged,
Bara,6527,154 B-2,YENİDERE HAVZA,unchanged,
Bara,6528,154 B-T,BÜYÜKDÜZ HAVZA,unchanged,
Bara,6529,154 B-2,UMUT HES,unchanged,
Bara,6530,154 B-T,NİKSAR HES,unchanged,
Bara,6531,154 B-2,TUNA HES,unchanged,
Bara,6532,154 B-T,ÇIRAKDAMI HES,unchanged,
Bara,6533,154 B-T,ARAKLI,unchanged,
Bara,6534,154 B-T,YAĞLIDERE,unchanged,
Bara,6535,154 B-2,VAKFIKEBİR,unchanged,
Bara,6536,154 B-2,BURÇAK1 HES,unchanged,
Bara,6537,154 B-T,KİLLİK RES,unchanged,
Bara,6539,400 B-2,MALTEPE İSTANBUL,unchanged,
Bara,6540,400 B-2,ESKİŞEHİR3,unchanged,
Bara,6541,400 B-T,ESKİŞEHİR3,unchanged,
Bara,6542,154 B-2,TURANKÖY,updated,Veri Toplama
Bara,6543,400 B-2,YENİ DGKÇS,unchanged,
Bara,6544,154 B-T,DEVECİKONAĞI HES,unchanged,
Bara,6546,400 B-2,ADANA,unchanged,
Bara,6547,400 B-T,ADANA,unchanged,
Bara,6548,154 B-T,ADANA,unchanged,
Bara,6549,400 B-2,ERZİN,unchanged,
Bara,6550,400 B-T,ERZİN,unchanged,
Bara,6552,154 B-T,ANTAKYA2,unchanged,
Bara,6553,400 B-1,HATAY,unchanged,
Bara,6554,400 B-2,HATAY,unchanged,
Bara,6555,400 B-T,HATAY,unchanged,
Bara,6556,154 B-T,ASLANTAŞ HES,unchanged,
Bara,6557,154 B-1,ORDU HES,unchanged,
Bara,6559,154 B-1,DERELİ HES,unchanged,
Bara,6560,154 B-T,BAHÇE,unchanged,
Bara,6561,154 B-T,CEYHAN1,unchanged,
Bara,6562,154 B-T,CEYHAN2,unchanged,
Bara,6563,154 B-T,CİHADİYE,unchanged,
Bara,6564,154 B-T,İSKENDERUN2,unchanged,
Bara,6565,154 B-T,İSKENDERUN3,unchanged,
Bara,6566,154 B-T,KADİRLİ,unchanged,
Bara,6567,154 B-T,KOZAN,unchanged,
Bara,6568,154 B-T,MİSİS,unchanged,
Bara,6569,154 B-T,YUMURTALIK,unchanged,
Bara,6570,400 B-2,SUGÖZÜ TES,unchanged,
Bara,6571,400 B-T,SUGÖZÜ TES,unchanged,
Bara,6572,154 B-1B,SUGÖZÜ TES,unchanged,
Bara,6573,154 B-T,MENTAŞ HES,unchanged,
Bara,6574,400 B-T,ANDIRIN,unchanged,
Bara,6575,154 B-T-A,ANDIRIN,unchanged,
Bara,6576,400 B-2,İSDEMİR TES,unchanged,
Bara,6579,154 B-2A,İSDEMİR TES,unchanged,
Bara,6580,154 B-2B,İSDEMİR TES,unchanged,
Bara,6581,154 B-T,OSMANİYE OSB,unchanged,
Bara,6582,400 B-2,TOSÇELİK,unchanged,
Bara,6583,400 B-T,TOSÇELİK,unchanged,
Bara,6584,154 B-T,GÖKÇEDAĞ RES,unchanged,
Bara,6585,154 B-T,BELEN RES,unchanged,
Bara,6586,400 B-2,MMK METALURJİ,unchanged,
Bara,6587,400 B-T,MMK METALURJİ,unchanged,
Bara,6588,400 B-T,TOSYALI METALURJİ,unchanged,
Bara,6589,154 B-2,BERKMAN HES,unchanged,
Bara,6590,154 B-2,OŞKAN HES,unchanged,
Bara,6591,154 B-T,ZİYARET RES,unchanged,
Bara,6592,400 B-2A,ERZİN DGKÇ,unchanged,
Bara,6593,400 B-TA,ERZİN DGKÇ,unchanged,
Bara,6594,400 B-1B,ERZİN DGKÇ,unchanged,
Bara,6595,400 B-2B,ERZİN DGKÇ,unchanged,
Bara,6596,400 B-TB,ERZİN DGKÇ,unchanged,
Bara,6597,400 B-2,KOZAN HAVZA,unchanged,
Bara,6598,400 B-T,KOZAN HAVZA,unchanged,
Bara,6599,154 B-2,MENGE HES,unchanged,
Bara,6600,154 B-2,KÖPRÜ HES,unchanged,
Bara,6601,154 B-2,FEKE HAVZA,unchanged,
Bara,6602,154 B-2,YAMANLI3 HES,unchanged,
Bara,6603,154 B-2,FEKE2 HES,unchanged,
Bara,6604,154 B-T,ÇATALAN HES,unchanged,
Bara,6605,154 B-2,MERSİN TERMİK,unchanged,
Bara,6607,154 B-T,MERSİN2,unchanged,
Bara,6608,154 B-T,TARSUS,unchanged,
Bara,6609,154 B-1,UZUNDERE2 HES,unchanged,
Bara,6610,154 B-T,İNCİRLİK,unchanged,
Bara,6611,154 B-T,AÇS İNCİRLİK,unchanged,
Bara,6612,154 B-T,GÜNEY ADANA,unchanged,
Bara,6613,154 B-T,ZEYTİNLİ,unchanged,
Bara,6614,154 B-T,KARAHAN,unchanged,
Bara,6615,154 B-T,NACARLI,unchanged,
Bara,6616,154 B-T,YAKAKÖY,unchanged,
Bara,6617,154 B-T,KADINCIK1 HES,unchanged,
Bara,6618,154 B-T,TOROSLAR,unchanged,
Bara,6619,154 B-T,AKBELEN,unchanged,
Bara,6620,154 B-T,TAŞUCU,unchanged,
Bara,6621,154 B-T,ANAMUR,unchanged,
Bara,6622,154 B-T,ERDEMLİ,unchanged,
Bara,6623,154 B-T,KARAİSALI,unchanged,
Bara,6624,154 B-T,YENİ ŞEHİTLİK,unchanged,
Bara,6625,154 B-T,TOROS HES,unchanged,
Bara,6626,154 B-T,OTLUCA HES,unchanged,
Bara,6627,400 B-2,ÇAYIRHAN TES,unchanged,
Bara,6628,400 B-T,ÇAYIRHAN TES,unchanged,
Bara,6629,154 B-1,ÇAMBAŞI HES,unchanged,
Bara,6633,154 B-2,ÖZLÜCE HES,unchanged,
Bara,6634,154 B-T,ÖZLÜCE HES,unchanged,
Bara,6636,154 B-2,ELBİSTAN TES,unchanged,
Bara,6637,400 B-2,ÇOBANBEYLİ,unchanged,
Bara,6638,400 B-T,ÇOBANBEYLİ,unchanged,
Bara,6639,154 B-2,FERROKROM ELAZIĞ,unchanged,
Bara,6640,154 B-T,HAZAR1,unchanged,
Bara,6641,154 B-T,ADIYAMAN GÖLBAŞI,unchanged,
Bara,6642,154 B-T,DARENDE,unchanged,
Bara,6643,154 B-T,GÖKSUN,unchanged,
Bara,6644,154 B-T,HASAN ÇELEBİ,unchanged,
Bara,6645,154 B-2,TUNCELİ,unchanged,
Bara,6646,154 B-T,KAHRAMANMARAŞ,unchanged,
Bara,6649,154 B-T,MALORSA,unchanged,
Bara,6650,154 B-T,MENZELET HES,unchanged,
Bara,6652,154 B-T,MERCAN HES,unchanged,
Bara,6653,154 B-2,DOĞANKÖY,unchanged,
Bara,6654,154 B-2,KILILI,unchanged,
Bara,6655,154 B-T,ELAZIĞ,unchanged,
Bara,6656,154 B-2,KUZOVA,unchanged,
Bara,6657,154 B-2,HANKENDİ,unchanged,
Bara,6658,154 B-2,ÇİMKO,unchanged,
Bara,6660,154 B-2,SEYRANTEPE HES,unchanged,
Bara,6661,400 B-2,KEBAN HES,unchanged,
Bara,6663,154 B-T,ELBİSTAN-B TES 154,unchanged,
Bara,6665,154 B-2,ÇÖLLOLAR,unchanged,
Bara,6666,154 B-2,UZUNÇAYIR HES,unchanged,
Bara,6667,154 B-2,HACININOĞLU HES,unchanged,
Bara,6668,154 B-2,SARIGÜZEL HES,unchanged,
Bara,6669,154 B-2,KANDİL HES,unchanged,
Bara,6670,154 B-T,BİZNA HAVZA,unchanged,
Bara,6671,154 B-T,MURAT HES,unchanged,
Bara,6672,400 DOĞU B-2,ATATÜRK HES,unchanged,
Bara,6673,400 DOĞU B-T,ATATÜRK HES,unchanged,
Bara,6674,400 BATI B-1,ATATÜRK HES,unchanged,
Bara,6675,400 BATI B-2,ATATÜRK HES,unchanged,
Bara,6676,400 BATI B-T,ATATÜRK HES,unchanged,
Bara,6677,154 B-T,ATATÜRK HES,unchanged,
Bara,6679,400 B-2,HİLVAN,unchanged,
Bara,6680,400 B-T,HİLVAN,unchanged,
Bara,6681,154 B-2,HİLVAN,unchanged,
Bara,6682,154 B-T,HİLVAN,unchanged,
Bara,6683,154 B-T,GAZİANTEP,unchanged,
Bara,6684,400 B-2,BAŞPINAR OSB,unchanged,
Bara,6685,400 B-T,BAŞPINAR OSB,unchanged,
Bara,6686,154 B-T,İBRAHİMLİ,unchanged,
Bara,6687,400 B-2,BEYKENT OSB,unchanged,
Bara,6688,400 B-T,BEYKENT OSB,unchanged,
Bara,6689,154 B-T,ADIYAMAN ÇİMENTO,unchanged,
Bara,6690,154 B-T,AKÇAKALE,unchanged,
Bara,6691,154 B-2,KİLİS,unchanged,
Bara,6692,154 B-2,ÇÖÇELLİ,unchanged,
Bara,6693,154 B-T,KARACADAĞ PS,unchanged,
Bara,6694,154 B-T,ARABAN PS,unchanged,
Bara,6695,154 B-T,SARIL PS,unchanged,
Bara,6696,154 B-T,SURUÇ,unchanged,
Bara,6697,400 B-2,SIRRIN,unchanged,
Bara,6698,400 B-T,SIRRIN,unchanged,
Bara,6699,154 B-2,SIRRIN,unchanged,
Bara,6700,154 B-T,SIRRIN,unchanged,
Bara,6701,154 B-T,ŞANLIURFA,unchanged,
Bara,6702,154 B-2,ŞANLIURFA OSB,unchanged,
Bara,6703,154 B-T,ŞANLIURFA ÇİMENTO,unchanged,
Bara,6705,154 B-T,YARDIMCI,unchanged,
Bara,6706,154 B-2,KARKAMIŞ HES,unchanged,
Bara,6707,154 B-2,PEKMEZLİ,unchanged,
Bara,6708,154 B-T,TATARHÖYÜK,unchanged,
Bara,6709,154 B-T,KARACA,unchanged,
Bara,6710,154 B-T,FEVZİPAŞA,unchanged,
Bara,6711,154 B-T,KARAKEÇİLİ,unchanged,
Bara,6712,154 B-2,BELKIS,unchanged,
Bara,6715,154 B-2,NAKSAN2,unchanged,
Bara,6716,154 B-T,DİYARBAKIR2,unchanged,
Bara,6717,400 B-2,DİYARBAKIR3,unchanged,
Bara,6718,400 B-T,DİYARBAKIR3,unchanged,
Bara,6719,154 B-T,DİYARBAKIR3,unchanged,
Bara,6720,154 B-2,DİYARBAKIR4,unchanged,
Bara,6721,400 B-2,BATMAN2,unchanged,
Bara,6722,400 B-T,BATMAN2,unchanged,
Bara,6723,154 B-2,BATMAN2,unchanged,
Bara,6724,154 B-T,BATMAN2,unchanged,
Bara,6725,154 B-T,BATMAN1,unchanged,
Bara,6726,154 B-2,BATMAN HES,unchanged,
Bara,6727,154 B-T,BATMAN HES,unchanged,
Bara,6728,400 B-2,KARAKAYA HES,unchanged,
Bara,6729,400 B-T,KARAKAYA HES,unchanged,
Bara,6730,154 B-T,KARAKAYA HES,unchanged,
Bara,6731,154 B-T,DODAN,unchanged,
Bara,6732,154 B-T,ETİFOSFAT,unchanged,
Bara,6733,154 B-T,ERGANİ ÇİMENTO,unchanged,
Bara,6734,154 B-T,BİNGÖL,unchanged,
Bara,6735,154 B-1B,DİCLE HES,unchanged,
Bara,6736,154 B-T,ÇIRÇIP,unchanged,
Bara,6737,154 B-2,ŞIRNAK,unchanged,
Bara,6738,154 B-T,PS3,unchanged,
Bara,6739,154 B-T,PS3/A,unchanged,
Bara,6740,154 B-T,SİİRT1,unchanged,
Bara,6741,154 B-T,SİİRT ÇİMENTO KURTALAN,unchanged,
Bara,6742,400 B-2,KIZILTEPE SERKAN AY,updated,Trafo Merkezi
Bara,6743,400 B-T,KIZILTEPE SERKAN AY,updated,Trafo Merkezi
Bara,6744,154 B-TA,KIZILTEPE SERKAN AY,updated,Trafo Merkezi
Bara,6745,154 B-1B,KIZILTEPE SERKAN AY,updated,Trafo Merkezi
Bara,6746,154 B-TB,KIZILTEPE SERKAN AY,updated,Trafo Merkezi
Bara,6748,154 B-2,DİKMEN1,unchanged,
Bara,6749,154 B-2,SİLVAN,unchanged,
Bara,6750,154 B-2,LİCE,unchanged,
Bara,6752,154 B-2,ÇAĞÇAĞ,unchanged,
Bara,6753,154 B-2,CİZRE,unchanged,
Bara,6754,154 B-T,CİZRE,unchanged,
Bara,6755,154 B-T,SİVEREK,unchanged,
Bara,6756,154 B-T,SİLOPİ TES,unchanged,
Bara,6758,154 B-2,ALKUMRU HES,unchanged,
Bara,6759,154 B-T,ALKUMRU HES,unchanged,
Bara,6760,154 B-2,GARZAN HES,unchanged,
Bara,6761,154 B-2,KULP1 HES,unchanged,
Bara,6767,154 B-T,KOZAN HAVZA,unchanged,
Bara,6768,400 B-2,AKSA ANTALYA 380,unchanged,
Bara,6769,400 B-T,AKSA ANTALYA 380,unchanged,
Bara,6770,400 B-2,BİRECİK HES,unchanged,
Bara,6771,400 B-T,BİRECİK HES,unchanged,
Bara,6772,400 B-2,SANİBEY HES,unchanged,
Bara,6773,400 B-T,SANİBEY HES,unchanged,
Bara,6774,154 B-TA,HATAY,unchanged,
Bara,6775,154 B-1B,HATAY,unchanged,
Bara,6777,154 B-1B,VAN1,unchanged,
Bara,6778,154 B-T,VAN1,unchanged,
Bara,6783,400 B-2,ELBİSTAN TES,unchanged,
Bara,6784,400 B-T,ELBİSTAN TES,unchanged,
Bara,6785,154 B-T,SİNCİK HAVZA,unchanged,
Bara,6786,154 B-2,MARDİN ÇİMENTO,unchanged,
Bara,6787,154 B-T,EDİNCİK RES,unchanged,
Bara,6788,400 B-T,ÇEŞME HAVZA,unchanged,
Bara,6789,400 B-2,KARABURUN HAVZA,unchanged,
Bara,6790,154 B-T,BODRUM 2,unchanged,
Bara,6791,154 B-T,KİRAZLIK HES,unchanged,
Bara,6793,154 B-2,POLAT TES,unchanged,
Bara,6795,154 B-T,BULANIK,unchanged,
Bara,6796,154 B-T,ÇAMBAŞI HES,unchanged,
Bara,6797,TR-A,POSOF HAVZA,unchanged,
Bara,6801,154 B-1,KIY HES,unchanged,
Bara,6802,154 B-T,META NİKEL,unchanged,
Bara,6803,154 B-T,PAMUKÖREN JES,unchanged,
Bara,6804,154 B-2,DİNAR,unchanged,
Bara,6805,154 B-2,KIZILDERE2 JES,unchanged,
Bara,6806,154 B-T,DERELİ HES,unchanged,
Bara,6807,154 B-2,ORDU HES,unchanged,
Bara,6808,154 B-T,KUŞAKLI HES,unchanged,
Bara,6809,154 B-T,YENİ ŞENBÜK RES,unchanged,
Bara,6810,154 B-2,EĞLENCE1 HES,unchanged,
Bara,6811,154 B-2,EĞLENCE2 HES,unchanged,
Bara,6812,154 B-1,TATAR HES,unchanged,
Bara,6813,154 B-2,TATAR HES,unchanged,
Bara,6815,154 B-T,ATİK RES,unchanged,
Bara,6817,66 B-T,SEYHAN HES,unchanged,
Bara,6819,154 B-2,YALNIZ ARDIÇ,unchanged,
Bara,6821,154 B-1,KAVŞAKBENDİ HES,unchanged,
Bara,6822,154 B-2,KAVŞAKBENDİ HES,unchanged,
Bara,6824,154 B-T,KIY HES,unchanged,
Bara,6825,154 B-1,DORUK HES,unchanged,
Bara,6829,TR-C,ZORLU ENERJİ DGKÇ,unchanged,
Bara,6830,154 B-1,ÖDÜLALAN,unchanged,
Bara,6831,154 B-T,ÖDÜLALAN,unchanged,
Bara,6832,154 B-1,KIŞLAKÖY,unchanged,
Bara,6833,154 B-T,KIŞLAKÖY,unchanged,
Bara,6835,154 B-T,DORUK HES,unchanged,
Bara,6836,TR-A,DORUK HES,unchanged,
Bara,6838,154 B-1,KADIKÖY,unchanged,
Bara,6839,154 B-2,KADIKÖY,unchanged,
Bara,6840,TR-B,KADIKÖY,unchanged,
Bara,6841,TR-C,KADIKÖY,unchanged,
Bara,6842,TR-A,ÖDÜLALAN,unchanged,
Bara,6844,TR-A,KIŞLAKÖY,unchanged,
Bara,6845,TR-B,KIŞLAKÖY,unchanged,
Bara,6846,154 B-1,ÇİMSA ESKİŞEHİR,unchanged,
Bara,6847,TR-A,ÇİMSA ESKİŞEHİR,unchanged,
Bara,6848,154 B-1,KÜMBET MOBİL,unchanged,
Bara,6850,154 B-T,ÇİMSA ESKİŞEHİR,unchanged,
Bara,6851,TR-B,BELEN RES,unchanged,
Bara,6853,TR-A,KOZLU,unchanged,
Bara,6854,TR-C,KANDİL HES,unchanged,
Bara,6855,TR-C,DİYARBAKIR4,unchanged,
Bara,6857,154 B-1,HASANBEYLİ RES,unchanged,
Bara,6858,TR-1,HASANBEYLİ RES,unchanged,
Bara,6859,400 B-1,MERSİN380,unchanged,
Bara,6860,154 B-1,MERSİN380,unchanged,
Bara,6861,TR-A,MERSİN380,unchanged,
Bara,6862,TR-B,MERSİN380,unchanged,
Bara,6863,TR-C,ERDEMLİ,unchanged,
Bara,6864,154 B-1,KUZEYTEPE,unchanged,
Bara,6865,154 B-2,KUZEYTEPE,unchanged,
Bara,6866,TR-A,KUZEYTEPE,unchanged,
Bara,6867,TR-B,KUZEYTEPE,unchanged,
Bara,6868,TR-A,BURGAZ RES,unchanged,
Bara,6871,154 B-1,GÖYNÜK HAVZA,unchanged,
Bara,6872,154 B-T,GÖYNÜK HAVZA,unchanged,
Bara,6873,TR-A,GÖYNÜK HAVZA,unchanged,
Bara,6874,154 B-1,AYRANCI GEÇİCİ,unchanged,
Bara,6875,TR-A,AYRANCI GEÇİCİ,unchanged,
Bara,6876,TR-A,SARIKAYA RES,unchanged,
Bara,6877,400 B-2,MERSİN380,unchanged,
Bara,6878,400 B-T,MERSİN380,unchanged,
Bara,6879,154 B-2,MERSİN380,unchanged,
Bara,6880,154 B-T,MERSİN380,unchanged,
Bara,6881,TR-A,BOREAS RES,unchanged,
Bara,6882,154 B-T,HASANBEYLİ RES,unchanged,
Bara,6883,TR-B,AKÇAKALE,unchanged,
Bara,6884,400 B-2,ELGÜN,unchanged,
Bara,6885,400 B-T,ELGÜN,unchanged,
Bara,6886,154 B-2,ELGÜN,unchanged,
Bara,6887,154 B-T,ELGÜN,unchanged,
Bara,6888,154 B-T,ALİBEY HÖYÜĞÜ,unchanged,
Bara,6889,154 B-T,AŞKALE,unchanged,
Bara,6894,154 B-T,SİVRİHİSAR,unchanged,
Bara,6895,154 B-1,AKKUYU GEÇİCİ,unchanged,
Bara,6896,TR-1,AKKUYU GEÇİCİ,unchanged,
Bara,6898,154 B-2,DİYARBAKIR1,unchanged,
Bara,6900,154 B-1,GELENDOST,unchanged,
Bara,6901,154 B-1,UŞAK RES,unchanged,
Bara,6902,TR-B,ŞEBİNKARAHİSAR,unchanged,
Bara,6903,154 B-1B,TİREBOLU,unchanged,
Bara,6906,TR-C,MERSİN2,unchanged,
Bara,6907,154 B-T,UŞAK RES,unchanged,
Bara,6908,TR-E,SAMSUN OSB DGKÇ,unchanged,
Bara,6910,TR-A,DARAN HAVZA,unchanged,
Bara,6911,TR-A,UZUNDERE2 HES,unchanged,
Bara,6912,400 B-1,TUFANBEYLİ TES,unchanged,
Bara,6913,400 B-2,TUFANBEYLİ TES,unchanged,
Bara,6914,400 B-T,TUFANBEYLİ TES,unchanged,
Bara,6915,TR-4,TUFANBEYLİ TES,unchanged,
Bara,6916,TR-C,BALGAT,unchanged,
Bara,6918,154 B-1,ASLANCIK HES,unchanged,
Bara,6920,154 B-2,ASLANCIK HES,unchanged,
Bara,6927,400 B-1,İZDEMİR TES,unchanged,
Bara,6928,400 B-2,İZDEMİR TES,unchanged,
Bara,6929,TR-3,İZDEMİR TES,unchanged,
Bara,6931,TR-C,İÇMELER,unchanged,
Bara,6932,TR-D,İÇMELER,unchanged,
Bara,6933,TR-D,GEBZE OSB,unchanged,
Bara,6934,TR-A,KADIKÖY,unchanged,
Bara,6935,TR-B,ALÇUK,unchanged,
Bara,6936,TR-C,ALÇUK,unchanged,
Bara,6937,TR-D,ALÇUK,unchanged,
Bara,6941,154 B-1,BARAN HES,unchanged,
Bara,6944,154 B-1,GERCÜŞ,unchanged,
Bara,6945,154 B-T,GERCÜŞ,unchanged,
Bara,6946,TR-A,GERCÜŞ,unchanged,
Bara,6947,154 B-T,SARES RES,unchanged,
Bara,6953,TR-5,TEPEÖREN,unchanged,
Bara,6954,TR-6,TEPEÖREN,unchanged,
Bara,6955,154 B-1,AKSARAY OSB,unchanged,
Bara,6956,154 B-2,AKSARAY OSB,unchanged,
Bara,6957,TR-1,AKSARAY OSB,unchanged,
Bara,6958,TR-2,AKSARAY OSB,unchanged,
Bara,6960,154 B-1A,BÖLÜCEK,unchanged,
Bara,6962,TR-A,GERES RES,unchanged,
Bara,6963,154 B-1,GAZİEMİR GİS,unchanged,
Bara,6964,TR-A,GAZİEMİR GİS,unchanged,
Bara,6967,154 B-1,URLA2,unchanged,
Bara,6968,154 B-2,URLA2,unchanged,
Bara,6969,TR-1,URLA2,unchanged,
Bara,6970,154 B-1B,KOZAN HAVZA,unchanged,
Bara,6971,154 B-2B,KOZAN HAVZA,unchanged,
Bara,6972,154 B-1,BALABANLI RES,unchanged,
Bara,6973,154 B-T,BALABANLI RES,unchanged,
Bara,6974,TR-A,BALABANLI RES,unchanged,
Bara,6976,154 B-2,GAZİEMİR GİS,unchanged,
Bara,6978,TR-A,UŞAK RES,unchanged,
Bara,6983,TR-4,ÇAMLICA1 HES,unchanged,
Bara,6984,400 B-1,MAKİNA OSB,unchanged,
Bara,6985,400 B-2,MAKİNA OSB,unchanged,
Bara,6986,400 B-T,MAKİNA OSB,unchanged,
Bara,6989,TR-5,MAKİNA OSB,unchanged,
Bara,6990,TR-6,MAKİNA OSB,unchanged,
Bara,6991,154 B-1,MARDİN2,unchanged,
Bara,6992,154 B-2,MARDİN2,unchanged,
Bara,6993,TR-A,MARDİN2,unchanged,
Bara,6995,154 B-1,DİKMEN2,unchanged,
Bara,6996,154 B-2,DİKMEN2,unchanged,
Bara,6997,TR-A,DİKMEN2,unchanged,
Bara,6998,TR-B,DİKMEN2,unchanged,
Bara,7001,154 B-1,GÖKBEL HES,unchanged,
Bara,7002,154 B-T,GÖKBEL HES,unchanged,
Bara,7003,154 B-1,AVANOS2,unchanged,
Bara,7004,154 B-2,AVANOS2,unchanged,
Bara,7005,TR-A,AVANOS2,unchanged,
Bara,7007,TR-A,LEVENT,unchanged,
Bara,7008,154 B-1,DÜZCE AKSU HES,unchanged,
Bara,7010,154 B-T,DÜZCE AKSU HES,unchanged,
Bara,7011,154 B-2,ARSLANBEY,unchanged,
Bara,7012,TR-B,ARSLANBEY,unchanged,
Bara,7013,400 B-1,AKSA GÖYNÜK TES,unchanged,
Bara,7017,154 B-1,GERES RES,unchanged,
Bara,7018,400 B-2,AKSA GÖYNÜK TES,unchanged,
Bara,7019,400 B-T,AKSA GÖYNÜK TES,unchanged,
Bara,7020,154 B-T,GERES RES,unchanged,
Bara,7021,154 B-1,ÇANTA RES,unchanged,
Bara,7022,TR-A,ÇANTA RES,unchanged,
Bara,7023,154 B-T,ÇANTA RES,unchanged,
Bara,7024,TR-A,KÜMBET MOBİL,unchanged,
Bara,7028,400 B-1,ATLAS TES,unchanged,
Bara,7029,TR-A,ATLAS TES,unchanged,
Bara,7030,TR-B,ATLAS TES,unchanged,
Bara,7031,400 B-2,ATLAS TES,unchanged,
Bara,7032,TR-E,BEYLİKDÜZÜ,removed-from-source,
Bara,7033,TR-4,ADIGÜZEL HES,unchanged,
Bara,7036,400 B-1,ARKUN HES,unchanged,
Bara,7038,400 B-2,ARKUN HES,unchanged,
Bara,7042,154 B-1,TRAKYA DÖKÜM,unchanged,
Bara,7043,TR-A,TRAKYA DÖKÜM,unchanged,
Bara,7044,154 B-T,TRAKYA DÖKÜM,unchanged,
Bara,7045,TR-4,KAVŞAKBENDİ HES,unchanged,
Bara,7046,154 B-1,KAYSERİ4,unchanged,
Bara,7047,154 B-2,KAYSERİ4,unchanged,
Bara,7048,TR-1,KAYSERİ4,unchanged,
Bara,7049,TR-2,KAYSERİ4,unchanged,
Bara,7050,154 B-1,GÖK RES 2,unchanged,
Bara,7051,154 B-T,GÖK RES 2,unchanged,
Bara,7052,TR,GÖK RES 2,unchanged,
Bara,7053,154 B-1,SÖĞÜTLÜ HES,unchanged,
Bara,7055,154 B-T,SÖĞÜTLÜ HES,unchanged,
Bara,7056,154 B-1,KOÇLU HES,unchanged,
Bara,7057,154 B-2,KOÇLU HES,unchanged,
Bara,7058,154 B-1,KOTANA HAVZA,unchanged,
Bara,7060,TR,KOTANA HAVZA,unchanged,
Bara,7061,TR-4,HİLVAN,unchanged,
Bara,7067,154 B-1,ÇİNE HES,unchanged,
Bara,7068,154 B-2,ÇİNE HES,unchanged,
Bara,7069,TR-A,ÇİNE HES,unchanged,
Bara,7070,TR-B,DOĞANKÖY,unchanged,
Bara,7071,154 B-1,KIYIKÖY RES (KIRKLARELİ),unchanged,
Bara,7072,154 B-T,KIYIKÖY RES (KIRKLARELİ),unchanged,
Bara,7073,TR-A,KIYIKÖY RES (KIRKLARELİ),unchanged,
Bara,7076,154 B-1,ÇAYKARA HES,unchanged,
Bara,7077,400 B-1,YUNUS EMRE TES,unchanged,
Bara,7078,400 B-2,YUNUS EMRE TES,unchanged,
Bara,7079,400 B-T,YUNUS EMRE TES,unchanged,
Bara,7080,TR-A,YUNUS EMRE TES,unchanged,
Bara,7081,154 B-T,ÇAYKARA HES,unchanged,
Bara,7082,TR-C,ÇIRÇIP,unchanged,
Bara,7083,154 B-1,SİLİVRİ RES,unchanged,
Bara,7084,154 B-T,SİLİVRİ RES,unchanged,
Bara,7085,TR-A,SİLİVRİ RES,unchanged,
Bara,7086,TR-2,OSMANİYE OSB,unchanged,
Bara,7087,154 B-1,KAVAKLI RES,unchanged,
Bara,7088,TR-A,KAVAKLI RES,unchanged,
Bara,7091,154 B-T,KAVAKLI RES,unchanged,
Bara,7105,400 B-1,CENGİZ DGKÇ,unchanged,
Bara,7106,400 B-2,CENGİZ DGKÇ,unchanged,
Bara,7107,TR-C,TUZLA,unchanged,
Bara,7108,TR-D,TUZLA,unchanged,
Bara,7109,TR-5,İSDEMİR TES,unchanged,
Bara,7111,TR-B,ALMAK VEYSİ AKYÜZ,unchanged,
Bara,7112,TR-C,ALMAK VEYSİ AKYÜZ,unchanged,
Bara,7113,TR-D,ALMAK VEYSİ AKYÜZ,unchanged,
Bara,7114,TR-5,ATAER DGKÇS,unchanged,
Bara,7115,TR-B,YARIMCA2,unchanged,
Bara,7116,TR-C,FORD,unchanged,
Bara,7117,TR-B,BODRUM 1,unchanged,
Bara,7118,TR-B,BOZYAKA,unchanged,
Bara,7119,TR-B,BUCA,unchanged,
Bara,7122,TR-B,DATÇA,unchanged,
Bara,7123,TR-1-2,KEÇİBORLU,unchanged,
Bara,7125,TR-A,İÇDAŞ,unchanged,
Bara,7126,TR-D,KARABAĞLAR,unchanged,
Bara,7127,TR-2,KUŞADASI GİS,unchanged,
Bara,7128,TR-2,MANİSA SALİH KOCABEKİR,unchanged,
Bara,7129,TR-D,MANİSA OSB,unchanged,
Bara,7130,TR-B,MARMARİS 1,unchanged,
Bara,7131,TR-B,MORSAN,unchanged,
Bara,7133,TR-B,NAZİLLİ,unchanged,
Bara,7134,TR-22,PETKİM DGKÇS,unchanged,
Bara,7135,TR-B,SALİHLİ,unchanged,
Bara,7137,TR-4,SOMA B TES,unchanged,
Bara,7138,TR-6,SOMA B TES,unchanged,
Bara,7142,TR-B1,SÖKE,unchanged,
Bara,7143,TR-B,TAHTALI,unchanged,
Bara,7144,TR-B,BOZÜYÜK OSB,unchanged,
Bara,7146,TR-B,ÜNİVERSİTE,unchanged,
Bara,7152,TR-2,BALIKESİR RES,unchanged,
Bara,7153,TR-2,LODOS RES,unchanged,
Bara,7154,TR-6,ÇEŞME HAVZA,unchanged,
Bara,7156,TR-2,DERİNKUYU,unchanged,
Bara,7159,TR-B,KAYSERİ2,unchanged,
Bara,7160,TR-B,TOKAT OSB,unchanged,
Bara,7162,TR-B,TÜMOSAN,unchanged,
Bara,7163,TR-2,İNCEK,unchanged,
Bara,7164,TR-B,VAN1,unchanged,
Bara,7166,TR-C,KURTKÖY,unchanged,
Bara,7167,TR-D,KURTKÖY,unchanged,
Bara,7168,154 B-1,ALAŞEHİR JES,unchanged,
Bara,7170,154 B-T,ALAŞEHİR JES,unchanged,
Bara,7172,154 B-1,EFE JES,unchanged,
Bara,7173,154 B-T,EFE JES,unchanged,
Bara,7174,154 B-1,ESTERGON,unchanged,
Bara,7175,154 B-2,ESTERGON,unchanged,
Bara,7176,TR-A,ESTERGON,unchanged,
Bara,7178,154 B-1,ŞADILLI RES,unchanged,
Bara,7179,154 B-2,ŞADILLI RES,unchanged,
Bara,7180,TR-A,ŞADILLI RES,unchanged,
Bara,7181,154 B-1,ETİKROM,unchanged,
Bara,7182,154 B-T,ETİKROM,unchanged,
Bara,7183,TR-1-2,ETİKROM,unchanged,
Bara,7188,154 B-1,SERAP HES,unchanged,
Bara,7189,TR-1,SERAP HES,unchanged,
Bara,7190,400 B-1,BEYHAN1 HES,unchanged,
Bara,7191,400 B-2,BEYHAN1 HES,unchanged,
Bara,7192,400 B-T,BEYHAN1 HES,unchanged,
Bara,7193,154 B-T,SERAP HES,unchanged,
Bara,7194,154 B-1,KÜTAHYA OSB,unchanged,
Bara,7195,154 B-T,KÜTAHYA OSB,unchanged,
Bara,7196,TR-A,KÜTAHYA OSB,unchanged,
Bara,7197,TR-B,KÜTAHYA OSB,unchanged,
Bara,7199,154 B-1,EREN HES,unchanged,
Bara,7200,154 B-T,EREN HES,unchanged,
Bara,7201,154 B-1,ELMALI,unchanged,
Bara,7202,154 B-2,ELMALI,unchanged,
Bara,7203,TR-A,ELMALI,unchanged,
Bara,7204,154 B-1,YAMANLI2 HES,unchanged,
Bara,7205,TR-A,YAMANLI2 HES,unchanged,
Bara,7206,154 B-T,YAMANLI2 HES,unchanged,
Bara,7207,154 B-1,PEMBELİK HES,unchanged,
Bara,7208,154 B-2,PEMBELİK HES,unchanged,
Bara,7209,154 B-1,BOZKURT HAVZA,unchanged,
Bara,7210,154 B-T,BOZKURT HAVZA,unchanged,
Bara,7211,TR-A,BOZKURT HAVZA,unchanged,
Bara,7212,154 B-1,ŞEHİTKAMİL OSB,unchanged,
Bara,7213,400 B-1,ŞEHİTKAMİL OSB,unchanged,
Bara,7214,400 B-2,ŞEHİTKAMİL OSB,unchanged,
Bara,7215,400 B-T,ŞEHİTKAMİL OSB,unchanged,
Bara,7216,TR-2,ŞEHİTKAMİL OSB,unchanged,
Bara,7217,TR-3,ŞEHİTKAMİL OSB,unchanged,
Bara,7219,TR-C,KIŞLAKÖY,unchanged,
Bara,7220,TR-D,KIŞLAKÖY,unchanged,
Bara,7221,TR-C,MASLAK,unchanged,
Bara,7222,154 B-1,KARAKUZ HES,unchanged,
Bara,7223,154 B-2,KARAKUZ HES,unchanged,
Bara,7224,154 B-1,KARABÜK,unchanged,
Bara,7225,154 B-T,KARABÜK,unchanged,
Bara,7226,TR-A,KARABÜK,unchanged,
Bara,7227,TR-B,KARABÜK,unchanged,
Bara,7229,154 B-1,KARDEMİR,unchanged,
Bara,7230,154 B-T,KARDEMİR,unchanged,
Bara,7231,TR-A,KARDEMİR,unchanged,
Bara,7232,TR-B,KARDEMİR,unchanged,
Bara,7233,TR-C,KARDEMİR,unchanged,
Bara,7234,TR-D,KARDEMİR,unchanged,
Bara,7235,154 B-1,SAFRANBOLU,unchanged,
Bara,7236,154 B-T,SAFRANBOLU,unchanged,
Bara,7237,TR-A-B,SAFRANBOLU,unchanged,
Bara,7238,154 B-1,KARABÜK OSB,unchanged,
Bara,7239,154 B-2,KARABÜK OSB,unchanged,
Bara,7240,TR-A,KARABÜK OSB,unchanged,
Bara,7241,TR-B,KARABÜK OSB,unchanged,
Bara,7242,154 B-1,İSMETPAŞA,unchanged,
Bara,7243,154 B-T,İSMETPAŞA,unchanged,
Bara,7244,TR-A,İSMETPAŞA,unchanged,
Bara,7245,TR-B,İSMETPAŞA,unchanged,
Bara,7246,154 B-1,BAĞYURDU,unchanged,
Bara,7247,154 B-2,BAĞYURDU,unchanged,
Bara,7248,TR-A,BAĞYURDU,unchanged,
Bara,7249,154 B-1,ESAN,unchanged,
Bara,7250,154 B-T,ESAN,unchanged,
Bara,7251,TR-A,ESAN,unchanged,
Bara,7252,154 B-1,BATI ÇİMENTO,unchanged,
Bara,7253,154 B-2,BATI ÇİMENTO,unchanged,
Bara,7254,TR-A,BATI ÇİMENTO,unchanged,
Bara,7255,154 B-1,KÜMAŞ,unchanged,
Bara,7256,154 B-2,KÜMAŞ,unchanged,
Bara,7257,TR-A,KÜMAŞ,unchanged,
Bara,7258,TR-B,KÜMAŞ,unchanged,
Bara,7260,TR-B,AĞRI2,unchanged,
Bara,7263,TR-B,AŞKALE,unchanged,
Bara,7265,TR-B,BAĞIŞLI,unchanged,
Bara,7266,TR-B,BAYBURT,unchanged,
Bara,7267,TR-B,SAYALAR RES,unchanged,
Bara,7268,TR-B,BAŞKALE,unchanged,
Bara,7269,TR-B,BULANIK,unchanged,
Bara,7274,TR-B,ERCİŞ,unchanged,
Bara,7275,TR-B,ERZİNCAN,unchanged,
Bara,7277,TR-B,ERGAN,unchanged,
Bara,7279,154 B-T,HAYRAT HAVZA,unchanged,
Bara,7280,TR-B,HAYRAT HAVZA,unchanged,
Bara,7281,TR-B,HAKKARİ,unchanged,
Bara,7282,TR-B,YUKARI MANAHOZ,unchanged,
Bara,7283,TR-B,POSOF HAVZA,unchanged,
Bara,7284,TR-B,OLUR HAVZA,unchanged,
Bara,7285,TR-C,NARİNKALE HAVZA,unchanged,
Bara,7286,TR-B,MUŞ,unchanged,
Bara,7287,TR-B,DOĞUBAYAZIT,unchanged,
Bara,7288,TR-B,ÖDÜLALAN,unchanged,
Bara,7289,TR-B,MARDİN ÇİMENTO,unchanged,
Bara,7291,TR-B,KILILI,unchanged,
Bara,7292,154 B-1,ÇERÇİKAYA RES,unchanged,
Bara,7293,154 B-T,ÇERÇİKAYA RES,unchanged,
Bara,7294,154 B-1,KUZEY ADANA,unchanged,
Bara,7295,154 B-2,KUZEY ADANA,unchanged,
Bara,7296,TR-B,BİSMİL1,unchanged,
Bara,7297,154 B-1,MEDCEM,unchanged,
Bara,7298,154 B-T,MEDCEM,unchanged,
Bara,7299,TR-1,MEDCEM,unchanged,
Bara,7300,TR-2,MEDCEM,unchanged,
Bara,7301,TR-3,MEDCEM,unchanged,
Bara,7302,154 B-1,SASA,unchanged,
Bara,7303,154 B-2,SASA,unchanged,
Bara,7304,TR-A,GELENDOST,unchanged,
Bara,7305,TR-B,GELENDOST,unchanged,
Bara,7306,TR-1A,SASA,unchanged,
Bara,7307,TR-1B,SASA,unchanged,
Bara,7316,154 B-2,YARIMCA1,unchanged,
Bara,7318,TR-B,KAYABAŞI,unchanged,
Bara,7319,TR-A,KUZEY ADANA,unchanged,
Bara,7320,TR-A,ÇERÇİKAYA RES,unchanged,
Bara,7321,400 B-1,CİZRE,unchanged,
Bara,7322,400 B-2,CİZRE,unchanged,
Bara,7323,400 B-T,CİZRE,unchanged,
Bara,7324,400 B-1,SİLOPİ TES,unchanged,
Bara,7325,400 B-2,SİLOPİ TES,unchanged,
Bara,7326,400 B-T,SİLOPİ TES,unchanged,
Bara,7327,HV START-UP,SİLOPİ TES,unchanged,
Bara,7329,TR-D,IŞIKLAR,unchanged,
Bara,7330,154 B-1,ÇÖLOVASI,unchanged,
Bara,7331,154 B-T,ÇÖLOVASI,unchanged,
Bara,7332,TR-A,ÇÖLOVASI,unchanged,
Bara,7333,TR-B,ÇÖLOVASI,unchanged,
Bara,7336,154 B-1,BATI SÖKE,unchanged,
Bara,7337,TR,BATI SÖKE,unchanged,
Bara,7339,TR-B,OTLUCA HES,unchanged,
Bara,7344,154 B-1,AKINCI HES ARDAHAN,unchanged,
Bara,7345,154 B-2,AKINCI HES ARDAHAN,unchanged,
Bara,7348,154 B-1,HARMANLIK RES,unchanged,
Bara,7349,154 B-T,HARMANLIK RES,unchanged,
Bara,7350,TR-A,HARMANLIK RES,unchanged,
Bara,7351,TR-B,İNEBOLU,unchanged,
Bara,7352,400 B-1,KARTAL GİS,unchanged,
Bara,7353,400 B-2,KARTAL GİS,unchanged,
Bara,7354,A-TR-1,KARTAL GİS,unchanged,
Bara,7355,B-TR-3,KARTAL GİS,unchanged,
Bara,7358,TR-A,BANDIRMA RES,unchanged,
Bara,7359,154 B-1,ARAÇ,unchanged,
Bara,7360,154 B-T,ARAÇ,unchanged,
Bara,7361,TR-A,ARAÇ,unchanged,
Bara,7364,154 B-1,KARGI KIZILIRMAK HES,unchanged,
Bara,7365,154 B-2,KARGI KIZILIRMAK HES,unchanged,
Bara,7366,154 B-2,TÜPRAŞ,unchanged,
Bara,7369,154 B-1,KOVANLIK HAVZA,unchanged,
Bara,7370,154 B-T,KOVANLIK HAVZA,unchanged,
Bara,7371,TR-A,KOVANLIK HAVZA,unchanged,
Bara,7372,TR-D,TÜPRAŞ,unchanged,
Bara,7373,TR-C,TÜPRAŞ,unchanged,
Bara,7374,154 B-T,DARAN HAVZA,unchanged,
Bara,7375,154 B-1,AFYON3,unchanged,
Bara,7376,154 B-2,AFYON3,unchanged,
Bara,7377,TR-A,AFYON3,unchanged,
Bara,7378,TR-B,SUŞEHRİ,unchanged,
Bara,7381,154 B-1,KORU RES,unchanged,
Bara,7382,154 B-T,KORU RES,unchanged,
Bara,7384,TR-A,KORU RES,unchanged,
Bara,7387,154 B-1,KIRDEMİR,unchanged,
Bara,7388,TR-A,KIRDEMİR,unchanged,
Bara,7390,TR-D,MODERN ENERJİ DGKÇ,unchanged,
Bara,7391,154 B-1,MAÇKA HAVZA,unchanged,
Bara,7395,154 B-T,MAÇKA HAVZA,unchanged,
Bara,7396,TR-A,MAÇKA HAVZA,unchanged,
Bara,7397,154 B-1,GÖLMARMARA,unchanged,
Bara,7398,154 B-T,GÖLMARMARA,unchanged,
Bara,7399,TR A,GÖLMARMARA,unchanged,
Bara,7400,154 B-1,MUT RES,unchanged,
Bara,7401,154 B-T,MUT RES,unchanged,
Bara,7402,TR-1,MUT RES,unchanged,
Bara,7403,TR-5,PAŞAKÖY,unchanged,
Bara,7404,154 B-1,ELİF HAVZA,unchanged,
Bara,7405,154 B-T,ELİF HAVZA,unchanged,
Bara,7406,TR-A,ELİF HAVZA,unchanged,
Bara,7408,TR-B,ELİF HAVZA,unchanged,
Bara,7409,154 B-1,GÖKTAŞ2 HES,unchanged,
Bara,7410,154 B-2,GÖKTAŞ2 HES,unchanged,
Bara,7411,TR-B,YAZGÜNEŞİ,unchanged,
Bara,7412,154 B-T,YAZGÜNEŞİ,unchanged,
Bara,7413,TR-C,MANCARLIK GİS,unchanged,
Bara,7414,154 B-1,LİMAK ÇİMENTO,unchanged,
Bara,7415,TR-A,LİMAK ÇİMENTO,unchanged,
Bara,7416,154 B-T,LİMAK ÇİMENTO,unchanged,
Bara,7419,TR-A,MELEN,unchanged,
Bara,7420,154 B-1,AYVALI HES,unchanged,
Bara,7421,154 B-2,AYVALI HES,unchanged,
Bara,7425,154 B-T,GÖKTAŞ2 HES,unchanged,
Bara,7426,154 B-1,TEPEKIŞLA HES,unchanged,
Bara,7427,154 B-T,TEPEKIŞLA HES,unchanged,
Bara,7428,400 B-T,ARKUN HES,unchanged,
Bara,7429,154 B-1,DİLEK RES,unchanged,
Bara,7430,154 B-T,DİLEK RES,unchanged,
Bara,7431,TR-1,DİLEK RES,unchanged,
Bara,7435,TR-2,YAKAKÖY,unchanged,
Bara,7438,TR-A,ZEYTİNLİ,unchanged,
Bara,7439,154 B-1,KIYIKÖY RES (TEKİRDAĞ),unchanged,
Bara,7440,154 B-T,KIYIKÖY RES (TEKİRDAĞ),unchanged,
Bara,7441,TR-A,KIYIKÖY RES (TEKİRDAĞ),unchanged,
Bara,7442,154 B-1,GÖKSU HES BOLU,unchanged,
Bara,7443,154 B-T,GÖKSU HES BOLU,unchanged,
Bara,7444,400 B-1,ARTVİN HES,unchanged,
Bara,7445,400 B-2,ARTVİN HES,unchanged,
Bara,7446,400 B-T,ARTVİN HES,unchanged,
Bara,7447,154 B-1,SÜLOĞLU RES,unchanged,
Bara,7448,154 B-T,SÜLOĞLU RES,unchanged,
Bara,7449,TR-A,SÜLOĞLU RES,unchanged,
Bara,7450,154 B-1,ALAKOVA,unchanged,
Bara,7451,154 B-T,ALAKOVA,unchanged,
Bara,7452,TR-A,ALAKOVA,unchanged,
Bara,7453,154 B-1,KAYABAŞI TOKİ,unchanged,
Bara,7454,154 B-2,KAYABAŞI TOKİ,unchanged,
Bara,7455,TR-A,KAYABAŞI TOKİ,unchanged,
Bara,7456,TR-B,KAYABAŞI TOKİ,unchanged,
Bara,7457,400 B-1,TORTUM,unchanged,
Bara,7458,400 B-2,TORTUM,unchanged,
Bara,7459,400 B-T,TORTUM,unchanged,
Bara,7460,154 B-1,TORTUM,unchanged,
Bara,7461,154 B-2,TORTUM,unchanged,
Bara,7462,154 B-T,TORTUM,unchanged,
Bara,7463,TR-A,TORTUM,unchanged,
Bara,7464,TR-B,TORTUM,unchanged,
Bara,7465,154 B-1	,KULA,unchanged,
Bara,7466,154 B-2	,KULA,unchanged,
Bara,7467,TR-A,KULA,unchanged,
Bara,7468,TR-B,ALAÇATI,unchanged,
Bara,7469,TR-B,GERCÜŞ,unchanged,
Bara,7470,154 B-1,YAKINKENT,unchanged,
Bara,7471,154 B-T,YAKINKENT,unchanged,
Bara,7472,TR-A,YAKINKENT,unchanged,
Bara,7474,TR-2,ALİAĞA RES,unchanged,
Bara,7475,TR-2,ALBAY ÇİĞİLTEPE RES,unchanged,
Bara,7476,154 B-T,GELENDOST,unchanged,
Bara,7477,TR-B,ILGIN,unchanged,
Bara,7478,154 B-1	,ESKİŞEHİR OSB,unchanged,
Bara,7479,154 B-2,ESKİŞEHİR OSB,unchanged,
Bara,7480,TR-A,ESKİŞEHİR OSB,unchanged,
Bara,7481,154 B-1,MAKİNA OSB,unchanged,
Bara,7482,154 B-2,MAKİNA OSB,unchanged,
Bara,7483,154 B-T,MAKİNA OSB,unchanged,
Bara,7484,TR-A,MAKİNA OSB,unchanged,
Bara,7485,TR-B,MAKİNA OSB,unchanged,
Bara,7486,400 B-1,GELİBOLU,unchanged,
Bara,7487,400 B-2,GELİBOLU,unchanged,
Bara,7488,400 B-T,GELİBOLU,unchanged,
Bara,7489,154 B-1,GELİBOLU,unchanged,
Bara,7490,154 B-2,GELİBOLU,unchanged,
Bara,7491,154 B-T,GELİBOLU,unchanged,
Bara,7492,400 B-1,ANTALYA SERBEST BÖLGE,unchanged,
Bara,7493,400 B-2,ANTALYA SERBEST BÖLGE,unchanged,
Bara,7494,TR-A,GELİBOLU,unchanged,
Bara,7495,TR-D,DEMİRTAŞ,unchanged,
Bara,7496,400 B-1,ALTINORDU,unchanged,
Bara,7497,400 B-2,ALTINORDU,unchanged,
Bara,7498,400 B-T,ALTINORDU,unchanged,
Bara,7499,154 B-1,ALTINORDU,unchanged,
Bara,7500,154 B-2,ALTINORDU,unchanged,
Bara,7501,154 B-T,ALTINORDU,unchanged,
Bara,7502,TR-A,ALTINORDU,unchanged,
Bara,7503,TR-B,AKÇANSA,unchanged,
Bara,7504,154 B-T,ŞEBİNKARAHİSAR,unchanged,
Bara,7505,TR-B,FIRAT PLASTİK,unchanged,
Bara,7506,TR-B,KIRKLARELİ,unchanged,
Bara,7507,TR-B,TEKİRDAĞ,unchanged,
Bara,7509,154 B-1,BAĞARASI RES,unchanged,
Bara,7510,154 B-T,BAĞARASI RES,unchanged,
Bara,7511,TR,BAĞARASI RES,unchanged,
Bara,7512,400 B-1,İÇ ANADOLU DGKÇ,unchanged,
Bara,7513,400 B-2,İÇ ANADOLU DGKÇ,unchanged,
Bara,7514,400 B-T,İÇ ANADOLU DGKÇ,unchanged,
Bara,7517,TR-F,CUMHURİYET,unchanged,
Bara,7518,TR-B,LİMAK ÇİMENTO,unchanged,
Bara,7519,TR-C,YEŞİLVADİ,unchanged,
Bara,7520,TR-B,DUDULLU,unchanged,
Bara,7521,TR-B,ERDEMİR1,unchanged,
Bara,7522,TR-C,ERDEMİR1,unchanged,
Bara,7523,13.8 B-1,ERDEMİR1,unchanged,
Bara,7524,154 B-1,ZORLU JES,unchanged,
Bara,7525,154 B-T,ZORLU JES,unchanged,
Bara,7528,TR-B,KARADENİZ EREĞLİ,removed-from-source,
Bara,7529,TR-B,HENDEK,unchanged,
Bara,7530,TR-B,GÖKÇEDAĞ RES,unchanged,
Bara,7531,154 B-1,TAHA DGKÇ,unchanged,
Bara,7532,154 B-2,TAHA DGKÇ,unchanged,
Bara,7534,TR-4,SIR HES,unchanged,
Bara,7535,TR-C,İKİZLER,unchanged,
Bara,7536,154 B-T,İSKENDERUN1,unchanged,
Bara,7537,TR-B,ALTINEKİN,unchanged,
Bara,7538,TR-B,BAĞLUM,unchanged,
Bara,7539,TR-B,BEYPAZARI,updated,Gerilim (kV)
Bara,7540,TR-B,SİVRİHİSAR,unchanged,
Bara,7541,TR-B,YOZGAT,unchanged,
Bara,7542,TR-B,ÇUMRA,unchanged,
Bara,7543,TR-B,YEŞİLHİSAR,unchanged,
Bara,7546,TR-B,KARASU,unchanged,
Bara,7547,TR-B,KAYNARCA,unchanged,
Bara,7548,TR-B,KIRKA SALİH GÜNGÖR,unchanged,
Bara,7550,TR-B,ÇAYCUMA,unchanged,
Bara,7551,TR-B,ŞİLE,unchanged,
Bara,7552,154 B-1,POYRAZGÖLÜ RES,unchanged,
Bara,7553,TR-A,POYRAZGÖLÜ RES,unchanged,
Bara,7554,154 B-T,POYRAZGÖLÜ RES,unchanged,
Bara,7556,TR-C,BORNOVA BÜLENT KUAS,unchanged,
Bara,7557,TR-2,BOSTANLI GİS,unchanged,
Bara,7558,TR-C,KARABAĞLAR,unchanged,
Bara,7559,TR-2,KEMERKÖY TES,unchanged,
Bara,7560,TR-B,MARMARİS 2,unchanged,
Bara,7561,TR-B,META NİKEL,unchanged,
Bara,7563,TR-2,SOMA RES,unchanged,
Bara,7564,TR-C,ÖZKAN DEMİRÇELİK,unchanged,
Bara,7565,TR-2,ŞAH RES,unchanged,
Bara,7567,154 B-1,BİGA RES,unchanged,
Bara,7568,TR,BİGA RES,unchanged,
Bara,7569,TR-B,KEPEZKAYA HAVZA,unchanged,
Bara,7570,400 B-1,ZEUGMA,unchanged,
Bara,7571,154 B-1,ZEUGMA,unchanged,
Bara,7575,154 B-2,DARAN HES,unchanged,
Bara,7579,GPP-1,İSDEMİR TES,unchanged,
Bara,7580,GPP-2,İSDEMİR TES,unchanged,
Bara,7581,GPP-3,İSDEMİR TES,unchanged,
Bara,7583,154 B-1,KANİJE RES,unchanged,
Bara,7584,154 B-T,KANİJE RES,unchanged,
Bara,7585,TR-A,KANİJE RES,unchanged,
Bara,7588,TR-E,DUDULLU,unchanged,
Bara,7589,TR-B,KUNDU,unchanged,
Bara,7590,TR-2,TAVAS,unchanged,
Bara,7591,154 B-T,ŞARKİKARAAĞAÇ,unchanged,
Bara,7592,TR-B,ALAKOVA,unchanged,
Bara,7593,154 B-1,ERYAMAN,unchanged,
Bara,7594,154 B-2,ERYAMAN,unchanged,
Bara,7595,GTR-1,İSDEMİR TES,unchanged,
Bara,7596,GTR-2,İSDEMİR TES,unchanged,
Bara,7597,GTR-3,İSDEMİR TES,unchanged,
Bara,7598,GTR-4,İSDEMİR TES,unchanged,
Bara,7599,GTR-5,İSDEMİR TES,unchanged,
Bara,7600,TR-A,ERYAMAN,unchanged,
Bara,7601,TR-B,ERYAMAN,unchanged,
Bara,7602,154 B-1,FUAT RES,unchanged,
Bara,7603,154 B-T,FUAT RES,unchanged,
Bara,7604,TR-1,FUAT RES,unchanged,
Bara,7605,TR-A,ŞIRNAK,unchanged,
Bara,7606,TR-D,İNEGÖL,unchanged,
Bara,7612,154 B-1,KOTANLI HES,unchanged,
Bara,7613,154 B-2,KOTANLI HES,unchanged,
Bara,7615,TR-A,OYKA,unchanged,
Bara,7616,400 B-1,BANDIRMA DGKÇS 2,unchanged,
Bara,7617,400 B-2,BANDIRMA DGKÇS 2,unchanged,
Bara,7618,400 B-T,BANDIRMA DGKÇS 2,unchanged,
Bara,7620,TR-A,CAMİŞ MERSİN,unchanged,
Bara,7621,TR-B,GEZENDE HES,unchanged,
Bara,7622,154 B-1,YALOVA RES,unchanged,
Bara,7623,154 B-T,YALOVA RES,unchanged,
Bara,7624,TR-A,YALOVA RES,unchanged,
Bara,7626,154 B-1,BEREKETLİ RES,unchanged,
Bara,7627,154 B-T,BEREKETLİ RES,unchanged,
Bara,7629,154 B-1,YAHYALI RES,unchanged,
Bara,7630,154 B-T,YAHYALI RES,unchanged,
Bara,7631,TR-A,YAHYALI RES,unchanged,
Bara,7632,TR-B,FERROKROM ELAZIĞ,unchanged,
Bara,7633,154 B-1,SÖKE RES,unchanged,
Bara,7634,154 B-T,SÖKE RES,unchanged,
Bara,7635,TR-B,KÖYLÜKÖY,unchanged,
Bara,7636,TR-A,SÖKE RES,unchanged,
Bara,7637,154 B-1,SYCS ÇİMENTO,unchanged,
Bara,7638,154 B-T,SYCS ÇİMENTO,unchanged,
Bara,7639,TR-A,SYCS ÇİMENTO,unchanged,
Bara,7640,TR-B,SYCS ÇİMENTO,unchanged,
Bara,7642,TR-B,BORÇKA HES,unchanged,
Bara,7643,154 B-1,BİTLİS,unchanged,
Bara,7644,154 B-T,BİTLİS,unchanged,
Bara,7645,TR-A,BİTLİS,unchanged,
Bara,7648,154 B-1,ÇAĞLAYAN HAVZA,unchanged,
Bara,7649,154 B-T,ÇAĞLAYAN HAVZA,unchanged,
Bara,7650,TR-A,ÇAĞLAYAN HAVZA,unchanged,
Bara,7651,TR-B,ÇAĞLAYAN HAVZA,unchanged,
Bara,7653,TR-B,MUSTAFA KEMAL PAŞA,unchanged,
Bara,7654,TR-GR5YOLVER,TUNÇBİLEK A TES,unchanged,
Bara,7656,154 B-1,KURTKAYASI RES,unchanged,
Bara,7657,154 B-T,KURTKAYASI RES,unchanged,
Bara,7658,TR-A,KURTKAYASI RES,unchanged,
Bara,7659,TR-B,KURTKAYASI RES,unchanged,
Bara,7660,TR-3,AÇS İNCİRLİK,unchanged,
Bara,7661,TR-B,AKBÜK RES,unchanged,
Bara,7662,154 B-1,KIRLIK,unchanged,
Bara,7663,154 B-2,KIRLIK,unchanged,
Bara,7664,TR-A,KIRLIK,unchanged,
Bara,7665,TR-D,MİSİS,unchanged,
Bara,7666,TR-B,KIRLIK,unchanged,
Bara,7667,400 B-1,KOCAELİ,unchanged,
Bara,7668,400 B-2,KOCAELİ,unchanged,
Bara,7669,400 B-T,KOCAELİ,unchanged,
Bara,7670,154 B-1,KAVAK ÇİMENTO,unchanged,
Bara,7671,154 B-T,KAVAK ÇİMENTO,unchanged,
Bara,7672,TR-A,KAVAK ÇİMENTO,unchanged,
Bara,7673,154 B-1,AKDAĞ ÇİMENTO,unchanged,
Bara,7674,154 B-T,AKDAĞ ÇİMENTO,unchanged,
Bara,7675,TR-A,AKDAĞ ÇİMENTO,unchanged,
Bara,7676,TR-B,AKDAĞ ÇİMENTO,unchanged,
Bara,7677,TR-1-2,DDY PAYAS,unchanged,
Bara,7678,400 B-1,TÜRKGÜCÜ,unchanged,
Bara,7679,400 B-2,TÜRKGÜCÜ,unchanged,
Bara,7680,400 B-T,TÜRKGÜCÜ,unchanged,
Bara,7681,154 B-1,TÜRKGÜCÜ,unchanged,
Bara,7682,154 B-2	,TÜRKGÜCÜ,unchanged,
Bara,7683,154 B-T,TÜRKGÜCÜ,unchanged,
Bara,7684,TR-A,TÜRKGÜCÜ,unchanged,
Bara,7685,154 B-1,ULUBORLU RES,unchanged,
Bara,7686,154 B-T,ULUBORLU RES,unchanged,
Bara,7687,TR-1,ULUBORLU RES,unchanged,
Bara,7688,154 B-1,ENGİL,unchanged,
Bara,7689,154 B-2,ENGİL,unchanged,
Bara,7690,TR-A,ENGİL,unchanged,
Bara,7691,TR-B,ENGİL,unchanged,
Bara,7693,154 B-TA,AFYON2,unchanged,
Bara,7694,154 B-TB,AFYON2,unchanged,
Bara,7695,154 B-1,KASIMLAR HES,unchanged,
Bara,7696,154 B-T,KASIMLAR HES,unchanged,
Bara,7697,TR-A,KASIMLAR HES,unchanged,
Bara,7698,154 B-1,DENİZLİ1,unchanged,
Bara,7699,154 B-2,DENİZLİ1,unchanged,
Bara,7700,TR-A,DENİZLİ1,unchanged,
Bara,7701,TR-B,DENİZLİ1,unchanged,
Bara,7703,400 B-1,İSPİR HAVZA,unchanged,
Bara,7704,400 B-2,İSPİR HAVZA,unchanged,
Bara,7705,400 B-T,İSPİR HAVZA,unchanged,
Bara,7706,154 B-1,İSPİR HAVZA,unchanged,
Bara,7707,154 B-2,İSPİR HAVZA,unchanged,
Bara,7708,154 B-T,İSPİR HAVZA,unchanged,
Bara,7709,TR-A,İSPİR HAVZA,unchanged,
Bara,7710,TR-B,İSPİR HAVZA,unchanged,
Bara,7711,TR-C,İSPİR HAVZA,unchanged,
Bara,7712,TR-A,DORA 3 JES,unchanged,
Bara,7713,154 B-1,POYRAZ RES SUSURLUK,unchanged,
Bara,7714,154 B-T,POYRAZ RES SUSURLUK,unchanged,
Bara,7715,TR-A,POYRAZ RES SUSURLUK,unchanged,
Bara,7719,154 B-1,BİSMİL2,unchanged,
Bara,7720,154 B-T,BİSMİL2,unchanged,
Bara,7721,TR-A,BİSMİL2,unchanged,
Bara,7722,TR-B,BİSMİL2,unchanged,
Bara,7723,400 B-1,SİİRT380,unchanged,
Bara,7724,400 B-2,SİİRT380,unchanged,
Bara,7725,400 B-T,SİİRT380,unchanged,
Bara,7727,400 B-1,ÇOLAKOĞLU400,unchanged,
Bara,7728,154 B-1,ÇOLAKOĞLU400,unchanged,
Bara,7729,TR-2,URLA2,unchanged,
Bara,7730,TR-3,URLA2,unchanged,
Bara,7731,TR-B,YAVRUDOĞAN,unchanged,
Bara,7732,TR-B,DİYARBAKIR1,unchanged,
Bara,7733,TR-2,İNTEPE RES,unchanged,
Bara,7734,154 B-1,AMASYA RES,unchanged,
Bara,7735,154 B-T,AMASYA RES,unchanged,
Bara,7739,TR-A,AMASYA RES,unchanged,
Bara,7742,154 B-1,AFYON ÇİMENTO,unchanged,
Bara,7743,154 B-T,AFYON ÇİMENTO,unchanged,
Bara,7744,TR-A,AFYON ÇİMENTO,unchanged,
Bara,7745,TR-B,AFYON ÇİMENTO,unchanged,
Bara,7746,154 B-1,KIZKALESİ,unchanged,
Bara,7747,154 B-2,KIZKALESİ,unchanged,
Bara,7750,154 B-1,KOCAELİ,unchanged,
Bara,7751,154 B-2,KOCAELİ,unchanged,
Bara,7752,154 B-T,KOCAELİ,unchanged,
Bara,7753,154 B-1,SARITEPE RES,unchanged,
Bara,7754,154 B-T,SARITEPE RES,unchanged,
Bara,7755,TR-1,SARITEPE RES,unchanged,
Bara,7756,TR-2,SARITEPE RES,unchanged,
Bara,7757,TR-A,KOCAELİ,unchanged,
Bara,7758,TR-B,KOCAELİ,unchanged,
Bara,7759,TR-5,KOCAELİ,unchanged,
Bara,7760,TR-E,KARDEMİR,unchanged,
Bara,7761,154 B-1,ÇAMLIYAYLA HAVZA,unchanged,
Bara,7762,154 B-T,ÇAMLIYAYLA HAVZA,unchanged,
Bara,7763,TR-1,ÇAMLIYAYLA HAVZA,unchanged,
Bara,7764,TR-2,ÇAMLIYAYLA HAVZA,unchanged,
Bara,7765,154 B-1,KEMALİYE JES,unchanged,
Bara,7766,154 B-T,KEMALİYE JES,unchanged,
Bara,7768,154 B-1,ÇİĞDEM,unchanged,
Bara,7769,154 B-2,ÇİĞDEM,unchanged,
Bara,7770,TR-1,ÇİĞDEM,unchanged,
Bara,7771,TR-2,ÇİĞDEM,unchanged,
Bara,7772,TR-4,PAMUKÖREN JES,unchanged,
Bara,7773,154 B-1,AKYAZI,unchanged,
Bara,7774,154 B-T,AKYAZI,unchanged,
Bara,7775,154 B-1,VİTRA KARO,unchanged,
Bara,7776,154 B-T	,VİTRA KARO,unchanged,
Bara,7777,TR-A,VİTRA KARO,unchanged,
Bara,7778,TR-B,VİTRA KARO,unchanged,
Bara,7779,TR-3,YUMURTALIK,unchanged,
Bara,7780,154 B-1,ASAŞ ALÜMİNYUM,unchanged,
Bara,7781,154 B-2,ASAŞ ALÜMİNYUM,unchanged,
Bara,7782,TR-A,ASAŞ ALÜMİNYUM,unchanged,
Bara,7783,TR-B,ASAŞ ALÜMİNYUM,unchanged,
Bara,7784,TR-B,KUZEY ADANA,unchanged,
Bara,7785,154 B-1,ATAKAŞ,unchanged,
Bara,7786,154 B-T,ATAKAŞ,unchanged,
Bara,7787,TR-A,ATAKAŞ,unchanged,
Bara,7788,154 B-1,NİĞDE ÇİMSA,unchanged,
Bara,7789,154 B-T,NİĞDE ÇİMSA,unchanged,
Bara,7790,TR-A,NİĞDE ÇİMSA,unchanged,
Bara,7791,TR-B,NİĞDE ÇİMSA,unchanged,
Bara,7793,400 B-2,ANDIRIN,unchanged,
Bara,7794,TR-A,KIRŞEHİR,unchanged,
Bara,7795,400 B-1,ZETES3,unchanged,
Bara,7796,400 B-2,ZETES3,unchanged,
Bara,7797,TR-B,BÖLÜCEK,unchanged,
Bara,7798,TR-C,BÜYÜKKARIŞTIRAN,unchanged,
Bara,7799,TR-C,CEYHAN2,unchanged,
Bara,7801,TR-B,KAYNAŞLI,unchanged,
Bara,7802,TR-B,PAMUKOVA,unchanged,
Bara,7803,TR-B,GEMLİK,unchanged,
Bara,7808,154 B-1,SİİRT380,unchanged,
Bara,7809,154 B-2,SİİRT380,unchanged,
Bara,7810,154 B-T,SİİRT380,unchanged,
Bara,7811,TR-A,SİİRT380,unchanged,
Bara,7812,TR-B,SİİRT380,unchanged,
Bara,7813,154 B-1,ZELİHA RES,unchanged,
Bara,7814,154 B-T,ZELİHA RES,unchanged,
Bara,7816,TR-A,ZELİHA RES,unchanged,
Bara,7817,154 B-1,SIDDIK,unchanged,
Bara,7818,154 B-T,SIDDIK,unchanged,
Bara,7819,TR-A,SIDDIK,unchanged,
Bara,7821,154 B-1	,VELİMEŞE,unchanged,
Bara,7822,154 B-2	,VELİMEŞE,unchanged,
Bara,7823,TR-A,VELİMEŞE,unchanged,
Bara,7824,TR-B,VELİMEŞE,unchanged,
Bara,7826,154 B-1,ARTVİN,unchanged,
Bara,7827,154 B-2,ARTVİN,unchanged,
Bara,7828,TR-A,ARTVİN,unchanged,
Bara,7829,TR-B,ARTVİN,unchanged,
Bara,7830,TR-B,KOVANLIK HAVZA,unchanged,
Bara,7835,154 B-2,KOZBÜKÜ HES,unchanged,
Bara,7836,154 B-1,KOZBÜKÜ HES,unchanged,
Bara,7837,TR-A,AKYAZI,unchanged,
Bara,7839,TR-C(GEÇİCİ),PEKMEZLİ,unchanged,
Bara,7840,TR-B,GÖKSUN,unchanged,
Bara,7841,TR-2,BODRUM 2,unchanged,
Bara,7844,TR-A,BEREKETLİ RES,unchanged,
Bara,7845,TR-B,KOZLU,unchanged,
Bara,7846,TR-C,ANTALYA SERBEST BÖLGE,unchanged,
Bara,7847,154 B-1,KAYSERİ1,unchanged,
Bara,7848,154 B-2,KAYSERİ1,unchanged,
Bara,7849,TR-A,KAYSERİ1,unchanged,
Bara,7850,TR-B,KAYSERİ1,unchanged,
Bara,7851,TR-A,ENEZ,unchanged,
Bara,7852,400 B-1,KIRIKKALE DGKÇ,unchanged,
Bara,7853,400 B-2,KIRIKKALE DGKÇ,unchanged,
Bara,7855,154 B-1,ORTAKÖY,unchanged,
Bara,7856,154 B-T,ORTAKÖY,unchanged,
Bara,7857,TR-A,ORTAKÖY,unchanged,
Bara,7858,TR-B,BİTLİS,unchanged,
Bara,7859,TR-G,CUMHURİYET,unchanged,
Bara,7860,154 B-1,ELMALI RES,unchanged,
Bara,7861,154 B-T,ELMALI RES,unchanged,
Bara,7862,TR-1,ELMALI RES,unchanged,
Bara,7863,154 B-1,KIŞLADAĞ,unchanged,
Bara,7864,154 B-T,KIŞLADAĞ,unchanged,
Bara,7867,TR-B,SÖĞÜT,unchanged,
Bara,7868,154 B-1,AKYURT,unchanged,
Bara,7869,154 B-T,AKYURT,unchanged,
Bara,7870,TR-A,AKYURT,unchanged,
Bara,7877,400 B-1,BAĞIŞTAŞ,unchanged,
Bara,7878,400 B-T,BAĞIŞTAŞ,unchanged,
Bara,7879,400 B-2,BAĞIŞTAŞ,unchanged,
Bara,7880,154 B-1,BAĞIŞTAŞ,unchanged,
Bara,7881,154 B-2,BAĞIŞTAŞ,unchanged,
Bara,7882,154 B-T,BAĞIŞTAŞ,unchanged,
Bara,7883,TR-A,BAĞIŞTAŞ,unchanged,
Bara,7884,TR-B,BAĞIŞTAŞ,unchanged,
Bara,7885,154 B-1,GÖKTAŞ1 HES,unchanged,
Bara,7886,154 B-T,GÖKTAŞ1 HES,unchanged,
Bara,7889,TR-2,YENİ ŞEHİTLİK,unchanged,
Bara,7890,TR-C,AYDIN,unchanged,
Bara,7891,TR-E,AMBARLI TM,unchanged,
Bara,7892,154 B-1,TOPÇAM HES,unchanged,
Bara,7893,154 B-2,TOPÇAM HES,unchanged,
Bara,7895,TR-B,MERSİN TERMİK,unchanged,
Bara,7896,TR-C,KIRLIK,unchanged,
Bara,7897,154 B-1,REŞADİYE,unchanged,
Bara,7898,154 B-2,REŞADİYE,unchanged,
Bara,7899,154 B-T,REŞADİYE,unchanged,
Bara,7902,TR-A,KIZKALESİ,unchanged,
Bara,7905,154 B-1,YAHYALI BAK RES,unchanged,
Bara,7906,154 B-2,YAHYALI BAK RES,unchanged,
Bara,7907,TR-A,YAHYALI BAK RES,unchanged,
Bara,7908,TR-B,YAHYALI BAK RES,unchanged,
Bara,7909,154 B-1,FATMA RES,unchanged,
Bara,7910,154 B-T,FATMA RES,unchanged,
Bara,7911,TR-1,FATMA RES,unchanged,
Bara,7912,TR-B,İYİDERE,unchanged,
Bara,7913,TR-B,İSKENDERUN1,unchanged,
Bara,7914,154 B-1,KIRKAĞAÇ RES,unchanged,
Bara,7915,154 B-T,KIRKAĞAÇ RES,unchanged,
Bara,7916,TR-A,KIRKAĞAÇ RES,unchanged,
Bara,7917,154 B-1,MEHMETHAN JES,unchanged,
Bara,7918,154 B-T,MEHMETHAN JES,unchanged,
Bara,7919,TR-A,MEHMETHAN JES,unchanged,
Bara,7920,154 B-1,KUBİLAY JES,unchanged,
Bara,7921,154 B-T,KUBİLAY JES,unchanged,
Bara,7922,154 B-1,YERKÖY,unchanged,
Bara,7923,154 B-T,YERKÖY,unchanged,
Bara,7924,TR-A,YERKÖY,unchanged,
Bara,7925,TR-B,YERKÖY,unchanged,
Bara,7926,TR-B,YALOVA,unchanged,
Bara,7927,TR-B,BARTIN,unchanged,
Bara,7929,154 B-1,GÜLNAR HAVZA,unchanged,
Bara,7930,154 B-T,GÜLNAR HAVZA,unchanged,
Bara,7931,TR-A,GÜLNAR HAVZA,unchanged,
Bara,7932,TR-B,GÜLNAR HAVZA,unchanged,
Bara,7933,154 B-1,TALAS,unchanged,
Bara,7934,154 B-2,TALAS,unchanged,
Bara,7935,TR-A,TALAS,unchanged,
Bara,7936,TR-B,TALAS,unchanged,
Bara,7937,TR-B,GÜRAĞAÇ,unchanged,
Bara,7938,154 B-1,SELÇUKLU,unchanged,
Bara,7939,154 B-T,SELÇUKLU,unchanged,
Bara,7940,TR-A,SELÇUKLU,unchanged,
Bara,7942,TR-A,REŞADİYE,unchanged,
Bara,7943,TR-B,REŞADİYE,unchanged,
Bara,7944,TR-3,ALBAY ÇİĞİLTEPE RES,unchanged,
Bara,7945,400 B-1,REŞADİYE,unchanged,
Bara,7946,400 B-2,REŞADİYE,unchanged,
Bara,7947,400 B-T,REŞADİYE,unchanged,
Bara,7948,TR-2,MARE RES,unchanged,
Bara,7949,154 B-1,KINIK RES,unchanged,
Bara,7950,154 B-T,KINIK RES,unchanged,
Bara,7951,TR-1,KINIK RES,unchanged,
Bara,7952,TR-5,SİNCAN,unchanged,
Bara,7955,154 B-1,SFC ENTEGRE,unchanged,
Bara,7956,154 B-T,SFC ENTEGRE,unchanged,
Bara,7957,TR-A,SFC ENTEGRE,unchanged,
Bara,7960,TR-B,AFYON3,unchanged,
Bara,7961,TR-C,İBRAHİMLİ,unchanged,
Bara,7964,TR-B-E,ETİ SODA,unchanged,
Bara,7965,TR-B,DARAN HAVZA,unchanged,
Bara,7966,154 B-1,YÜKSEKOVA,unchanged,
Bara,7967,154 B-T,YÜKSEKOVA,unchanged,
Bara,7968,TR-A,YÜKSEKOVA,unchanged,
Bara,7969,154 B-1,KARTALDAĞI RES,unchanged,
Bara,7970,154 B-T,KARTALDAĞI RES,unchanged,
Bara,7972,TR-A,KARTALDAĞI RES,unchanged,
Bara,7973,154 B-1,AİRRES4,unchanged,
Bara,7974,154 B-T,AİRRES4,unchanged,
Bara,7975,TR-A,AİRRES4,unchanged,
Bara,7976,154 B-1,ESENYURT,unchanged,
Bara,7977,154 B-2,ESENYURT,unchanged,
Bara,7978,TR-A,ESENYURT,unchanged,
Bara,7979,TR-B,ESENYURT,unchanged,
Bara,7980,TR-B,GAZİEMİR GİS,unchanged,
Bara,7981,154 B-1,ARDANUÇ,unchanged,
Bara,7982,154 B-T,ARDANUÇ,unchanged,
Bara,7983,TR-A,ARDANUÇ,unchanged,
Bara,7984,TR-B,BALIKESİR,unchanged,
Bara,7985,154 B-1,ERKİLET,unchanged,
Bara,7986,154 B-2,ERKİLET,unchanged,
Bara,7987,TR-1,ERKİLET,unchanged,
Bara,7989,TR-B,MAHMUTLAR,unchanged,
Bara,7990,400 B-1,CENAL TES,unchanged,
Bara,7991,400 B-2,CENAL TES,unchanged,
Bara,7992,TRA-1,CENAL TES,unchanged,
Bara,7993,TRA-2,CENAL TES,unchanged,
Bara,7994,154 B-1,HABAŞ DGKÇS 2 GİS,unchanged,
Bara,7995,154 B-2,HABAŞ DGKÇS 2 GİS,unchanged,
Bara,7996,TR-18,HABAŞ DGKÇS 2 GİS,unchanged,
Bara,7997,154 B-1,HABAŞ,unchanged,
Bara,7998,154 B-2,HABAŞ,unchanged,
Bara,7999,TR-B,HABAŞ,unchanged,
Bara,8000,154 B-1,SULTANHİSAR JES,unchanged,
Bara,8002,154 B-T,SULTANHİSAR JES,unchanged,
Bara,8003,154 B-1,ÖZMEN 1 JES,unchanged,
Bara,8004,154 B-T,ÖZMEN 1 JES,unchanged,
Bara,8005,TR-C,MAÇKA HAVZA,unchanged,
Bara,8006,TR-15,HABAŞ DGKÇS 2 GİS,unchanged,
Bara,8007,TR-C,DAVUTPAŞA,unchanged,
Bara,8008,TR-5,TOSÇELİK,unchanged,
Bara,8010,TR-B,ÇAYKARA HAVZA,unchanged,
Bara,8011,TR-16,HABAŞ DGKÇS 2 GİS,unchanged,
Bara,8012,154 B-1,BELEK GİS,unchanged,
Bara,8013,154 B-2,BELEK GİS,unchanged,
Bara,8014,TR-A,BELEK GİS,unchanged,
Bara,8015,154 B-1,ARAPGİR HAVZA,unchanged,
Bara,8016,154 B-T,ARAPGİR HAVZA,unchanged,
Bara,8017,TR-A,ARAPGİR HAVZA,unchanged,
Bara,8018,TR-D,PS3,unchanged,
Bara,8019,TR-16,PETKİM DGKÇS,unchanged,
Bara,8020,154 B-1,DOĞANÇAY HES,unchanged,
Bara,8021,TR-2,MALTEPE İSTANBUL,updated,Adı
Bara,8022,154 B-1,TİRE RES,unchanged,
Bara,8023,154 B-T,TİRE RES,unchanged,
Bara,8024,400 B-2,GÖLBAŞI,unchanged,
Bara,8025,400 B-T,GÖLBAŞI,unchanged,
Bara,8026,154 B-1,KARGI HES,unchanged,
Bara,8028,154 B-2,KARGI HES,unchanged,
Bara,8029,TR-B,KAVAK OSB,unchanged,
Bara,8033,154 B-1,BAĞIŞTAŞ1 HES,unchanged,
Bara,8034,154 B-2,BAĞIŞTAŞ1 HES,unchanged,
Bara,8035,154 B-1,BAĞIŞTAŞ2 HES,unchanged,
Bara,8036,154 B-T,BAĞIŞTAŞ2 HES,unchanged,
Bara,8037,154 B-1,BERGRES RES,unchanged,
Bara,8038,154 B-T,BERGRES RES,unchanged,
Bara,8039,TR-A,BERGRES RES,unchanged,
Bara,8040,154 B-1,KIZILDERE3 JES,unchanged,
Bara,8041,154 B-T,KIZILDERE3 JES,unchanged,
Bara,8042,154 B-1,ABDULHAMİT HAN,unchanged,
Bara,8043,154 B-2,ABDULHAMİT HAN,unchanged,
Bara,8044,TR-A,ABDULHAMİT HAN,unchanged,
Bara,8045,TR-B,ABDULHAMİT HAN,unchanged,
Bara,8046,154 B-1,KONYA ÇİMENTO,unchanged,
Bara,8047,154 B-T,KONYA ÇİMENTO,unchanged,
Bara,8048,TR-A,KONYA ÇİMENTO,unchanged,
Bara,8049,TR-B,KONYA ÇİMENTO,unchanged,
Bara,8050,154 B-1,KAZAN DGKÇ,unchanged,
Bara,8051,154 B-2,KAZAN DGKÇ,unchanged,
Bara,8052,TR-A,TİRE RES,unchanged,
Bara,8055,400 B-1,DEÇEKO,unchanged,
Bara,8056,400 B-T,DEÇEKO,unchanged,
Bara,8057,TR-1A,DEÇEKO,unchanged,
Bara,8058,TR-2A,DEÇEKO,unchanged,
Bara,8059,154 B-1,DEMİRDAĞ,unchanged,
Bara,8061,154 B-T,DEMİRDAĞ,unchanged,
Bara,8062,TR-A,DEMİRDAĞ,updated,Gerilim (kV)
Bara,8063,TR-B,DEMİRDAĞ,updated,Gerilim (kV)
Bara,8064,154 B-1,KANGAL RES,unchanged,
Bara,8065,154 B-T,KANGAL RES,unchanged,
Bara,8066,TR-1,KANGAL RES,unchanged,
Bara,8068,TR-2,KANGAL RES,unchanged,
Bara,8070,400 B-1,KANGAL TES,unchanged,
Bara,8071,400 B-T,KANGAL TES,unchanged,
Bara,8072,154 B-1,KANGAL TES,unchanged,
Bara,8073,154 B-T,KANGAL TES,unchanged,
Bara,8076,TR-3,KANGAL TES,unchanged,
Bara,8077,TR-1,KANGAL TES,unchanged,
Bara,8078,TR-2,KANGAL TES,unchanged,
Bara,8079,154 B-1,SİVAS,unchanged,
Bara,8080,154 B-T,SİVAS,unchanged,
Bara,8081,TR-A-B,SİVAS,unchanged,
Bara,8082,154 B-1,SİVAS OSB,unchanged,
Bara,8083,154 B-T,SİVAS OSB,unchanged,
Bara,8084,TR-1,SİVAS OSB,unchanged,
Bara,8085,TR-2,SİVAS OSB,unchanged,
Bara,8086,154 B-1,VOTORANTİM,unchanged,
Bara,8087,154 B-T,VOTORANTİM,unchanged,
Bara,8088,TR-A,VOTORANTİM,unchanged,
Bara,8089,TR-B,VOTORANTİM,unchanged,
Bara,8090,154 B-1,ZARA,unchanged,
Bara,8091,154 B-T,ZARA,unchanged,
Bara,8092,TR-A,ZARA,unchanged,
Bara,8093,154 B-1,DORA 4 JES,unchanged,
Bara,8095,154 B-T,BOR OSB,unchanged,
Bara,8096,TR-A,BOR OSB,unchanged,
Bara,8097,TR-B,BOR OSB,unchanged,
Bara,8098,154 B-1,BOR OSB,unchanged,
Bara,8102,154 B-1,ALADAĞ,unchanged,
Bara,8103,154 B-T,ALADAĞ,unchanged,
Bara,8104,TR-A,ALADAĞ,unchanged,
Bara,8105,154 B-1,PINARBAŞI,unchanged,
Bara,8106,154 B-T,PINARBAŞI,unchanged,
Bara,8107,TR-A-B,PINARBAŞI,unchanged,
Bara,8110,154 B-1,YENİ SİVAS,unchanged,
Bara,8111,154 B-2,YENİ SİVAS,unchanged,
Bara,8112,TR-A,YENİ SİVAS,unchanged,
Bara,8114,TR-2,KARABURUN HAVZA,unchanged,
Bara,8118,400 B-1,YUKARI KALEKÖY HES,unchanged,
Bara,8119,400 B-2,YUKARI KALEKÖY HES,unchanged,
Bara,8120,400 B-T,YUKARI KALEKÖY HES,unchanged,
Bara,8121,TR-B,KUZOVA,unchanged,
Bara,8122,TR-A,HABAŞ,unchanged,
Bara,8123,TR-GR2,İÇDAŞ,unchanged,
Bara,8124,154 B-1,KİPAŞ MENSUCAT,unchanged,
Bara,8125,154 B-T,KİPAŞ MENSUCAT,unchanged,
Bara,8126,TR-A,KİPAŞ MENSUCAT,unchanged,
Bara,8127,TR-B,GAZİPAŞA,unchanged,
Bara,8128,400 B-1,KAPIÇAM,unchanged,
Bara,8130,400 B-2,KAPIÇAM,unchanged,
Bara,8131,400 B-T,KAPIÇAM,unchanged,
Bara,8132,154 B-1,KAPIÇAM,unchanged,
Bara,8133,154 B-2,KAPIÇAM,unchanged,
Bara,8134,154 B-T,KAPIÇAM,unchanged,
Bara,8135,TR-B,BALIKESİR OSB,unchanged,
Bara,8136,TR-2,KİLLİK RES,unchanged,
Bara,8137,TR-A,GÖRÜKLE,unchanged,
Bara,8138,154 B-1,BAYAT HAVZA,unchanged,
Bara,8139,154 B-T,BAYAT HAVZA,unchanged,
Bara,8140,TR-A,BAYAT HAVZA,unchanged,
Bara,8141,TR-B,YAKINKENT,unchanged,
Bara,8142,154 B-1,EFE 6 JES,unchanged,
Bara,8143,154 B-1,HEMA,unchanged,
Bara,8144,154 B-T,HEMA,unchanged,
Bara,8145,TR-A	,HEMA,unchanged,
Bara,8146,TR-B,HEMA,unchanged,
Bara,8147,TR-B,KAYADÜZÜ RES,unchanged,
Bara,8148,TR-8,İKİTELLİ,unchanged,
Bara,8149,400 B-1,KARAKOÇAN,unchanged,
Bara,8150,400 B-2,KARAKOÇAN,unchanged,
Bara,8151,400 B-T,KARAKOÇAN,unchanged,
Bara,8152,154 B-1,KARAKOÇAN,unchanged,
Bara,8153,154 B-2,KARAKOÇAN,unchanged,
Bara,8154,154 B-T,KARAKOÇAN,unchanged,
Bara,8155,154 B-1,STAR GİS,unchanged,
Bara,8156,154 B-2,STAR GİS,unchanged,
Bara,8157,TR-A,STAR GİS,unchanged,
Bara,8158,TR-B,STAR GİS,unchanged,
Bara,8161,TR-C,ALTINTEPE,updated,Başlangıç Tarihi
Bara,8162,154 B-1,KİPAŞ KAĞIT,unchanged,
Bara,8163,154 B-T,KİPAŞ KAĞIT,unchanged,
Bara,8164,TR-A,KİPAŞ KAĞIT,unchanged,
Bara,8165,154 B-1,DARICA2 HES,unchanged,
Bara,8166,154 B-2,DARICA2 HES,unchanged,
Bara,8169,154 B-1,KİĞI HES,unchanged,
Bara,8170,154 B-2,KİĞI HES,unchanged,
Bara,8171,TR-A,KARAKOÇAN,unchanged,
Bara,8172,TR-B,KARAKOÇAN,unchanged,
Bara,8173,TR-A,KAPIÇAM,unchanged,
Bara,8174,TR-B,KAPIÇAM,unchanged,
Bara,8175,TR-B,ÇARŞAMBA,unchanged,
Bara,8176,154 B-1,KUYUCAK JES,unchanged,
Bara,8177,154 B-T,KUYUCAK JES,unchanged,
Bara,8178,154 B-1,KÜREKDAĞI RES,unchanged,
Bara,8179,154 B-T,KÜREKDAĞI RES,unchanged,
Bara,8181,TR-A,KÜREKDAĞI RES,unchanged,
Bara,8182,TR-3,KANGAL RES,unchanged,
Bara,8183,TR-B,KÜREKDAĞI RES,unchanged,
Bara,8184,400 B-1,SOMA KOLİN TES,unchanged,
Bara,8185,400 B-2,SOMA KOLİN TES,unchanged,
Bara,8186,400 B-T,SOMA KOLİN TES,unchanged,
Bara,8187,154 B-1,ALAŞEHİR HAVZA,unchanged,
Bara,8188,154 B-2,ALAŞEHİR HAVZA,unchanged,
Bara,8189,TR-A,ALAŞEHİR HAVZA,unchanged,
Bara,8190,TR-B,ALAŞEHİR HAVZA,unchanged,
Bara,8191,154 B-1,ARDAHAN,unchanged,
Bara,8192,154 B-2,ARDAHAN,unchanged,
Bara,8193,TR-A,ARDAHAN,unchanged,
Bara,8194,TR-B,ARDAHAN,unchanged,
Bara,8195,400 B-1,KAYAŞ,unchanged,
Bara,8196,400 B-2,KAYAŞ,unchanged,
Bara,8197,400 B-T,KAYAŞ,unchanged,
Bara,8198,154 B-1,KAYAŞ,unchanged,
Bara,8199,154 B-2,KAYAŞ,unchanged,
Bara,8200,154 B-T,KAYAŞ,unchanged,
Bara,8201,TR-A,KAYAŞ,unchanged,
Bara,8202,TR-B,KAYAŞ,unchanged,
Bara,8203,TR-6,PAŞAKÖY,unchanged,
Bara,8204,154 B-1,TOSYA,unchanged,
Bara,8205,154 B-T,TOSYA,unchanged,
Bara,8206,TR-A,TOSYA,unchanged,
Bara,8207,154 B-1,POLATLI ÇİMENTO,unchanged,
Bara,8208,154 B-T,POLATLI ÇİMENTO,unchanged,
Bara,8209,TR-A,POLATLI ÇİMENTO,unchanged,
Bara,8210,TR-B,POLATLI ÇİMENTO,unchanged,
Bara,8211,154 B-1,KAROVA RES,unchanged,
Bara,8212,154 B-T,KAROVA RES,unchanged,
Bara,8213,TR-A,KAROVA RES,unchanged,
Bara,8214,TR-B,YÜKSEKOVA,unchanged,
Bara,8215,154 B-1,ETİ BAKIR MAZIDAĞI,unchanged,
Bara,8216,154 B-2,ETİ BAKIR MAZIDAĞI,unchanged,
Bara,8217,TR-A,ETİ BAKIR MAZIDAĞI,unchanged,
Bara,8218,TR-B,ETİ BAKIR MAZIDAĞI,unchanged,
Bara,8219,154 B-1,KELKİT HAVZA,unchanged,
Bara,8220,154 B-T,KELKİT HAVZA,unchanged,
Bara,8221,TR-A,KELKİT HAVZA,unchanged,
Bara,8222,TR-B,KELKİT HAVZA,unchanged,
Bara,8223,154 B-1,KONYA OSB,unchanged,
Bara,8224,154 B-2,KONYA OSB,unchanged,
Bara,8225,PRTR-1,KAZAN DGKÇ,unchanged,
Bara,8226,PRTR-2,KAZAN DGKÇ,unchanged,
Bara,8227,PRTR-3,KAZAN DGKÇ,unchanged,
Bara,8228,PRTR-4,KAZAN DGKÇ,unchanged,
Bara,8229,PRTR-5,KAZAN DGKÇ,unchanged,
Bara,8230,PRTR-6,KAZAN DGKÇ,unchanged,
Bara,8231,TR-A,KONYA OSB,unchanged,
Bara,8232,TR-B,KONYA OSB,unchanged,
Bara,8233,154 B-1,RB KARESİ,unchanged,
Bara,8234,154 B-T,RB KARESİ,unchanged,
Bara,8235,TR-A,RB KARESİ,unchanged,
Bara,8237,TR-C,BÜYÜKÇEKMECE,unchanged,
Bara,8238,TR-D,KARAKAYA HES,unchanged,
Bara,8239,154 B-1,TÜMAD LAPSEKİ,unchanged,
Bara,8240,154 B-T,TÜMAD LAPSEKİ,unchanged,
Bara,8241,TR-A,TÜMAD LAPSEKİ,unchanged,
Bara,8243,154 B-1,PERENCO,unchanged,
Bara,8244,TR,PERENCO,unchanged,
Bara,8245,154 B-1,BOLU1,unchanged,
Bara,8246,154 B-2,BOLU1,unchanged,
Bara,8248,TR-C,MACUNKÖY,unchanged,
Bara,8250,TR-B,BOLU1,unchanged,
Bara,8252,154 B-1,GASKİ2,unchanged,
Bara,8253,154 B-T,GASKİ2,unchanged,
Bara,8254,TR-A,GASKİ2,unchanged,
Bara,8255,154 B-1,YENİ HAVALİMANI,unchanged,
Bara,8256,154 B-2,YENİ HAVALİMANI,unchanged,
Bara,8257,TR-A,YENİ HAVALİMANI,unchanged,
Bara,8258,TR-B,YENİ HAVALİMANI,unchanged,
Bara,8259,TR-C,YENİ HAVALİMANI,unchanged,
Bara,8262,154 B-1,BÜSAN,unchanged,
Bara,8263,154 B-2,BÜSAN,unchanged,
Bara,8264,TR-A,BÜSAN,unchanged,
Bara,8265,400 B-1,ÇAN 2 TES,unchanged,
Bara,8266,400 B-2,ÇAN 2 TES,unchanged,
Bara,8267,400 B-T,ÇAN 2 TES,unchanged,
Bara,8268,STARTUP,KAZAN DGKÇ,unchanged,
Bara,8269,TR-B,GÖLKÖY,unchanged,
Bara,8270,TR-C,ÇERKEZKÖY OSB,unchanged,
Bara,8271,154 B-1,AKDAĞ RES,unchanged,
Bara,8272,154 B-T,AKDAĞ RES,unchanged,
Bara,8273,TR-A,AKDAĞ RES,unchanged,
Bara,8274,154 B-1,ZETES1,unchanged,
Bara,8275,154 B-2,ZETES1,unchanged,
Bara,8277,TR-B,MARDİN1,unchanged,
Bara,8278,TR-B,ŞANLIURFA,unchanged,
Bara,8279,TR-B,ALİAĞA OSB,unchanged,
Bara,8281,154 B-1,AKŞAR NAZAR HES,unchanged,
Bara,8282,154 B-T,AKŞAR NAZAR HES,unchanged,
Bara,8284,TR-C,İÇDAŞ,unchanged,
Bara,8285,TR-D,İÇDAŞ,unchanged,
Bara,8287,TR-B,TİRE,unchanged,
Bara,8288,154 B-1,İKİZDERE HAVZA,unchanged,
Bara,8289,154 B-T,İKİZDERE HAVZA,unchanged,
Bara,8290,TR-A,İKİZDERE HAVZA,unchanged,
Bara,8291,TR-B,İKİZDERE HAVZA,unchanged,
Bara,8292,TR-B,GASKİ2,unchanged,
Bara,8293,154 B-1,AKKUŞ HAVZA,unchanged,
Bara,8294,154 B-T,AKKUŞ HAVZA,unchanged,
Bara,8295,TR-A,AKKUŞ HAVZA,unchanged,
Bara,8296,154 B-1,KİĞI HAVZA,unchanged,
Bara,8297,154 B-T,KİĞI HAVZA,unchanged,
Bara,8298,TR-A,KİĞI HAVZA,unchanged,
Bara,8299,TR-C,ZONGULDAK,unchanged,
Bara,8300,TR-B,GÜMÜŞHANE,unchanged,
Bara,8302,154 B-1,SAMANDAĞ,unchanged,
Bara,8303,154 B-T,SAMANDAĞ,unchanged,
Bara,8304,TR-A,SAMANDAĞ,unchanged,
Bara,8305,154 B-1,UŞAK 380,unchanged,
Bara,8306,154 B-2,UŞAK 380,unchanged,
Bara,8307,154 B-T,UŞAK 380,unchanged,
Bara,8308,154 B-1,ŞARKÖY,unchanged,
Bara,8309,154 B-T,ŞARKÖY,unchanged,
Bara,8310,TR-B,ŞARKÖY,unchanged,
Bara,8311,TR-B,ALTINORDU,unchanged,
Bara,8312,400 B-1,UŞAK 380,unchanged,
Bara,8313,400 B-2,UŞAK 380,unchanged,
Bara,8314,400 B-T,UŞAK 380,unchanged,
Bara,8315,400 B-1,ÇAĞLAYAN İSTANBUL,unchanged,
Bara,8316,400 B-2	,ÇAĞLAYAN İSTANBUL,unchanged,
Bara,8317,154 B-1,ÇAĞLAYAN İSTANBUL,unchanged,
Bara,8318,154 B-2,ÇAĞLAYAN İSTANBUL,unchanged,
Bara,8319,TR-2,ÇAĞLAYAN İSTANBUL,unchanged,
Bara,8320,TR-3,ÇAĞLAYAN İSTANBUL,unchanged,
Bara,8321,TR-A,ÇAĞLAYAN İSTANBUL,unchanged,
Bara,8322,TR-B,ÇAĞLAYAN İSTANBUL,unchanged,
Bara,8323,TR-B,BERKE HES,unchanged,
Bara,8324,154 B-1,ORTAKLAR OSB,unchanged,
Bara,8325,154 B-T,ORTAKLAR OSB,unchanged,
Bara,8326,TR-A,ORTAKLAR OSB,unchanged,
Bara,8327,TR-B,SULTANMURAT,unchanged,
Bara,8330,TR-B,ÇAMSEKİ RES,unchanged,
Bara,8331,154 B-1,KÖMÜRHAN,unchanged,
Bara,8332,154 B-T,KÖMÜRHAN,unchanged,
Bara,8333,TR-A,KÖMÜRHAN,unchanged,
Bara,8334,TR-5,GERMENCİK,unchanged,
Bara,8335,TR-6,DİYARBAKIR3,unchanged,
Bara,8339,154 B-1,AHLAT,unchanged,
Bara,8340,154 B-T,AHLAT,unchanged,
Bara,8341,TR-B,AHLAT,unchanged,
Bara,8342,TR-B,ARAKLI,unchanged,
Bara,8343,154 B-1,ARKOZ ÇİMENTO,unchanged,
Bara,8344,154 B-T,ARKOZ ÇİMENTO,unchanged,
Bara,8345,TR-A,ARKOZ ÇİMENTO,unchanged,
Bara,8346,154 B-1,SOMA ÇİMENTO,unchanged,
Bara,8347,154 B-T,SOMA ÇİMENTO,unchanged,
Bara,8348,TR-A,SOMA ÇİMENTO,unchanged,
Bara,8349,TR-B,SOMA ÇİMENTO,unchanged,
Bara,8350,154 B-1,DUDULLU METRO,unchanged,
Bara,8351,154 B-2,DUDULLU METRO,unchanged,
Bara,8352,TR-A,DUDULLU METRO,unchanged,
Bara,8353,TR-B,DUDULLU METRO,unchanged,
Bara,8354,TR-C,DUDULLU METRO,unchanged,
Bara,8356,154 B-1,ANAGOLD,unchanged,
Bara,8357,154 B-T,ANAGOLD,unchanged,
Bara,8358,TR-A,ANAGOLD,unchanged,
Bara,8359,TR-B,ANAGOLD,unchanged,
Bara,8360,TR-C,ANAGOLD,unchanged,
Bara,8361,154 B-2,MORSAN,unchanged,
Bara,8362,154 B-T2,MORSAN,unchanged,
Bara,8363,154 B-2,POLATLI,unchanged,
Bara,8364,154 B-1,İSKUR,unchanged,
Bara,8365,154 B-T,İSKUR,unchanged,
Bara,8366,TR-A,İSKUR,unchanged,
Bara,8367,154 B-T,KIRŞEHİR,unchanged,
Bara,8368,154 B-2,HACILAR,unchanged,
Bara,8369,154 B-1,BAĞLAR RES,unchanged,
Bara,8370,154 B-T,BAĞLAR RES,unchanged,
Bara,8371,154 B-1,ARDIÇLI RES,unchanged,
Bara,8372,154 B-T,ARDIÇLI RES,unchanged,
Bara,8373,154 B-1,OSMANGAZİ,unchanged,
Bara,8374,154 B-2,OSMANGAZİ,unchanged,
Bara,8375,TR-A,OSMANGAZİ,unchanged,
Bara,8376,TR-B,OSMANGAZİ,unchanged,
Bara,8377,TR-C,OSMANGAZİ,unchanged,
Bara,8378,TR-1,ŞEHİTKAMİL OSB,unchanged,
Bara,8379,TR-4,ŞEHİTKAMİL OSB,unchanged,
Bara,8380,400 B-1,AŞAĞI KALEKÖY HES,unchanged,
Bara,8381,400 B-2,AŞAĞI KALEKÖY HES,unchanged,
Bara,8382,400 B-T,AŞAĞI KALEKÖY HES,unchanged,
Bara,8383,TR-A,PİYALE GİS,unchanged,
Bara,8384,TR-B,DURSUNBEY,unchanged,
Bara,8385,400 B-1,BORNOVA380,unchanged,
Bara,8386,400 B-2,BORNOVA380,unchanged,
Bara,8387,TR-B,ELMALI,unchanged,
Bara,8392,154 B-1,BORNOVA380,unchanged,
Bara,8393,154 B-2,BORNOVA380,unchanged,
Bara,8395,400 B-1,DELİKLİKAYA,unchanged,
Bara,8396,400 B-2,DELİKLİKAYA,unchanged,
Bara,8397,154 B-1A,DELİKLİKAYA,unchanged,
Bara,8398,154 B-2A,DELİKLİKAYA,unchanged,
Bara,8399,TR-1,DELİKLİKAYA,unchanged,
Bara,8400,TR-3,DELİKLİKAYA,unchanged,
Bara,8401,TR-A,DELİKLİKAYA,unchanged,
Bara,8402,TR-A,ARDIÇLI RES,unchanged,
Bara,8403,TR-B,ARDIÇLI RES,unchanged,
Bara,8404,TR-1,ILICA GİS,unchanged,
Bara,8405,400 B-1,ILISU HES,unchanged,
Bara,8406,400 B-2,ILISU HES,unchanged,
Bara,8407,400 B-T,ILISU HES,unchanged,
Bara,8408,154 B-1,ILISU HES,unchanged,
Bara,8409,154 B-2,ILISU HES,unchanged,
Bara,8410,154 B-T,ILISU HES,unchanged,
Bara,8411,TR,ILISU HES,unchanged,
Bara,8412,TR-C,ESENYURT,unchanged,
Bara,8413,TR-A,UŞAK 380,unchanged,
Bara,8414,TR-B,UŞAK 380,unchanged,
Bara,8415,TR-4,KAYSERİ4,unchanged,
Bara,8417,154 B-1,GERMENCİK,unchanged,
Bara,8418,154 B-2,GERMENCİK,unchanged,
Bara,8419,154 B-T,GERMENCİK,unchanged,
Bara,8420,TR-B,GERMENCİK,unchanged,
Bara,8421,TR-B,ESTERGON,unchanged,
Bara,8422,154 B-1,BANAZ,unchanged,
Bara,8423,154 B-T,BANAZ,unchanged,
Bara,8424,TR-A,BANAZ,unchanged,
Bara,8425,TR-B,BANAZ,unchanged,
Bara,8426,TR-C,BEŞEVLER,unchanged,
Bara,8427,TR-B,ESKİŞEHİR OSB,unchanged,
Bara,8429,TR-C,SİVEREK,unchanged,
Bara,8430,TR-3,YÜREĞİR,unchanged,
Bara,8432,154 B-1,KARMA OSB,unchanged,
Bara,8433,154 B-T,KARMA OSB,unchanged,
Bara,8434,TR-A,KARMA OSB,unchanged,
Bara,8435,TR-B,KARMA OSB,unchanged,
Bara,8436,TR-3,YILDIZ,unchanged,
Bara,8438,TR-B,EDİRNE ÇİMENTO,unchanged,
Bara,8439,154 B-1B,DELİKLİKAYA,unchanged,
Bara,8440,154 B-2B,DELİKLİKAYA,unchanged,
Bara,8441,154 B-1C,DELİKLİKAYA,unchanged,
Bara,8442,154 B-2C,DELİKLİKAYA,unchanged,
Bara,8443,TR-B,UZUNDERE,unchanged,
Bara,8444,154 B-1,EBER RES,unchanged,
Bara,8445,154 B-T,EBER RES,unchanged,
Bara,8446,TR-A,EBER RES,unchanged,
Bara,8447,TR-B,EBER RES,unchanged,
Bara,8448,154 B-1,AKINCI HES TOKAT,unchanged,
Bara,8449,154 B-T,AKINCI HES TOKAT,unchanged,
Bara,8450,154 B-1,ETİ BAKIR ADIYAMAN,unchanged,
Bara,8451,154 B-T,ETİ BAKIR ADIYAMAN,unchanged,
Bara,8452,TR-A,ETİ BAKIR ADIYAMAN,unchanged,
Bara,8453,154 B-1,ALANBAŞI HAVZA,unchanged,
Bara,8454,154 B-T,ALANBAŞI HAVZA,unchanged,
Bara,8455,TR-A,ALANBAŞI HAVZA,unchanged,
Bara,8456,TR-A,BOLU1,updated,Başlangıç Tarihi
Bara,8457,154 B-1,ERBAA,unchanged,
Bara,8458,154 B-2,ERBAA,unchanged,
Bara,8459,TR-A,ERBAA,unchanged,
Bara,8460,TR-B,ERBAA,unchanged,
Bara,8461,TR-B,YENİ SİVAS,unchanged,
Bara,8462,TR-B,BAĞYURDU,unchanged,
Bara,8463,TR-B,FEKE HAVZA,unchanged,
Bara,8464,154 B-1,DİKİLİ,unchanged,
Bara,8465,154 B-T,DİKİLİ,unchanged,
Bara,8466,TR-A,DİKİLİ,unchanged,
Bara,8467,TR-A,BORNOVA380,unchanged,
Bara,8468,154 B-1,YAKUPLU,unchanged,
Bara,8469,154 B-2,YAKUPLU,unchanged,
Bara,8470,TR-A,YAKUPLU,unchanged,
Bara,8471,TR-C,YAKUPLU,unchanged,
Bara,8472,TR-B,AVANOS2,unchanged,
Bara,8474,TR-B,AKYURT,unchanged,
Bara,8475,154 B-1,BERGAMA VENTO RES,unchanged,
Bara,8476,154 B-T,BERGAMA VENTO RES,unchanged,
Bara,8477,154 B-1,CERİT RES,unchanged,
Bara,8478,154 B-T,CERİT RES,unchanged,
Bara,8479,TR-B,CERİT RES,unchanged,
Bara,8480,TR-A,ÇIRÇIP,unchanged,
Bara,8481,154 B-1,BUHARKENT JES,unchanged,
Bara,8482,TR-B,MARDİN2,unchanged,
Bara,8483,154 B-1A,EDİRNE GİS,unchanged,
Bara,8484,154 B-1B,EDİRNE GİS,unchanged,
Bara,8485,TR-A,EDİRNE GİS,unchanged,
Bara,8486,TR-B,KÖMÜRHAN,unchanged,
Bara,8487,154 B-1,YAYSUN GES,unchanged,
Bara,8488,154 B-T,YAYSUN GES,unchanged,
Bara,8489,TR-1,YAYSUN GES,unchanged,
Bara,8490,TR-2,YAYSUN GES,unchanged,
Bara,8491,TR-B,KARACA,unchanged,
Bara,8492,TR-A,BERGAMA VENTO RES,unchanged,
Bara,8493,TR-2,ERKİLET,unchanged,
Bara,8494,154 B-1,ALİBEY RES,unchanged,
Bara,8495,154 B-T,ALİBEY RES,unchanged,
Bara,8496,TR-A,ALİBEY RES,unchanged,
Bara,8497,TR-A,BAĞLAR RES,unchanged,
Bara,8498,TR-B,BAĞLAR RES,unchanged,
Bara,8499,TR-B,AKYAZI,unchanged,
Bara,8500,TR-A,CERİT RES,unchanged,
Bara,8501,TR-A,AHLAT,unchanged,
Bara,8502,154 B-1B,ERZİN,unchanged,
Bara,8504,154 B-TB,ERZİN,unchanged,
Bara,8506,154 B-1,3S KALE JES,unchanged,
Bara,8507,154 B-T,3S KALE JES,unchanged,
Bara,8508,TR-B,TOSYA,unchanged,
Bara,8513,TR-A,SULTANHİSAR JES,unchanged,
Bara,8514,154 B-1,DİNÇER ÇİMENTO,unchanged,
Bara,8515,154 B-T,DİNÇER ÇİMENTO,unchanged,
Bara,8516,TR-A,DİNÇER ÇİMENTO,unchanged,
Bara,8517,400 B-1,ATAŞEHİR,unchanged,
Bara,8518,400 B-2,ATAŞEHİR,unchanged,
Bara,8519,TR-1,ATAŞEHİR,unchanged,
Bara,8520,TR-3,ATAŞEHİR,unchanged,
Bara,8521,TR-6,SİNCAN,unchanged,
Bara,8522,154 B-1,TÜRKERLER ALAŞEHİR3 JES,unchanged,
Bara,8523,154 B-T,TÜRKERLER ALAŞEHİR3 JES,unchanged,
Bara,8526,154 B-1,YENİHİSAR RES,unchanged,
Bara,8527,154 B-T,YENİHİSAR RES,unchanged,
Bara,8528,TR-B,ÇAMOLUK,unchanged,
Bara,8529,154 B-1,ERENKÖY,unchanged,
Bara,8530,154 B-2,ERENKÖY,unchanged,
Bara,8531,TR-A,ERENKÖY,unchanged,
Bara,8532,TR-B,ERENKÖY,unchanged,
Bara,8533,154 B-1,TÜMAD BURHANİYE,unchanged,
Bara,8534,154 B-T,TÜMAD BURHANİYE,unchanged,
Bara,8535,TR-A,YENİHİSAR RES,unchanged,
Bara,8536,TR-A,TÜMAD BURHANİYE,unchanged,
Bara,8537,TR-A,ŞARKÖY,unchanged,
Bara,8538,TR-4,ZEKERİYAKÖY,unchanged,
Bara,8539,TR-B,ARAÇ,unchanged,
Bara,8540,TR-A,BALIKESİR SEKA,unchanged,
Bara,8541,TR-B,EDİRNE GİS,unchanged,
Bara,8542,154 B-1,ÇEKEREK HAVZA,unchanged,
Bara,8543,154 B-T,ÇEKEREK HAVZA,unchanged,
Bara,8544,TR-A,ÇEKEREK HAVZA,unchanged,
Bara,8545,TR-B,ÇEKEREK HAVZA,unchanged,
Bara,8546,TR-7,İKİTELLİ,unchanged,
Bara,8547,TR-B,AKKUŞ HAVZA,unchanged,
Bara,8548,TR-A,SUNGURLU OSB,unchanged,
Bara,8551,TR-F,YATAĞAN TES,unchanged,
Bara,8552,TR-E,YATAĞAN TES,unchanged,
Bara,8553,TR-3,BEYKENT OSB,unchanged,
Bara,8554,TR-5,PAMUKÖREN JES,unchanged,
Bara,8558,400 B-1,SAĞMALCILAR GİS,unchanged,
Bara,8559,400 B-2,SAĞMALCILAR GİS,unchanged,
Bara,8560,TR-1,SAĞMALCILAR GİS,unchanged,
Bara,8561,TR-2,SAĞMALCILAR GİS,unchanged,
Bara,8562,TR-3,SAĞMALCILAR GİS,unchanged,
Bara,8563,TR-4,SAĞMALCILAR GİS,unchanged,
Bara,8564,154 B-1,KOZLUK,unchanged,
Bara,8565,154 B-T,KOZLUK,unchanged,
Bara,8566,TR-A,KOZLUK,unchanged,
Bara,8567,TR-B,KOZLUK,unchanged,
Bara,8568,154 B-1,EŞMEKAYA,unchanged,
Bara,8569,154 B-T,EŞMEKAYA,unchanged,
Bara,8570,TR-A,EŞMEKAYA,unchanged,
Bara,8571,154 B-1,TERME,unchanged,
Bara,8572,154 B-T,TERME,unchanged,
Bara,8574,154 B-1,SELÇUK,unchanged,
Bara,8575,154 B-2,SELÇUK,unchanged,
Bara,8576,TR-A,SELÇUK,unchanged,
Bara,8577,TR-A,TERME,unchanged,
Bara,8578,TR-C,AKORSAN,unchanged,
Bara,8579,TR-1,SOMA B TES,unchanged,
Bara,8580,TR-B,GÖLMARMARA,unchanged,
Bara,8581,TR-E,SELİMİYE,unchanged,
Bara,8582,154 B-1,KOCALAR RES,unchanged,
Bara,8583,154 B-T,KOCALAR RES,unchanged,
Bara,8584,TR-1,KOCALAR RES,updated,Gerilim (kV)
Bara,8586,TR-C,MALORSA,unchanged,
Bara,8587,154 B-1,DİYARBAKIR OSB,unchanged,
Bara,8588,154 B-T,DİYARBAKIR OSB,unchanged,
Bara,8589,154 B-1,ALİAĞA1 GİS,unchanged,
Bara,8590,154 B-2,ALİAĞA1 GİS,unchanged,
Bara,8591,TR-A,ALİAĞA1 GİS,unchanged,
Bara,8592,TR-B,ALİAĞA1 GİS,unchanged,
Bara,8593,154 B-T,AKBÜK RES,unchanged,
Bara,8594,TR-B,SELÇUKLU,unchanged,
Bara,8595,YOL VERME,BURSA DGKÇS,unchanged,
Bara,8596,TR-B,ARAPGİR HAVZA,unchanged,
Bara,8597,TR-B,POLAT TES,unchanged,
Bara,8598,YOL VERME1,SEYİTÖMER TES,unchanged,
Bara,8599,YOL VERME2,SEYİTÖMER TES,unchanged,
Bara,8600,YOL VERME,ÇATES MUHAMMED DEMİREL,unchanged,
Bara,8601,154 B-1B,ERDEMİR1,unchanged,
Bara,8602,154 B-1C,ERDEMİR1,unchanged,
Bara,8603,66 B-1B,ERDEMİR1,unchanged,
Bara,8608,400 B-1,ELBİSTAN-B TES 400,unchanged,
Bara,8609,400 B-2,ELBİSTAN-B TES 400,unchanged,
Bara,8610,400 B-3,ELBİSTAN-B TES 400,unchanged,
Bara,8611,400 B-4,ELBİSTAN-B TES 400,unchanged,
Bara,8612,154 B-1,BURÇAK2 HES,unchanged,
Bara,8613,154 B-1,ASYAPORT LİMAN,unchanged,
Bara,8614,154 B-T,ASYAPORT LİMAN,unchanged,
Bara,8615,TR-A,ASYAPORT LİMAN,unchanged,
Bara,8616,154 B-3,ALİAĞA2,unchanged,
Bara,8617,154 B-4,ALİAĞA2,unchanged,
Bara,8618,154 B-1,HOTAMIŞ,unchanged,
Bara,8619,154 B-T,HOTAMIŞ,unchanged,
Bara,8620,TR-A,HOTAMIŞ,unchanged,
Bara,8621,TR-B,HOTAMIŞ,unchanged,
Bara,8622,154 B-1,ORHANELİ,unchanged,
Bara,8623,154 B-2,ORHANELİ,unchanged,
Bara,8624,400 B-1,RAFİNERİ,unchanged,
Bara,8625,400 B-2,RAFİNERİ,unchanged,
Bara,8626,400 B-T,RAFİNERİ,unchanged,
Bara,8627,154 B-1,RAFİNERİ,unchanged,
Bara,8628,154 B-2,RAFİNERİ,unchanged,
Bara,8629,154 B-T,RAFİNERİ,unchanged,
Bara,8630,TR-A,ORHANELİ,unchanged,
Bara,8631,TR-A,RAFİNERİ,unchanged,
Bara,8632,154 B-1,KÇS ÇİMENTO,unchanged,
Bara,8633,154 B-T,KÇS ÇİMENTO,unchanged,
Bara,8634,154 B-1,ÜÇPINAR RES,unchanged,
Bara,8635,154 B-T,ÜÇPINAR RES,unchanged,
Bara,8636,TR-1,ÜÇPINAR RES,unchanged,
Bara,8637,TR-2,ÜÇPINAR RES,unchanged,
Bara,8641,TR-A,KÇS ÇİMENTO,unchanged,
Bara,8642,TR-B,KÇS ÇİMENTO,unchanged,
Bara,8643,TR-B,KIZKALESİ,unchanged,
Bara,8644,154 B-1,LİMAK ÇİMENTO KİLİS,unchanged,
Bara,8645,154 B-T,LİMAK ÇİMENTO KİLİS,unchanged,
Bara,8646,TR-A,LİMAK ÇİMENTO KİLİS,unchanged,
Bara,8647,TR-B,LİMAK ÇİMENTO KİLİS,unchanged,
Bara,8648,TR-A,DİYARBAKIR OSB,unchanged,
Bara,8649,TR-B,DİYARBAKIR OSB,unchanged,
Bara,8650,154 B-1,MANİSA OSB2,unchanged,
Bara,8651,154 B-T,MANİSA OSB2,unchanged,
Bara,8652,TR-A,MANİSA OSB2,unchanged,
Bara,8653,TR-B,MANİSA OSB2,unchanged,
Bara,8654,TR-2,KOZAN HAVZA,unchanged,
Bara,8656,154 B-1,MURGUL,unchanged,
Bara,8657,154 B-T,MURGUL,unchanged,
Bara,8658,TR-A,MURGUL,unchanged,
Bara,8659,TR-B,MURGUL,unchanged,
Bara,8660,TR-6,KOCAELİ,unchanged,
Bara,8661,TR-B,ALİBEY HÖYÜĞÜ,unchanged,
Bara,8662,TR-B,VAKFIKEBİR,unchanged,
Bara,8663,TR-A,LİCE,unchanged,
Bara,8664,154 B-3,SELÇUK,unchanged,
Bara,8667,TR-C,ARABAN PS,unchanged,
Bara,8668,154 B-1,MİS3 JES,unchanged,
Bara,8669,154 B-T,MİS3 JES,unchanged,
Bara,8671,154 B-1,KIRIKDAĞ HES,unchanged,
Bara,8672,TR-A,KIRIKDAĞ HES,unchanged,
Bara,8673,400 B-1,KONYA KUZEY,unchanged,
Bara,8674,400 B-2,KONYA KUZEY,unchanged,
Bara,8675,400 B-T,KONYA KUZEY,unchanged,
Bara,8676,154 B-1,KONYA KUZEY,unchanged,
Bara,8677,154 B-2,KONYA KUZEY,unchanged,
Bara,8678,154 B-T,KONYA KUZEY,unchanged,
Bara,8679,TR-A,KONYA KUZEY,unchanged,
Bara,8680,154 B-1,HASANOBA RES,unchanged,
Bara,8681,154 B-T,HASANOBA RES,unchanged,
Bara,8682,154 B-1,ULUDAĞ GİS,unchanged,
Bara,8683,154 B-2,ULUDAĞ GİS,unchanged,
Bara,8685,154 B-1,ALA2 JES,unchanged,
Bara,8686,154 B-T,ALA2 JES,unchanged,
Bara,8687,TR-B,ORHANELİ,unchanged,
Bara,8688,TR-A,ULUDAĞ GİS,unchanged,
Bara,8689,400 B-1,ULUDAĞ GİS,unchanged,
Bara,8690,400 B-2,ULUDAĞ GİS,unchanged,
Bara,8691,154 B-1,ÖKSÜT MADENCİLİK,unchanged,
Bara,8692,154 B-T,ÖKSÜT MADENCİLİK,unchanged,
Bara,8693,TR-A,ÖKSÜT MADENCİLİK,unchanged,
Bara,8694,TR-A,HASANOBA RES,unchanged,
Bara,8695,TR-B,ALADAĞ,unchanged,
Bara,8697,TR-D,BAĞCILAR,unchanged,
Bara,8698,154 B-1,MASLAKTEPE RES,unchanged,
Bara,8699,154 B-T,MASLAKTEPE RES,unchanged,
Bara,8700,154 B-1,GÜLPINAR RES,unchanged,
Bara,8701,154 B-T,GÜLPINAR RES,unchanged,
Bara,8702,TR-C,DİLİSKELESİ GİS,unchanged,
Bara,8703,154 B-1,DENİZLİ RES,unchanged,
Bara,8704,154 B-T,DENİZLİ RES,unchanged,
Bara,8705,TR-1,DENİZLİ RES,unchanged,
Bara,8706,TR-2,DENİZLİ RES,unchanged,
Bara,8707,TR-B,TURANKÖY,unchanged,
Bara,8711,154 B-1,YAMAÇTEPE RES,unchanged,
Bara,8712,154 B-T,YAMAÇTEPE RES,unchanged,
Bara,8713,154 B-1,KOCATEPE RES,unchanged,
Bara,8714,154 B-T,KOCATEPE RES,unchanged,
Bara,8715,TR-A,YAMAÇTEPE RES,unchanged,
Bara,8716,TR-A,KOCATEPE RES,unchanged,
Bara,8717,TR-B,KOCATEPE RES,unchanged,
Bara,8718,154 B-1,GREENECO JES 5,unchanged,
Bara,8719,154 B-T,GREENECO JES 5,unchanged,
Bara,8720,TR-F,KARDEMİR,unchanged,
Bara,8721,154 B-1,DDY AKGEDİK,unchanged,
Bara,8722,154 B-1,DDY DOĞANŞEHİR,unchanged,
Bara,8723,154 B-1,DDY FEVZİPAŞA,unchanged,
Bara,8724,154 B-1,DDY GÖLBAŞI,unchanged,
Bara,8725,154 B-1,DDY HEKİMHAN,unchanged,
Bara,8726,154 B-1,DDY NARLI,unchanged,
Bara,8727,154 B-1,DDY YAZIHAN,unchanged,
Bara,8728,154 B-1,DDY YAZLAK,unchanged,
Bara,8729,TR-1,DDY AKGEDİK,unchanged,
Bara,8730,TR-2,DDY AKGEDİK,unchanged,
Bara,8731,TR-1,DDY DOĞANŞEHİR,unchanged,
Bara,8732,TR-2,DDY DOĞANŞEHİR,unchanged,
Bara,8733,TR-1,DDY FEVZİPAŞA,unchanged,
Bara,8734,TR-2,DDY FEVZİPAŞA,unchanged,
Bara,8735,TR-1,DDY GÖLBAŞI,unchanged,
Bara,8736,TR-2,DDY GÖLBAŞI,unchanged,
Bara,8737,TR-1,DDY HEKİMHAN,unchanged,
Bara,8738,TR-2,DDY HEKİMHAN,unchanged,
Bara,8739,TR-2,DDY NARLI,unchanged,
Bara,8740,TR-1,DDY NARLI,unchanged,
Bara,8741,TR-2,DDY YAZIHAN,unchanged,
Bara,8742,TR-1,DDY YAZIHAN,unchanged,
Bara,8743,TR-2,DDY YAZLAK,unchanged,
Bara,8744,TR-1,DDY YAZLAK,unchanged,
Bara,8745,154 B-1,AKSU MADENCİLİK,unchanged,
Bara,8746,154 B-T,AKSU MADENCİLİK,unchanged,
Bara,8747,TR-A,AKSU MADENCİLİK,unchanged,
Bara,8748,154 B-1,SALİHLİ3 JES,unchanged,
Bara,8749,154 B-T,SALİHLİ3 JES,unchanged,
Bara,8751,TR-B,ÇİFTELER,unchanged,
Bara,8753,154 B-1,TATLIPINAR RES,unchanged,
Bara,8754,154 B-T,TATLIPINAR RES,unchanged,
Bara,8756,154 B-1,ÇAKIL RES,unchanged,
Bara,8757,154 B-T,ÇAKIL RES,unchanged,
Bara,8765,400 B-1,VİZE HAVZA,unchanged,
Bara,8766,400 B-2,VİZE HAVZA,unchanged,
Bara,8767,400 B-T,VİZE HAVZA,unchanged,
Bara,8768,154 B-1,VİZE HAVZA,unchanged,
Bara,8769,154 B-2,VİZE HAVZA,unchanged,
Bara,8770,154 B-T,VİZE HAVZA,unchanged,
Bara,8771,TR-A,VİZE HAVZA,unchanged,
Bara,8772,TR-B,SİNCİK HAVZA,unchanged,
Bara,8773,TR-C,SİNCİK HAVZA,unchanged,
Bara,8774,TR-A,MASLAKTEPE RES,unchanged,
Bara,8775,154 B-1,DEMİRKÖY,unchanged,
Bara,8776,154 B-T,DEMİRKÖY,unchanged,
Bara,8777,TR-A,DEMİRKÖY,unchanged,
Bara,8778,TR-C,ADIYAMAN GÖLBAŞI,unchanged,
Bara,8779,154 B-1,HASANAĞA,unchanged,
Bara,8780,154 B-T,HASANAĞA,unchanged,
Bara,8781,TR-A,HASANAĞA,unchanged,
Bara,8782,TR-B,HASANAĞA,unchanged,
Bara,8783,154 B-1,HAVZA RES,unchanged,
Bara,8784,154 B-T,HAVZA RES,unchanged,
Bara,8785,TR-A,HAVZA RES,unchanged,
Bara,8786,400 B-1,BARTIN OSB,unchanged,
Bara,8787,400 B-2,BARTIN OSB,unchanged,
Bara,8788,400 B-T,BARTIN OSB,unchanged,
Bara,8789,TR-1,BARTIN OSB,unchanged,
Bara,8790,TR-2,BARTIN OSB,unchanged,
Bara,8791,TR-A,ÇAKIL RES,unchanged,
Bara,8792,TR-B,TATLIPINAR RES,unchanged,
Bara,8793,TR-A,GÜLPINAR RES,unchanged,
Bara,8798,TR-B,KİĞI HAVZA,unchanged,
Bara,8799,154 B-1,MERYEM RES,unchanged,
Bara,8800,154 B-T,MERYEM RES,unchanged,
Bara,8801,TR-A,MERYEM RES,unchanged,
Bara,8802,154 B-1,GÖKSU,unchanged,
Bara,8803,154 B-2,GÖKSU,unchanged,
Bara,8804,TR-A,GÖKSU,unchanged,
Bara,8805,TR-B,GÖKSU,unchanged,
Bara,8806,154 B-1,MERSİN3,unchanged,
Bara,8807,154 B-T,MERSİN3,unchanged,
Bara,8808,TR-5,ÇAMLICA1 HES,unchanged,
Bara,8809,400 B-1B,ELBİSTAN TES,unchanged,
Bara,8810,TR-D,SULTANMURAT,unchanged,
Bara,8811,TR-A,MERSİN3,unchanged,
Bara,8812,400 B-1,TAŞOLUK,unchanged,
Bara,8813,400 B-2,TAŞOLUK,unchanged,
Bara,8814,154 B-1,KARAHALLI,unchanged,
Bara,8815,154 B-T,KARAHALLI,unchanged,
Bara,8816,TR-A,KARAHALLI,unchanged,
Bara,8817,TR-B,KARAHALLI,unchanged,
Bara,8818,154 B-1,ADATOPRAKPINAR,unchanged,
Bara,8819,154 B-T,ADATOPRAKPINAR,unchanged,
Bara,8820,TR-A,ADATOPRAKPINAR,unchanged,
Bara,8821,TR-B,ADATOPRAKPINAR,unchanged,
Bara,8822,TR-B,BAYAT HAVZA,unchanged,
Bara,8823,154 B-1,ÇERKEZKÖY ENERJİ TM,unchanged,
Bara,8824,154 B-2,ÇERKEZKÖY ENERJİ TM,unchanged,
Bara,8825,TR-A,ÇERKEZKÖY ENERJİ TM,unchanged,
Bara,8826,TR-B,ÇERKEZKÖY ENERJİ TM,unchanged,
Bara,8827,TR-B,MERSİN3,unchanged,
Bara,8828,TR-C,ALİAĞA1 GİS,unchanged,
Bara,8829,TR-D,ALİAĞA1 GİS,unchanged,
Bara,8830,TR-5,BEYKENT OSB,unchanged,
Bara,8831,TR-A2,ATATÜRK HES,unchanged,
Bara,8832,154 B-1,KARAKÖPRÜ,unchanged,
Bara,8833,154 B-T,KARAKÖPRÜ,unchanged,
Bara,8834,TR-A,KARAKÖPRÜ,unchanged,
Bara,8835,TR-B,KARAKÖPRÜ,unchanged,
Bara,8837,TR-C,KARABÜK OSB,unchanged,
Bara,8838,TR-B,TERME,unchanged,
Bara,8839,154 B-1,KİRAZLI RES,unchanged,
Bara,8840,154 B-T,KİRAZLI RES,unchanged,
Bara,8841,154 B-1,BAFA RES,unchanged,
Bara,8842,154 B-T,BAFA RES,unchanged,
Bara,8843,TR-B,ENERJİSA KÖSEKÖY,unchanged,
Bara,8844,154 B-1,ÇİNE,unchanged,
Bara,8845,154 B-T,ÇİNE,unchanged,
Bara,8846,TR-B,ÇİMSA ESKİŞEHİR,unchanged,
Bara,8847,TR-A,KİRAZLI RES,unchanged,
Bara,8848,400 B-2,İSTANBUL F.OİL DGKÇ (B),unchanged,
Bara,8849,154BATI B-2A,İSTANBUL F.OİL DGKÇ (B),unchanged,
Bara,8850,154BATI B-2B,İSTANBUL F.OİL DGKÇ (B),unchanged,
Bara,8852,154 B-1,SELİMPAŞA MOBİL,unchanged,
Bara,8853,TR-A,SELİMPAŞA MOBİL,unchanged,
Bara,8854,TR-B,MAÇKA HAVZA,unchanged,
Bara,8856,154 B-1B,ANTALYA SERBEST BÖLGE,unchanged,
Bara,8857,TR-B,BELEK GİS,unchanged,
Bara,8858,TR-2,ALARA,unchanged,
Bara,8859,TR-C,ÇAYSEKA,unchanged,
Bara,8860,TR-D,ÇAYSEKA,unchanged,
Bara,8861,TR-A,BURDUR,unchanged,
Bara,8862,TR-B,BURDUR,unchanged,
Bara,8863,TR-B,KULEÖNÜ,unchanged,
Bara,8864,TR-A,KULEÖNÜ,unchanged,
Bara,8865,TR-A,DİNAR,unchanged,
Bara,8866,TR-B,DİNAR,unchanged,
Bara,8869,TR-A,BUCAK,unchanged,
Bara,8870,TR-B,BUCAK,unchanged,
Bara,8871,TR-C,KIŞLADAĞ,unchanged,
Bara,8873,TR-A-B,KIŞLADAĞ,unchanged,
Bara,8874,TR-A,ALAŞEHİR,unchanged,
Bara,8875,TR-3,YENİKÖY TES,unchanged,
Bara,8876,TR-D,YATAĞAN TES,unchanged,
Bara,8877,TR-C,AFYON2,unchanged,
Bara,8878,TR-D,EBSO,unchanged,
Bara,8879,TR-E,EBSO,unchanged,
Bara,8883,TR-C,TAŞOLUK,unchanged,
Bara,8884,154 B-1,KARAKURT HES,unchanged,
Bara,8885,154 B-T,KARAKURT HES,unchanged,
Bara,8886,400 B-1,ÇETİN HES,unchanged,
Bara,8887,400 B-2,ÇETİN HES,unchanged,
Bara,8888,400 B-T,ÇETİN HES,unchanged,
Bara,8893,154 B-1,AKSARAY İSTANBUL,unchanged,
Bara,8894,154 B-2,AKSARAY İSTANBUL,unchanged,
Bara,8897,TR-B,ÇANAKKALE,unchanged,
Bara,8900,400 B-1A,OYMAPINAR HES,unchanged,
Bara,8901,400 B-1B,OYMAPINAR HES,unchanged,
Bara,8902,66 B-1,KEPEZ 2 HES,unchanged,
Bara,8903,TR-C,ATIŞALANI,unchanged,
Bara,8904,TR-A,AKSARAY İSTANBUL,unchanged,
Bara,8905,TR-B,AKSARAY İSTANBUL,unchanged,
Bara,8906,TR-C,AKSARAY İSTANBUL,unchanged,
Bara,8907,TR-D,AKSARAY İSTANBUL,unchanged,
Bara,8915,TR-A,ÇİNE,unchanged,
Bara,8916,TR-B,ÇİNE,unchanged,
Bara,8917,TR-B,DİKİLİ,unchanged,
Bara,8918,TR-C,ALSANCAK GİS,unchanged,
Bara,8919,TR-C,UŞAK OSB,unchanged,
Bara,8920,TR-D,UŞAK OSB,unchanged,
Bara,8921,TR-B,SELÇUK,unchanged,
Bara,8922,154 B-1,AKYAKA,unchanged,
Bara,8923,154 B-T,AKYAKA,unchanged,
Bara,8924,TR-A,AKYAKA,unchanged,
Bara,8925,TR-B,AKYAKA,unchanged,
Bara,8926,154 B-1,KIZILIRMAK,unchanged,
Bara,8927,154 B-2,KIZILIRMAK,unchanged,
Bara,8928,TR-A,KIZILIRMAK,unchanged,
Bara,8929,TR-B,KIZILIRMAK,unchanged,
Bara,8930,TR-B,BÜSAN,unchanged,
Bara,8931,TR-1,KULU,unchanged,
Bara,8932,TR-B,ORTAKÖY,unchanged,
Bara,8933,TR-B,LADİK,unchanged,
Bara,8934,TR-B2,LADİK,unchanged,
Bara,8935,TR-B,EREĞLİ KONYA,unchanged,
Bara,8936,TR-C,KONYA OSB,unchanged,
Bara,8937,B-T,KAYACIK,unchanged,
Bara,8938,TR-B,KALKANDERE,unchanged,
Bara,8939,TR-B,ARDANUÇ,unchanged,
Bara,8940,TR-B,ALANBAŞI HAVZA,unchanged,
Bara,8941,TR-B,ORTAKLAR OSB,unchanged,
Bara,8942,TR-C,BÜSAN,unchanged,
Bara,8943,TR-B,KONYA KUZEY,unchanged,
Bara,8944,TR-B,EŞMEKAYA,unchanged,
Bara,8945,TR-D,İSPİR HAVZA,unchanged,
Bara,8946,TR-B,YUNAK,unchanged,
Bara,8947,TR-B,FATSA,unchanged,
Bara,8948,TR-2,PETLAS,unchanged,
Bara,8949,TR-B,YİBİTAŞ,unchanged,
Bara,8950,B-T,PETLAS,unchanged,
Bara,8951,B-T,PINARBAŞI,unchanged,
Bara,8952,TR-2,BOĞAZLIYAN,unchanged,
Bara,8953,154 B-1,DDY GAZİRAY,unchanged,
Bara,8954,154 B-2,DDY GAZİRAY,unchanged,
Bara,8955,TR-A,DDY GAZİRAY,unchanged,
Bara,8956,TR-B,DDY GAZİRAY,unchanged,
Bara,8957,TR-B,MİLAS,unchanged,
Bara,8958,TR-B2,SÖKE,unchanged,
Bara,8959,TR-C,YILDIZTEPE,unchanged,
Bara,8960,B-T,ŞARKIŞLA,unchanged,
Bara,8961,B-T,SENDİREMEKE,unchanged,
Bara,8962,33 TB-1,AFYON2,unchanged,
Bara,8963,33 TB-2,AFYON2,unchanged,
Bara,8964,33 B-T,EĞİRDİR YUSUF ÖZDEMİR,unchanged,
Bara,8965,33 B-T,ŞARKİKARAAĞAÇ,unchanged,
Bara,8966,33 B-T,KEÇİBORLU,unchanged,
Bara,8967,33 B-T,ISPARTA,unchanged,
Bara,8968,TR-B,ALACA,unchanged,
Bara,8969,TR-1B,DEÇEKO,unchanged,
Bara,8970,TR-2B,DEÇEKO,unchanged,
Bara,8971,B-T,BOR,unchanged,
Bara,8972,TR-2,NEVŞEHİR,unchanged,
Bara,8973,B-T,NİĞDE,unchanged,
Bara,8974,B-T,DERİNKUYU,unchanged,
Bara,8975,B-T,KALABA,unchanged,
Bara,8976,TR-B,BÜYÜKDÜZ HAVZA,unchanged,
Bara,8977,TR-C,DİLER ÇELİK,unchanged,
Bara,8978,B-T,KAYSERİ2,unchanged,
Bara,8979,TR-B,NİĞDE OSB,unchanged,
Bara,8980,TR-B,SIZIR,unchanged,
Bara,8981,B-T,MİSLİOVA,unchanged,
Bara,8982,B-T,SORGUN,unchanged,
Bara,8983,B-T,TAKSAN,unchanged,
Bara,8984,154 B-1,BOZDOĞAN,unchanged,
Bara,8985,154 B-T,BOZDOĞAN,unchanged,
Bara,8986,TR-A,BOZDOĞAN,unchanged,
Bara,8987,TR-B,BOZDOĞAN,unchanged,
Bara,8988,400 B-1,İZMİR HAVZA,unchanged,
Bara,8989,400 B-2,İZMİR HAVZA,unchanged,
Bara,8990,400 B-T,İZMİR HAVZA,unchanged,
Bara,8991,154 B-1,İZMİR HAVZA,unchanged,
Bara,8992,154 B-2,İZMİR HAVZA,unchanged,
Bara,8993,154 B-T,İZMİR HAVZA,unchanged,
Bara,8994,TR-A,İZMİR HAVZA,unchanged,
Bara,8995,TR-B,İZMİR HAVZA,unchanged,
Bara,8996,TR-C,HACILAR,unchanged,
Bara,8997,B-T,BEYLİKKÖPRÜ,unchanged,
Bara,8998,B-T,ANKARA SANAYİ,unchanged,
Bara,8999,B-T,SARIYAR HES,unchanged,
Bara,9000,B-T,ŞEREFLİKOÇHİSAR,unchanged,
Bara,9001,B-T,KALECİK,unchanged,
Bara,9002,B-T,POLATLI,unchanged,
Bara,9003,TR-B,AYVALIK,unchanged,
Bara,9004,TR-B,ALTINOLUK,unchanged,
Bara,9005,33 TB,ALTINOLUK,unchanged,
Bara,9006,TR-B,BİGADİÇ,unchanged,
Bara,9007,"34,5 TBB",BİGADİÇ,unchanged,
Bara,9008,"34,5 TBA",BİGADİÇ,unchanged,
Bara,9009,"34,5 TB",BALIKESİR SEKA,unchanged,
Bara,9010,TR-2,İZDEMİR TES,unchanged,
Bara,9011,B-T,OVACIK,unchanged,
Bara,9012,B-T,EMİRLER,unchanged,
Bara,9013,B-T,ÜMİTKÖY,unchanged,
Bara,9014,B-T,TEMELLİ,unchanged,
Bara,9015,B-T,KAZAN,unchanged,
Bara,9016,TR-D,SELİMİYE,unchanged,
Bara,9017,154 B-1,ÖRLEMİŞ RES,unchanged,
Bara,9018,154 B-T,ÖRLEMİŞ RES,unchanged,
Bara,9019,TR-A2,GÖZTEPE,unchanged,
Bara,9020,TR-B2,GÖZTEPE,unchanged,
Bara,9021,TR-A2,VANİKÖY,unchanged,
Bara,9022,TR-B2,VANİKÖY,unchanged,
Bara,9023,TR-A2,SELİMİYE,unchanged,
Bara,9024,TR-B2,SELİMİYE,unchanged,
Bara,9025,TR-C,SOĞANLIK,unchanged,
Bara,9026,TR-C,GERKONSAN,unchanged,
Bara,9027,400 B1-B,ÇAYIRHAN TES,unchanged,
Bara,9028,154 B-1,MEYDANCIK HAVZA,unchanged,
Bara,9029,154 B-T,MEYDANCIK HAVZA,unchanged,
Bara,9030,TR-A,MEYDANCIK HAVZA,unchanged,
Bara,9031,TR-B,MEYDANCIK HAVZA,unchanged,
Bara,9032,"6,3 kV BARA",ÇAYIRHAN TES,unchanged,
Bara,9033,154 B-1,ALAPLI,unchanged,
Bara,9034,154 B-T,ALAPLI,unchanged,
Bara,9035,TR-A,ALAPLI,unchanged,
Bara,9036,TR-B,ALAPLI,unchanged,
Bara,9037,TR-3,LODOS RES,unchanged,
Bara,9038,TR-4,LODOS RES,unchanged,
Bara,9039,154 B-1,MUTLU5 RES,unchanged,
Bara,9040,154 B-T,MUTLU5 RES,unchanged,
Bara,9041,TR-A,TAŞKÖPRÜ,unchanged,
Bara,9042,TR-B,KURŞUNLU,unchanged,
Bara,9043,400 B-1,KIZILOT,unchanged,
Bara,9044,400 B-2,KIZILOT,unchanged,
Bara,9045,400 B-T,KIZILOT,unchanged,
Bara,9046,154 B-1,KIZILOT,unchanged,
Bara,9047,154 B-2,KIZILOT,unchanged,
Bara,9048,TR-A,KIZILOT,unchanged,
Bara,9049,TR-B,KIZILOT,unchanged,
Bara,9050,154 B-1,YAZIHAN HAVZA,unchanged,
Bara,9051,154 B-T,YAZIHAN HAVZA,unchanged,
Bara,9052,TR-A,YAZIHAN HAVZA,unchanged,
Bara,9053,TR-B,YAZIHAN HAVZA,unchanged,
Bara,9054,TR-B,SAMANDAĞ,unchanged,
Bara,9056,TR-A,ÖRLEMİŞ RES,unchanged,
Bara,9057,TR-B,BEYLİKKÖPRÜ,unchanged,
Bara,9058,YOL VERME,ORHANELİ TES,unchanged,
Bara,9059,154 B-1,VİZE 2 RES,unchanged,
Bara,9060,154 B-T,VİZE 2 RES,unchanged,
Bara,9061,TR-A,VİZE 2 RES,unchanged,
Bara,9062,TR-B,KIYIKÖY RES (KIRKLARELİ),unchanged,
Bara,9063,TR-A,MUTLU5 RES,unchanged,
Bara,9064,154 B-1,SEYMEN BES,unchanged,
Bara,9065,154 B-T,SEYMEN BES,unchanged,
Bara,9066,TR-A,BAFA RES,unchanged,
Bara,9067,TR-B,GEÇİCİ ILISU,unchanged,
Bara,9068,154 B-1,BULANCAK,unchanged,
Bara,9069,154 B-T,BULANCAK,unchanged,
Bara,9070,TR-A,BULANCAK,unchanged,
Bara,9071,TR-B,BULANCAK,unchanged,
Bara,9072,154 B-1,DÜZCE OSB,unchanged,
Bara,9073,154 B-T,DÜZCE OSB,unchanged,
Bara,9074,TR-A,DÜZCE OSB,unchanged,
Bara,9075,TR-B,DÜZCE OSB,unchanged,
Bara,9076,TR-A,ULUCAK,unchanged,
Bara,9077,154 B-1,GÖLPAZARI,unchanged,
Bara,9078,154 B-T,GÖLPAZARI,unchanged,
Bara,9079,TR-A,SEYMEN BES,unchanged,
Bara,9080,154 B-1,EVRENCİK RES,unchanged,
Bara,9081,154 B-T,EVRENCİK RES,unchanged,
Bara,9082,154 B-1,BAĞLAMA RES,unchanged,
Bara,9083,154 B-T,BAĞLAMA RES,unchanged,
Bara,9084,154 B-1,KARLITEPE RES,unchanged,
Bara,9085,154 B-T,KARLITEPE RES,unchanged,
Bara,9086,TR-A,KARLITEPE RES,unchanged,
Bara,9087,TR-A,EVRENCİK RES,unchanged,
Bara,9088,TR-B,EVRENCİK RES,unchanged,
Bara,9089,TR-2,SOMA B TES,unchanged,
Bara,9090,TR-A,GÖLPAZARI,unchanged,
Bara,9091,TR-B,DERBENT,unchanged,
Bara,9092,TR-B,GÖNEN,unchanged,
Bara,9093,TR-A,BAĞLAMA RES,unchanged,
Bara,9094,TR-C,GAZİANTEP,unchanged,
Bara,9095,154 B-1,KARAPINAR ACIGÖL GES,unchanged,
Bara,9096,154 B-T,KARAPINAR ACIGÖL GES,unchanged,
Bara,9097,154 B-3,PETKİM DGKÇS,unchanged,
Bara,9098,TR-A,KARAPINAR ACIGÖL GES,unchanged,
Bara,9099,154 B-4,PETKİM DGKÇS,unchanged,
Bara,9100,TR-B,KARAPINAR ACIGÖL GES,unchanged,
Bara,9101,154 B-1,TEKSİN GES,unchanged,
Bara,9102,154 B-T,TEKSİN GES,unchanged,
Bara,9103,TR-B,KULA,unchanged,
Bara,9104,154 B-1,NURSAN,unchanged,
Bara,9105,TR-A,NURSAN,unchanged,
Bara,9106,TR-B,NURSAN,unchanged,
Bara,9107,154 B-1,AKYEL 1 RES,unchanged,
Bara,9108,154 B-T,AKYEL 1 RES,unchanged,
Bara,9109,TR-A,TEKSİN GES,unchanged,
Bara,9110,400 B-1,ALPASLAN2 HES,unchanged,
Bara,9111,400 B-2,ALPASLAN2 HES,unchanged,
Bara,9112,400 B-T,ALPASLAN2 HES,unchanged,
Bara,9113,154 B-1,KAHTA,unchanged,
Bara,9114,154 B-T,KAHTA,unchanged,
Bara,9115,TR-A,KAHTA,unchanged,
Bara,9116,TR-B,KAHTA,unchanged,
Bara,9117,154 B-1,MAV BİYOKÜTLE,unchanged,
Bara,9118,154 B-T,MAV BİYOKÜTLE,unchanged,
Bara,9120,154 B-1,MERSİNLİ RES,unchanged,
Bara,9121,154 B-T,MERSİNLİ RES,unchanged,
Bara,9122,154 B-1,KUYULUKOYAK RES,unchanged,
Bara,9123,154 B-T,KUYULUKOYAK RES,unchanged,
Bara,9124,TR-A,KUYULUKOYAK RES,unchanged,
Bara,9125,154 B-1B,KURŞUNLU,unchanged,
Bara,9126,TR-B,BORNOVA380,unchanged,
Bara,9127,400 B-1,ÇAN HAVZA,unchanged,
Bara,9128,400 B-2,ÇAN HAVZA,unchanged,
Bara,9129,400 B-T,ÇAN HAVZA,unchanged,
Bara,9130,154 B-1,ÇAN HAVZA,unchanged,
Bara,9131,154 B-2,ÇAN HAVZA,unchanged,
Bara,9132,154 B-T,ÇAN HAVZA,unchanged,
Bara,9133,TR-A,ÇAN HAVZA,unchanged,
Bara,9134,TR-B,ÇAN HAVZA,unchanged,
Bara,9135,154 B-1,CUMAYERİ,unchanged,
Bara,9136,154 B-T,CUMAYERİ,unchanged,
Bara,9137,TR-A,CUMAYERİ,unchanged,
Bara,9138,154 B-1,EDEBEY,unchanged,
Bara,9139,154 B-T,EDEBEY,unchanged,
Bara,9140,TR-A,EDEBEY,unchanged,
Bara,9141,TR-B,EDEBEY,unchanged,
Bara,9144,154 B-1,KOVANLIK HES,unchanged,
Bara,9145,154 B-T,KOVANLIK HES,unchanged,
Bara,9146,TR-A,MERSİNLİ RES,unchanged,
Bara,9147,154 B-1,SİBEL RES,unchanged,
Bara,9148,154 B-T,SİBEL RES,unchanged,
Bara,9149,TR-A,SİBEL RES,unchanged,
Bara,9150,TR-B,SİBEL RES,unchanged,
Bara,9151,154 B-1,ÇAMINBAŞI RES,unchanged,
Bara,9152,154 B-T,ÇAMINBAŞI RES,unchanged,
Bara,9153,TR-A,ÇAMINBAŞI RES,unchanged,
Bara,9154,154 B-1,SAROS RES,unchanged,
Bara,9155,154 B-T,SAROS RES,unchanged,
Bara,9157,TR-1,SAROS RES,unchanged,
Bara,9158,TR-2,SAROS RES,unchanged,
Bara,9161,154 B-1,GÖKZİRVE RES,unchanged,
Bara,9162,154 B-T,GÖKZİRVE RES,unchanged,
Bara,9163,TR-A,GÖKZİRVE RES,unchanged,
Bara,9164,154 B-1,GAZİ-9 RES,unchanged,
Bara,9165,154 B-T,GAZİ-9 RES,unchanged,
Bara,9166,TR-A,GAZİ-9 RES,unchanged,
Bara,9167,154 B-1,MAREN,unchanged,
Bara,9168,154 B-T,MAREN,unchanged,
Bara,9169,TR-A,MAREN,unchanged,
Bara,9170,TR-B,MAREN,unchanged,
Bara,9172,154 B-1,KUŞADASI RES,unchanged,
Bara,9173,154 B-T,KUŞADASI RES,unchanged,
Bara,9174,TR-A,KUŞADASI RES,unchanged,
Bara,9175,TR-B,KUŞADASI RES,unchanged,
Bara,9176,154 B-1,PASİNLER HAVZA,unchanged,
Bara,9177,154 B-T,PASİNLER HAVZA,unchanged,
Bara,9178,TR-A,PASİNLER HAVZA,unchanged,
Bara,9179,TR-B,OVACIK HAVZA,unchanged,
Bara,9180,154 B-1,BAHRİBABA,unchanged,
Bara,9181,154 B-2,BAHRİBABA,unchanged,
Bara,9182,154 B-3,BAHRİBABA,unchanged,
Bara,9183,154 B-1,GÜNEY-1 RES,unchanged,
Bara,9184,154 B-T,GÜNEY-1 RES,unchanged,
Bara,9185,TR-A,BAHRİBABA,unchanged,
Bara,9186,TR-B,BAHRİBABA,unchanged,
Bara,9187,TR-A,GÜNEY-1 RES,unchanged,
Bara,9188,154 B-1,VAN ARISU GES,unchanged,
Bara,9189,154 B-T,VAN ARISU GES,unchanged,
Bara,9190,TR-A,VAN ARISU GES,unchanged,
Bara,9191,TR-D,İSAKÖY,unchanged,
Bara,9192,TR-A,AKYEL 1 RES,updated,Adı
Bara,9193,TR-B,AKYEL 1 RES,updated,Adı
Bara,9194,TR-7,SEYİTÖMER TES,unchanged,
Bara,9195,154 B-1,YENİKÖY RES,unchanged,
Bara,9196,154 B-T,YENİKÖY RES,unchanged,
Bara,9197,TR-A,YENİKÖY RES,unchanged,
Bara,9198,154 B-1,ÖMERLİ RES,unchanged,
Bara,9199,154 B-T,ÖMERLİ RES,unchanged,
Bara,9200,154 B-1,PAZARKÖY RES,unchanged,
Bara,9201,154 B-T,PAZARKÖY RES,unchanged,
Bara,9202,TR-A,PAZARKÖY RES,unchanged,
Bara,9203,TR-C,GEZENDE HES,unchanged,
Bara,9204,154 B-1,KARTAL RES,unchanged,
Bara,9205,154 B-T,KARTAL RES,unchanged,
Bara,9206,TR-A,KARTAL RES,unchanged,
Bara,9207,TR-B,GÖLPAZARI,unchanged,
Bara,9208,154 B-1,GAZİOSMANPAŞA RES,unchanged,
Bara,9209,154 B-T,GAZİOSMANPAŞA RES,unchanged,
Bara,9210,154 B-1,SELİMİYE RES,unchanged,
Bara,9211,154 B-T,SELİMİYE RES,unchanged,
Bara,9212,TR-A,SELİMİYE RES,unchanged,
Bara,9213,TR-B,GAZİOSMANPAŞA RES,unchanged,
Bara,9214,154 B-1,TAYAKADIN RES,unchanged,
Bara,9215,154 B-T,TAYAKADIN RES,unchanged,
Bara,9216,TR-A,TAYAKADIN RES,unchanged,
Bara,9221,154 B-T,ULUDERE,unchanged,
Bara,9222,TR-A,ULUDERE,unchanged,
Bara,9223,TR-B,ULUDERE,unchanged,
Bara,9224,154 B-1,SOĞANLI RES,unchanged,
Bara,9225,154 B-T,SOĞANLI RES,unchanged,
Bara,9226,TR-A,SOĞANLI RES,unchanged,
Bara,9227,154 B-1,NEZİHE BEREN JES,unchanged,
Bara,9228,154 B-T,NEZİHE BEREN JES,unchanged,
Bara,9229,154 B-1,SERTAVUL RES,unchanged,
Bara,9230,154 B-T,SERTAVUL RES,unchanged,
Bara,9231,154 B-1,GÜRSÖĞÜT HES,unchanged,
Bara,9232,154 B-T,GÜRSÖĞÜT HES,unchanged,
Bara,9235,TR-1,SERTAVUL RES,unchanged,
Bara,9236,154 B-1,ULU RES,unchanged,
Bara,9237,154 B-T,ULU RES,unchanged,
Bara,9238,TR-A,ULU RES,unchanged,
Bara,9239,154 B-1,ATAKALE RES,unchanged,
Bara,9240,154 B-T,ATAKALE RES,unchanged,
Bara,9241,TR-A,ATAKALE RES,unchanged,
Bara,9242,154 B-1,ŞAPDAĞI RES,unchanged,
Bara,9243,154 B-T,ŞAPDAĞI RES,unchanged,
Bara,9244,TR-B,ARSİN,unchanged,
Bara,9245,154 B-1,MADEN,unchanged,
Bara,9246,154 B-T,MADEN,unchanged,
Bara,9247,TR-A,MADEN,unchanged,
Bara,9248,TR-B,MADEN,unchanged,
Bara,9249,TR-A,ŞAPDAĞI RES,unchanged,
Bara,9250,154 B-1,GÖKTEPE RES,unchanged,
Bara,9251,154 B-T,GÖKTEPE RES,unchanged,
Bara,9252,TR-A,GÖKTEPE RES,unchanged,
Bara,9253,154 B-1,GEYVE RES,unchanged,
Bara,9254,154 B-T,GEYVE RES,unchanged,
Bara,9255,TR-A,GEYVE RES,unchanged,
Bara,9256,154 B-1,İSCEHİSAR,unchanged,
Bara,9257,154 B-T,İSCEHİSAR,unchanged,
Bara,9258,TR-A,İSCEHİSAR,unchanged,
Bara,9259,TR-B,İSCEHİSAR,unchanged,
Bara,9260,154 B-1,ALTINOVA,unchanged,
Bara,9261,154 B-T,ALTINOVA,unchanged,
Bara,9262,TR-A,ALTINOVA,unchanged,
Bara,9263,154 B-1,AYVACIK,unchanged,
Bara,9264,154 B-2,AYVACIK,unchanged,
Bara,9265,TR-B,GEBZE KİMYA,unchanged,
Bara,9266,154 B-1,TAŞPINAR RES,unchanged,
Bara,9267,154 B-T,TAŞPINAR RES,unchanged,
Bara,9268,TR-A,TAŞPINAR RES,unchanged,
Bara,9269,TR-B,TAŞPINAR RES,unchanged,
Bara,9270,TR-A,AYVACIK,unchanged,
Bara,9271,TR-B,AYVACIK,unchanged,
Bara,9272,154 B-1,BOZÜYÜK RES,unchanged,
Bara,9273,154 B-T,BOZÜYÜK RES,unchanged,
Bara,9274,TR-A,BOZÜYÜK RES,unchanged,
Bara,9275,TR-B,BOZÜYÜK RES,unchanged,
Bara,9276,154 B-1,ZONGULDAK RES,unchanged,
Bara,9277,154 B-T,ZONGULDAK RES,unchanged,
Bara,9278,154 B-1,ADAPAZARI RES,unchanged,
Bara,9279,154 B-T,ADAPAZARI RES,unchanged,
Bara,9280,TR-A,ZONGULDAK RES,unchanged,
Bara,9281,TR-B,ZONGULDAK RES,unchanged,
Bara,9282,TR-A,ADAPAZARI RES,unchanged,
Bara,9283,TR-B,ADAPAZARI RES,unchanged,
Bara,9284,154 B-1,KANDIRA RES,unchanged,
Bara,9285,154 B-T,KANDIRA RES,unchanged,
Bara,9286,TR-A,ÖMERLİ RES,unchanged,
Bara,9287,TR-B,ÖMERLİ RES,unchanged,
Bara,9288,154 B-1,ŞİLE RES,unchanged,
Bara,9289,154 B-T,ŞİLE RES,unchanged,
Bara,9290,TR-A,ŞİLE RES,unchanged,
Bara,9291,TR-A,KANDIRA RES,unchanged,
Bara,9292,TR-A,BATMAN1,unchanged,
Bara,9293,TR-B,BATMAN1,unchanged,
Bara,9295,TR-A,TATLIPINAR RES,unchanged,
Bara,9296,36 B-1,AŞAĞI KALEKÖY HES,unchanged,
Bara,9297,154 B-1,FERİZLİ OSB,unchanged,
Bara,9298,154 B-T,FERİZLİ OSB,unchanged,
Bara,9299,TR-A,FERİZLİ OSB,unchanged,
Bara,9300,TR-B,FERİZLİ OSB,unchanged,
Bara,9302,154 B-1,YIĞILCA ÇİMENTO,unchanged,
Bara,9303,154 B-T,YIĞILCA ÇİMENTO,unchanged,
Bara,9304,TR-A,YIĞILCA ÇİMENTO,unchanged,
Bara,9307,TR-B,YIĞILCA ÇİMENTO,unchanged,
Bara,9308,TR-B,HASAN ÇELEBİ,unchanged,
Bara,9309,TR-B,GELİBOLU,unchanged,
Bara,9310,TR-C,BAHÇEŞEHİR,unchanged,
Bara,9311,TR-B,BOZKURT HAVZA,unchanged,
Bara,9312,154 B-T,BARAN HES,unchanged,
Bara,9313,154 B-1,MAVİ HES,unchanged,
Bara,9314,154 B-T,MAVİ HES,unchanged,
Bara,9315,TR-A,MAVİ HES,unchanged,
Bara,9316,TR-B,EBSO,unchanged,
Bara,9317,TR-2,ŞEMİKLER GİS,unchanged,
Bara,9318,TR-B,PASİNLER HAVZA,unchanged,
Bara,9319,TR-B,YARDIMCI,unchanged,
Bara,9320,TR-B,GÖYNÜK HAVZA,unchanged,
Bara,9321,TR-B,BİZNA HAVZA,unchanged,
Bara,9322,154 B-1,OSMANİYE2,unchanged,
Bara,9323,154 B-2,OSMANİYE2,unchanged,
Bara,9324,TR-B,CUMAYERİ,unchanged,
Bara,9325,TR-A,OSMANİYE2,unchanged,
Bara,9326,TR-B,OSMANİYE2,unchanged,
Bara,9327,TR-B,DEMİRKÖY,unchanged,
Bara,9328,154 B-1,ÇATALCA,unchanged,
Bara,9329,154 B-T,ÇATALCA,unchanged,
Bara,9330,TR-A,ÇATALCA,unchanged,
Bara,9331,TR-B,ÇATALCA,unchanged,
Bara,9332,TR-B,VİZE HAVZA,unchanged,
Bara,9333,154 B-1,ASİLDEMİR ÇELİK,unchanged,
Bara,9334,154 B-T,ASİLDEMİR ÇELİK,unchanged,
Bara,9335,TR-A,ASİLDEMİR ÇELİK,unchanged,
Bara,9336,TR-B,ASİLDEMİR ÇELİK,unchanged,
Bara,9342,154 B-1,İSTAÇ BES,unchanged,
Bara,9343,154 B-2,İSTAÇ BES,unchanged,
Bara,9344,154 B-1,BİRECİK,unchanged,
Bara,9345,154 B-T,BİRECİK,unchanged,
Bara,9346,TR-A,BİRECİK,unchanged,
Bara,9347,TR-B,BİRECİK,unchanged,
Bara,9348,154 B-1,MERZİFON,unchanged,
Bara,9349,154 B-2,MERZİFON,unchanged,
Bara,9350,TR-D,ÇERKEZKÖY OSB,unchanged,
Bara,9351,TR-A,İSTAÇ BES,unchanged,
Bara,9352,TR-B,İSTAÇ BES,unchanged,
Bara,9353,TR-B,MERZİFON,unchanged,
Bara,9354,154 B-1,KUZEYŞEHİR,unchanged,
Bara,9355,154 B-T,KUZEYŞEHİR,unchanged,
Bara,9356,TR-A,KUZEYŞEHİR,unchanged,
Bara,9357,TR-B,KUZEYŞEHİR,unchanged,
Bara,9358,154 B-1,TAŞLICA,unchanged,
Bara,9359,154 B-T,TAŞLICA,unchanged,
Bara,9360,TR-A,TAŞLICA,unchanged,
Bara,9361,TR-B,TAŞLICA,unchanged,
Bara,9362,154 B-1,ELBEYLİ,unchanged,
Bara,9363,154 B-T,ELBEYLİ,unchanged,
Bara,9364,66 B-1,ELBEYLİ,unchanged,
Bara,9365,66 B-T,ELBEYLİ,unchanged,
Bara,9366,TR-A,ELBEYLİ,unchanged,
Bara,9367,TR-B,ELBEYLİ,unchanged,
Bara,9368,TR-A,MERZİFON,unchanged,
Bara,9370,154 B-1,DALAMAN,unchanged,
Bara,9371,154 B-2,DALAMAN,unchanged,
Bara,9372,TR-A,DALAMAN,unchanged,
Bara,9373,154 B-1,TUZGÖLÜ GEÇİCİ,unchanged,
Bara,9374,TR-A,TUZGÖLÜ GEÇİCİ,unchanged,
Bara,9375,TR-B,DALAMAN,unchanged,
Bara,9376,TR-C,DALAMAN,unchanged,
Bara,9377,154 B-1,KINIK,unchanged,
Bara,9378,154 B-T,KINIK,unchanged,
Bara,9379,TR-A,KINIK,unchanged,
Bara,9380,TR-B,KINIK,unchanged,
Bara,9381,154 B-1,DDY İZZETTİN,unchanged,
Bara,9382,TR-C,PEKMEZLİ,unchanged,
Bara,9383,TR-4,YENİKÖY TES,unchanged,
Bara,9384,154 B-1,KÜTÜKLÜ GEÇİCİ,unchanged,
Bara,9385,TR-A,KÜTÜKLÜ GEÇİCİ,unchanged,
Bara,9386,TR-B,YATAĞAN TES,unchanged,
Bara,9387,154 B-1,SAMSUN2,unchanged,
Bara,9388,154 B-T,SAMSUN2,unchanged,
Bara,9389,TR-A,SAMSUN2,unchanged,
Bara,9390,TR-B,SAMSUN2,unchanged,
Bara,9391,400 B-1,KAVACIK,unchanged,
Bara,9392,400 B-2,KAVACIK,unchanged,
Bara,9393,TR-3,KAVACIK,unchanged,
Bara,9394,TR-5,KAVACIK,unchanged,
Bara,9396,TR-C,MEYDANCIK HAVZA,unchanged,
Bara,9397,TR-E,GEBZE OSB,unchanged,
Bara,9398,400 B-1,KARAPINAR MEKE GÖLÜ GES,unchanged,
Bara,9399,400 B-2,KARAPINAR MEKE GÖLÜ GES,unchanged,
Bara,9400,400 B-T,KARAPINAR MEKE GÖLÜ GES,unchanged,
Bara,9401,TR-2,KARAPINAR MEKE GÖLÜ GES,unchanged,
Bara,9402,TR-3,KARAPINAR MEKE GÖLÜ GES,unchanged,
Bara,9403,154 B-1,MUĞLA GÜNEY,unchanged,
Bara,9404,154 B-2,MUĞLA GÜNEY,unchanged,
Bara,9405,TR-A,MUĞLA GÜNEY,unchanged,
Bara,9406,TR-B,MUĞLA GÜNEY,unchanged,
Bara,9407,400 B-1,İSTANBUL RES,unchanged,
Bara,9408,400 B-T,İSTANBUL RES,unchanged,
Bara,9410,154 B-1,AKKÖPRÜ,unchanged,
Bara,9411,154 B-2,AKKÖPRÜ,unchanged,
Bara,9412,TR-3,AKKÖPRÜ,unchanged,
Bara,9413,154 B-1,ESBAŞ,unchanged,
Bara,9414,154 B-2,ESBAŞ,unchanged,
Bara,9415,154 B-1,DERYA2 HES,unchanged,
Bara,9416,154 B-T,DERYA2 HES,unchanged,
Bara,9417,TR-A,DERYA2 HES,unchanged,
Bara,9418,TR-A,ESBAŞ,unchanged,
Bara,9419,TR-1,İSTANBUL RES,unchanged,
Bara,9420,154 B-1,BİLKENT,unchanged,
Bara,9421,154 B-2,BİLKENT,unchanged,
Bara,9422,TR-1,BİLKENT,unchanged,
Bara,9423,TR-2,BİLKENT,unchanged,
Bara,9424,TR-3,BİLKENT,unchanged,
Bara,9425,TR-2,İSTANBUL RES,unchanged,
Bara,9429,154 B-1,TAYSEB,unchanged,
Bara,9430,154 B-T,TAYSEB,unchanged,
Bara,9431,TR-A,TAYSEB,unchanged,
Bara,9432,154 B-1,GELİBOLU RES,unchanged,
Bara,9433,154 B-T,GELİBOLU RES,unchanged,
Bara,9434,TR-6,ANDIRIN,unchanged,
Bara,9435,TR-C,ALANYA,unchanged,
Bara,9436,TR-B,HAVSA,unchanged,
Bara,9437,154 B-1,HAYRABOLU,unchanged,
Bara,9438,154 B-T,HAYRABOLU,unchanged,
Bara,9439,TR-A,HAYRABOLU,unchanged,
Bara,9440,TR-A,GELİBOLU RES,unchanged,
Bara,9444,400 B-1,BOZOK,unchanged,
Bara,9445,400 B-2,BOZOK,unchanged,
Bara,9446,400 B-T,BOZOK,unchanged,
Bara,9447,154 B-1,BOZOK,unchanged,
Bara,9448,154 B-2,BOZOK,unchanged,
Bara,9449,154 B-T,BOZOK,unchanged,
Bara,9454,TR-A,BOZOK,unchanged,
Bara,9455,TR-B,BOZOK,unchanged,
Bara,9456,154 B-1,MUT,unchanged,
Bara,9457,154 B-T,MUT,unchanged,
Bara,9458,TR-A,MUT,unchanged,
Bara,9459,TR-B,MUT,unchanged,
Bara,9461,154 B-1,HABAŞ BİLECİK,unchanged,
Bara,9462,154 B-T,HABAŞ BİLECİK,unchanged,
Bara,9463,TR-A,HABAŞ BİLECİK,unchanged,
Bara,9464,TR-B,HABAŞ BİLECİK,unchanged,
Bara,9465,154 B-1,BARTIN OSB,unchanged,
Bara,9466,400 B-1,ÜRGÜP,unchanged,
Bara,9467,400 B-2,ÜRGÜP,unchanged,
Bara,9468,400 B-T,ÜRGÜP,unchanged,
Bara,9469,154 B-1,ÜRGÜP,unchanged,
Bara,9470,154 B-2,ÜRGÜP,unchanged,
Bara,9471,154 B-T,ÜRGÜP,unchanged,
Bara,9472,TR-A,ÜRGÜP,unchanged,
Bara,9473,TR-B,ÜRGÜP,unchanged,
Bara,9474,400 B-1,KÖSE,unchanged,
Bara,9475,400 B-2,KÖSE,unchanged,
Bara,9476,400 B-T,KÖSE,unchanged,
Bara,9477,154 B-1,KÖSE,unchanged,
Bara,9478,154 B-2,KÖSE,unchanged,
Bara,9479,154 B-T,KÖSE,unchanged,
Bara,9480,TR-A,KÖSE,unchanged,
Bara,9481,TR-B,KÖSE,unchanged,
Bara,9482,TR-1,KARAPINAR MEKE GÖLÜ GES,unchanged,
Bara,9483,154 B-1,DEMİRCİ,unchanged,
Bara,9484,154 B-T,DEMİRCİ,unchanged,
Bara,9485,TR-A,DEMİRCİ,unchanged,
Bara,9486,TR-B,DEMİRCİ,unchanged,
Bara,9488,154 B-1,AKKUYU NGS INS,unchanged,
Bara,9489,TR-1,AKKUYU NGS INS,unchanged,
Bara,9490,TR-B,HAYRABOLU,unchanged,
Bara,9491,154 B-1,DDY PAŞALI,unchanged,
Bara,9494,154 B-1,SALİHLİ OSB,unchanged,
Bara,9495,154 B-T,SALİHLİ OSB,unchanged,
Bara,9496,TR-A,SALİHLİ OSB,unchanged,
Bara,9497,TR-B,SALİHLİ OSB,unchanged,
Bara,9502,154 B-1,DDY NENEK,unchanged,
Bara,9503,154 B-1,AVRUPA SERBEST BÖLGE,unchanged,
Bara,9504,154 B-T,AVRUPA SERBEST BÖLGE,unchanged,
Bara,9505,TR-A,AVRUPA SERBEST BÖLGE,unchanged,
Bara,9506,154 B-1,KARAMAN BES,unchanged,
Bara,9507,154 B-T,KARAMAN BES,unchanged,
Bara,9508,TR-A,KARAMAN BES,unchanged,
Bara,9509,154 B-1,ŞABANÖZÜ OSB,unchanged,
Bara,9510,154 B-T,ŞABANÖZÜ OSB,unchanged,
Bara,9511,TR-A,ŞABANÖZÜ OSB,unchanged,
Bara,9512,TR-B,ŞABANÖZÜ OSB,unchanged,
Bara,9514,400 B-1,HUNUTLU TES,unchanged,
Bara,9515,400 B-2,HUNUTLU TES,unchanged,
Bara,9516,154 B-1,HADİM,unchanged,
Bara,9517,154 B-T,HADİM,unchanged,
Bara,9518,TR-A,HADİM,unchanged,
Bara,9519,TR-B,SOĞANLI RES,unchanged,
Bara,9520,Stand-By TR,HUNUTLU TES,unchanged,
Bara,9521,154 B-1,ÖRNEK MOBİL,unchanged,
Bara,9522,TR-A,ÖRNEK MOBİL,unchanged,
Bara,9524,TR-C,KILAVUZLU,unchanged,
Bara,9525,TR-B,AMASYA,unchanged,
Bara,9526,400 B-1,DİLİSKELESİ GİS,unchanged,
Bara,9527,400 B-2,DİLİSKELESİ GİS,unchanged,
Bara,9528,TR-A,KILAVUZLU,unchanged,
Bara,9529,TR-B,KILAVUZLU,unchanged,
Bara,9530,TR-3,DİLİSKELESİ GİS,unchanged,
Bara,9531,154 B-1,TURHAL,unchanged,
Bara,9532,154 B-T,TURHAL,unchanged,
Bara,9533,TR-A,TURHAL,unchanged,
Bara,9534,TR-B,TURHAL,unchanged,
Bara,9535,154 B-1,NARLIDERE,unchanged,
Bara,9536,154 B-2,NARLIDERE,unchanged,
Bara,9537,TR-A,NARLIDERE,unchanged,
Bara,9538,TR-B,NARLIDERE,unchanged,
Bara,9539,TR-C,NARLIDERE,unchanged,
Bara,9540,TR-B (YENİ),KASIMPAŞA,unchanged,
Bara,9541,400 B-1,PAMUKKALE,unchanged,
Bara,9542,400 B-2,PAMUKKALE,unchanged,
Bara,9543,400 B-T,PAMUKKALE,unchanged,
Bara,9544,154 B-1,PAMUKKALE,unchanged,
Bara,9545,154 B-2,PAMUKKALE,unchanged,
Bara,9546,154 B-T,PAMUKKALE,unchanged,
Bara,9547,154 B-1,KILIÇLAR GİS,unchanged,
Bara,9548,154 B-2,KILIÇLAR GİS,unchanged,
Bara,9549,TR-A,KILIÇLAR GİS,unchanged,
Bara,9550,TR-A,PAMUKKALE,unchanged,
Bara,9551,TR-B,PAMUKKALE,unchanged,
Bara,9552,154 B-1,GENÇ,unchanged,
Bara,9553,154 B-T,GENÇ,unchanged,
Bara,9554,TR-A,GENÇ,unchanged,
Bara,9555,TR-B,GENÇ,unchanged,
Bara,9556,154 B-1,PERTEK,unchanged,
Bara,9557,154 B-T,PERTEK,unchanged,
Bara,9558,TR-A,PERTEK,unchanged,
Bara,9559,TR-B,PERTEK,unchanged,
Bara,9560,154 B-1,KAHRAMANMARAŞ OSB,unchanged,
Bara,9561,154 B-T,KAHRAMANMARAŞ OSB,unchanged,
Bara,9562,TR-A,KAHRAMANMARAŞ OSB,unchanged,
Bara,9563,TR-B,KAHRAMANMARAŞ OSB,unchanged,
Bara,9564,154 B-1,HAZAR,unchanged,
Bara,9565,154 B-T,HAZAR,unchanged,
Bara,9566,TR-A,HAZAR,unchanged,
Bara,9567,TR-B,HAZAR,unchanged,
Bara,9568,154 B-1,MARDİN OSB,unchanged,
Bara,9569,154 B-T,MARDİN OSB,unchanged,
Bara,9570,TR-A,MARDİN OSB,unchanged,
Bara,9571,TR-B,MARDİN OSB,unchanged,
Bara,9572,TR-B,SAMSUN3,unchanged,
Bara,9573,154 B-1,BEŞYÜZEVLER,unchanged,
Bara,9574,154 B-2,BEŞYÜZEVLER,unchanged,
Bara,9575,TR-4,KARAPINAR MEKE GÖLÜ GES,unchanged,
Bara,9576,154 B-1,KALEALTI HES-1,unchanged,
Bara,9577,TR-A,KALEALTI HES-1,unchanged,
Bara,9579,TR-A,ŞİŞLİ,unchanged,
Bara,9580,TR-3,TUNÇBİLEK A TES,unchanged,
Bara,9581,TR-B (YENİ),VELİEFENDİ,unchanged,
Bara,9582,TR-B,GREENECO JES 5,unchanged,
Bara,9583,TR-A,GREENECO JES 5,unchanged,
Bara,9584,TR-A,AKSEKİ,unchanged,
Bara,9585,TR-B,AKSEKİ,unchanged,
Bara,9586,154 B-1,KEMERBURGAZ RES,unchanged,
Bara,9587,154 B-T,KEMERBURGAZ RES,unchanged,
Bara,9588,TR-A,KEMERBURGAZ RES,unchanged,
Bara,9589,TR-B,BABAESKİ,unchanged,
Bara,9590,154 B-1,ELEŞKİRT,unchanged,
Bara,9591,154 B-T,ELEŞKİRT,unchanged,
Bara,9592,TR-A,ELEŞKİRT,unchanged,
Bara,9593,TR-B,ELEŞKİRT,unchanged,
Bara,9594,154 B-1,BERGAMA OSB,unchanged,
Bara,9595,154 B-T,BERGAMA OSB,unchanged,
Bara,9596,TR-A,BERGAMA OSB,unchanged,
Bara,9597,TR-B,BERGAMA OSB,unchanged,
Bara,9598,TR-B,ESAN,unchanged,
Bara,9599,TR-A,BEŞYÜZEVLER,unchanged,
Bara,9600,TR-B,BEŞYÜZEVLER,unchanged,
Bara,9601,TR-E,İSAKÖY,unchanged,
Bara,9602,TR-C,KARABÜK,unchanged,
Bara,9603,400 B-1,BOZKÖY GİS,unchanged,
Bara,9604,400 B-2,BOZKÖY GİS,unchanged,
Bara,9605,TR-1,BOZKÖY GİS,unchanged,
Bara,9606,TR-2,BOZKÖY GİS,unchanged,
Bara,9607,154 B-1,İPEKTEPE RES,unchanged,
Bara,9608,154 B-T,İPEKTEPE RES,unchanged,
Bara,9609,TR-A,İPEKTEPE RES,unchanged,
Bara,9610,154 B-1,ARHAVİ HAVZA,unchanged,
Bara,9611,154 B-T,ARHAVİ HAVZA,unchanged,
Bara,9612,TR-A,ARHAVİ HAVZA,unchanged,
Bara,9613,TR-B,ARHAVİ HAVZA,unchanged,
Bara,9614,TR-C,KEMER ANTALYA,unchanged,
Bara,9615,154 B-1,DDY ÇAYDOĞAN,unchanged,
Bara,9619,33 B-A,KEMER ANTALYA,unchanged,
Bara,9620,33 B-B,KEMER ANTALYA,unchanged,
Bara,9621,B-1,MİHMANDAR,unchanged,
Bara,9622,B-2,MİHMANDAR,unchanged,
Bara,9623,TR-A,MİHMANDAR,unchanged,
Bara,9624,TR-B,MİHMANDAR,unchanged,
Bara,9625,TR-A,KIZILDÜZ HES ŞAHMALLAR HES,unchanged,
Bara,9626,TR-4,KANGAL RES,unchanged,
Bara,9627,TR-B,KARAİSALI,unchanged,
Bara,9628,154 B-1,SEYİT ONBAŞI,unchanged,
Bara,9629,154 B-T,SEYİT ONBAŞI,unchanged,
Bara,9630,TR-A,SEYİT ONBAŞI,unchanged,
Bara,9633,TR-B,BERGAMA,unchanged,
Bara,9634,400 B1-KUZEY,KEBAN ŞALT,unchanged,
Bara,9635,400 B2-KUZEY,KEBAN ŞALT,unchanged,
Bara,9636,400 BT-KUZEY,KEBAN ŞALT,unchanged,
Bara,9637,400 B1-GÜNEY,KEBAN ŞALT,unchanged,
Bara,9638,400 B2-GÜNEY,KEBAN ŞALT,unchanged,
Bara,9639,400 BT-GÜNEY,KEBAN ŞALT,unchanged,
Bara,9640,154 B-2,KEBAN ŞALT,unchanged,
Bara,9641,154 B-T,KEBAN ŞALT,unchanged,
Bara,9642,TR-A,KEBAN ŞALT,unchanged,
Bara,9643,TR-B,KEBAN ŞALT,unchanged,
Bara,9644,154 B-1,KEBAN ŞALT,unchanged,
Bara,9645,TR-C,KEMALPAŞA,unchanged,
Bara,9646,TR-D,KEMALPAŞA,unchanged,
Bara,9647,154 B-1,ACIDERE,unchanged,
Bara,9648,154 B-T,ACIDERE,unchanged,
Bara,9649,TR-A,ACIDERE,unchanged,
Bara,9650,TR-B,ACIDERE,unchanged,
Bara,9651,TR-B,KADİRLİ,unchanged,
Bara,9652,TR-C,YILDIRIM,unchanged,
Bara,9653,TR-C,BEŞYÜZEVLER,unchanged,
Bara,9654,TR-C,KARAKEÇİLİ,unchanged,
Bara,9655,TR-B,AKBÜK,unchanged,
Bara,9657,154 B-1,ÇERKEŞ RES,unchanged,
Bara,9658,154 B-T,ÇERKEŞ RES,unchanged,
Bara,9659,TR-A,ÇERKEŞ RES,unchanged,
Bara,9661,154 B-1,HACIBEY RES,unchanged,
Bara,9662,154 B-T,HACIBEY RES,unchanged,
Bara,9663,TR-A,HACIBEY RES,unchanged,
Bara,9664,154 B-1,GÜNPINARI ÇİMENTO,unchanged,
Bara,9665,154 B-T,GÜNPINARI ÇİMENTO,unchanged,
Bara,9666,TR-A,GÜNPINARI ÇİMENTO,unchanged,
Bara,9667,TR-B,GÜNPINARI ÇİMENTO,unchanged,
Bara,9668,154 B-1,KARAKURT HAVZA,unchanged,
Bara,9669,154 B-T,KARAKURT HAVZA,unchanged,
Bara,9670,TR-A,KARAKURT HAVZA,unchanged,
Bara,9671,TR-B,KARAKURT HAVZA,unchanged,
Bara,9673,154 B-1,ALPU,unchanged,
Bara,9674,154 B-T,ALPU,unchanged,
Bara,9675,TR-A,ALPU,unchanged,
Bara,9676,TR-B,ALPU,unchanged,
Bara,9677,154 B-1,ÇEŞME HAVZA,unchanged,
Bara,9678,154 B-2,ÇEŞME HAVZA,unchanged,
Bara,9679,154 B-T,ÇEŞME HAVZA,unchanged,
Bara,9680,TR-A,ÇEŞME HAVZA,unchanged,
Bara,9681,154 B-1,ERCİYES RES,unchanged,
Bara,9682,154 B-T,ERCİYES RES,unchanged,
Bara,9683,TR-A,ERCİYES RES,unchanged,
Bara,9684,154 B-1,İZNİK,unchanged,
Bara,9685,154 B-T,İZNİK,unchanged,
Bara,9686,TR-A,İZNİK,unchanged,
Bara,9687,TR-B,İZNİK,unchanged,
Bara,9688,TR-B,KOZAN,unchanged,
Bara,9689,TR-D,ÇATES MUHAMMED DEMİREL,unchanged,
Bara,9690,TR-B,ULUDAĞ GİS,unchanged,
Bara,9691,154 B-1,HAMSİ RES,unchanged,
Bara,9692,154 B-T,HAMSİ RES,unchanged,
Bara,9693,TR-A,HAMSİ RES,unchanged,
Bara,9694,154 B-1,METAFOR RES,unchanged,
Bara,9695,154 B-T,METAFOR RES,unchanged,
Bara,9696,TR-A,METAFOR RES,unchanged,
Bara,9698,TR-B,URLA1,unchanged,
Bara,9702,154 B-1,UZAY OSB,unchanged,
Bara,9703,154 B-T,UZAY OSB,unchanged,
Bara,9704,TR-A,UZAY OSB,unchanged,
Bara,9705,TR-B,UZAY OSB,unchanged,
Bara,9706,400 B-1,KARADENİZ DOĞALGAZ GİS,unchanged,
Bara,9707,400 B-2,KARADENİZ DOĞALGAZ GİS,unchanged,
Bara,9708,TR-2,KARADENİZ DOĞALGAZ GİS,unchanged,
Bara,9709,TR-1,KARADENİZ DOĞALGAZ GİS,unchanged,
Bara,9710,TR-C,ATATÜRK HES,unchanged,
Bara,9711,TR-B,ATATÜRK HES,unchanged,
Bara,9712,400 B-1,SARISEKİ GİS,unchanged,
Bara,9713,400 B-2,SARISEKİ GİS,unchanged,
Bara,9714,TR-1,SARISEKİ GİS,unchanged,
Bara,9715,TR-2,SARISEKİ GİS,unchanged,
Bara,9717,TR-4-5,SARISEKİ GİS,unchanged,
Bara,9718,TR-6-7,SARISEKİ GİS,unchanged,
Bara,9719,154 B-1,YILFERT,unchanged,
Bara,9720,154 B-T,YILFERT,unchanged,
Bara,9721,TR-A,YILFERT,unchanged,
Bara,9722,TR-B,YILFERT,removed-from-source,
Bara,9723,154 B-1,YAKAAĞZI RES,unchanged,
Bara,9724,154 B-T,YAKAAĞZI RES,unchanged,
Bara,9725,TR-B,CİHADİYE,unchanged,
Bara,9726,TR-A,YAKAAĞZI RES,unchanged,
Bara,9727,TR-B,ALTINOVA,unchanged,
Bara,9730,TR-B,HORASAN,unchanged,
Bara,9731,154 B-1,EFELER,unchanged,
Bara,9732,154 B-T,EFELER,unchanged,
Bara,9733,TR-A,EFELER,unchanged,
Bara,9734,TR-B,EFELER,unchanged,
Bara,9735,400 B-1,MİSİS OSB,unchanged,
Bara,9736,400 B-2,MİSİS OSB,unchanged,
Bara,9737,400 B-T,MİSİS OSB,unchanged,
Bara,9738,TR-A,MİSİS OSB,unchanged,
Bara,9739,TR-B,MİSİS OSB,unchanged,
Bara,9740,154 B-1,DAĞYAKA ÇİMENTO,unchanged,
Bara,9741,154 B-T,DAĞYAKA ÇİMENTO,unchanged,
Bara,9742,TR-A,DAĞYAKA ÇİMENTO,unchanged,
Bara,9743,TR-B,DAĞYAKA ÇİMENTO,unchanged,
Bara,9744,TR-C,ALİAĞA OSB,unchanged,
Bara,9745,154 B-1,EZİNE,unchanged,
Bara,9746,154 B-2,EZİNE,unchanged,
Bara,9747,TR-A,EZİNE,unchanged,
Bara,9748,154 B-1,GÖZEBAŞI,unchanged,
Bara,9749,154 B-T,GÖZEBAŞI,unchanged,
Bara,9750,TR-A,GÖZEBAŞI,unchanged,
Bara,9751,TR-B,GÖZEBAŞI,unchanged,
Bara,9752,TR-C,DİKMEN2,unchanged,
Bara,9753,154 B-1,BOSTANCI METRO GİS,unchanged,
Bara,9754,154 B-2,BOSTANCI METRO GİS,unchanged,
Bara,9755,400 B-1,TUNÇBİLEK B TES,unchanged,
Bara,9756,TR-B,KAYSERİ KAPASİTÖR,unchanged,
Bara,9757,TR-B,EZİNE,unchanged,
Bara,9758,TR-A,BOSTANCI METRO GİS,unchanged,
Bara,9759,TR-B,BOSTANCI METRO GİS,unchanged,
Bara,9760,TR-C,BOSTANCI METRO GİS,unchanged,
Bara,9761,154 B-TB,HATAY,unchanged,
Bara,9762,154 B-1,MUDANYA,unchanged,
Bara,9763,154 B-T,MUDANYA,unchanged,
Bara,9764,TR-A,MUDANYA,unchanged,
Bara,9765,TR-B,MUDANYA,unchanged,
Bara,9766,154 B-1,SAPANCA,unchanged,
Bara,9767,154 B-T,SAPANCA,unchanged,
Bara,9768,TR-A,SAPANCA,unchanged,
Bara,9769,TR-B,SAPANCA,unchanged,
Bara,9770,TR-C,BİSMİL2,unchanged,
Bara,9772,154 B-1,RİZE,unchanged,
Bara,9773,154 B-T,RİZE,unchanged,
Bara,9774,TR-A,RİZE,unchanged,
Bara,9775,TR-B,RİZE,unchanged,
Bara,9776,154 B-1,KESTEL,unchanged,
Bara,9777,154 B-2,KESTEL,unchanged,
Bara,9778,TR-C,MELEN,unchanged,
Bara,9779,TR-A,KESTEL,unchanged,
Bara,9781,154 B-1,FRİGYA,unchanged,
Bara,9782,154 B-T,FRİGYA,unchanged,
Bara,9783,TR-A,FRİGYA,unchanged,
Bara,9784,TR-B,FRİGYA,unchanged,
Bara,9785,TR-C,FRİGYA,unchanged,
Bara,9786,TR-B,FEVZİPAŞA,unchanged,
Bara,9787,TR-B,YAKUPLU,unchanged,
Bara,9788,154 B-1,PAZARYERİ OSB,unchanged,
Bara,9789,154 B-T,PAZARYERİ OSB,unchanged,
Bara,9790,TR-A,PAZARYERİ OSB,unchanged,
Bara,9791,TR-B,PAZARYERİ OSB,unchanged,
Bara,9792,TR-C,HATAY,updated,Adı | Gerilim (kV)
Bara,9793,TR-3,SARISEKİ GİS,unchanged,
Bara,9794,154 B-1,KARAMÜRSEL RES,unchanged,
Bara,9795,154 B-T,KARAMÜRSEL RES,unchanged,
Bara,9796,TR-A,KARAMÜRSEL RES,unchanged,
Bara,9797,PRTR-7,KAZAN DGKÇ,unchanged,
Bara,9798,PRTR-8,KAZAN DGKÇ,unchanged,
Bara,9800,154 B-1,BARTIN ÇİMENTO,unchanged,
Bara,9801,154 B-T,BARTIN ÇİMENTO,unchanged,
Bara,9802,TR-A,BARTIN ÇİMENTO,unchanged,
Bara,9803,TR-B,BARTIN ÇİMENTO,unchanged,
Bara,9805,154 B-1,BUHARKENT OSB,unchanged,
Bara,9806,154 B-T,BUHARKENT OSB,unchanged,
Bara,9807,TR-A,BUHARKENT OSB,unchanged,
Bara,9808,TR-B,BUHARKENT OSB,unchanged,
Bara,9815,154 B-1,BURSA ÇİMENTO,unchanged,
Bara,9816,154 B-T,BURSA ÇİMENTO,unchanged,
Bara,9817,TR-A,BURSA ÇİMENTO,unchanged,
Bara,9818,TR-B,BURSA ÇİMENTO,unchanged,
Bara,9819,154 B-1,ERMENEK HES,unchanged,
Bara,9820,154 B-2,ERMENEK HES,unchanged,
Bara,9821,33 B-A,ERMENEK HES,unchanged,
Bara,9822,33 B-B,ERMENEK HES,unchanged,
Bara,9823,TR-B,KESTEL,updated,Başlangıç Tarihi
Bara,9824,154 B-1,TEŞVİKİYE KAĞIT,unchanged,
Bara,9825,154 B-T,TEŞVİKİYE KAĞIT,unchanged,
Bara,9826,TR-A,TEŞVİKİYE KAĞIT,unchanged,
Bara,9830,TR-C,SEYMEN BES,unchanged,
Bara,9831,TR-B,LÜLEBURGAZ,unchanged,
Bara,9832,TR-D,BUCA,unchanged,
Bara,9834,154 B-1,GÜMÜŞHANE ÇİMENTO,unchanged,
Bara,9835,154 B-T,GÜMÜŞHANE ÇİMENTO,unchanged,
Bara,9836,TR-A,GÜMÜŞHANE ÇİMENTO,unchanged,
Bara,9837,154 B-1,ONSEKİZ MART,unchanged,
Bara,9838,154 B-T,ONSEKİZ MART,unchanged,
Bara,9839,TR-A,ONSEKİZ MART,unchanged,
Bara,9840,TR-B,ONSEKİZ MART,unchanged,
Bara,9842,TR-C,SASA,unchanged,
Bara,9843,TR-D,SASA,unchanged,
Bara,9844,400 B-1,YUSUFELİ HES,unchanged,
Bara,9845,400 B-2,YUSUFELİ HES,unchanged,
Bara,9846,TR-B,ACIPAYAM,unchanged,
Bara,9847,TR-A,HİLVAN,unchanged,
Bara,9848,TR-B,HİLVAN,unchanged,
Bara,9849,154 B-1,BAĞLICA,unchanged,
Bara,9850,154 B-2,BAĞLICA,unchanged,
Bara,9851,TR-3,OSMANİYE OSB,unchanged,
Bara,9852,TR-4,OSMANİYE OSB,unchanged,
Bara,9854,TR-A,BAĞLICA,unchanged,
Bara,9855,TR-D,BAĞLICA,unchanged,
Bara,9857,154 B-1,ÖZALP,unchanged,
Bara,9858,154 B-T,ÖZALP,unchanged,
Bara,9859,TR-A,ÖZALP,unchanged,
Bara,9860,TR-B,ÖZALP,unchanged,
Bara,9861,154 B-1,UĞURLU GES,unchanged,
Bara,9862,154 B-T,UĞURLU GES,unchanged,
Bara,9863,TR-A,UĞURLU GES,unchanged,
Bara,9864,TR-B,UĞURLU GES,unchanged,
Bara,9866,TR-B,ERCİYES RES,unchanged,
Bara,9867,154 B-1,GÖNEN POLİMER,unchanged,
Bara,9868,154 B-T,GÖNEN POLİMER,unchanged,
Bara,9869,TR-A,GÖNEN POLİMER,unchanged,
Bara,9870,TR-B,GÖNEN POLİMER,unchanged,
Bara,9871,154 B-1,ATAŞEHİR,unchanged,
Bara,9872,154 B-1,SÖNMEZ GES,unchanged,
Bara,9873,154 B-T,SÖNMEZ GES,unchanged,
Bara,9874,TR-A,SÖNMEZ GES,unchanged,
Bara,9875,TR-B,SÖNMEZ GES,unchanged,
Bara,9876,TR-B,TAŞUCU,unchanged,
Bara,9877,154 B-1,TARSUS MOBİL,removed-from-source,
Bara,9878,MOBİL TR,TARSUS MOBİL,removed-from-source,
Bara,9880,TR-B,GÜLPINAR RES,unchanged,
Bara,9881,154 B-1,ZAFER,unchanged,
Bara,9882,TR-A,ZAFER,unchanged,
Bara,9883,154 B-T,ZAFER,unchanged,
Bara,9884,154 B-1,KORGUN OSB,unchanged,
Bara,9885,154 B-T,KORGUN OSB,unchanged,
Bara,9886,154 B-1,ÖZALTIN GES,unchanged,
Bara,9887,154 B-T,ÖZALTIN GES,unchanged,
Bara,9888,TR-A,ÖZALTIN GES,unchanged,
Bara,9889,TR-4,MEDCEM,unchanged,
Bara,9890,154 B-1,KOLUKISA,unchanged,
Bara,9891,154 B-T,KOLUKISA,unchanged,
Bara,9892,TR-A,KOLUKISA,unchanged,
Bara,9893,TR-B,KOLUKISA,unchanged,
Bara,9894,154 B-1,BESNİ OSB,unchanged,
Bara,9895,154 B-T,BESNİ OSB,unchanged,
Bara,9896,TR-A,BESNİ OSB,unchanged,
Bara,9897,TR-B,BESNİ OSB,unchanged,
Bara,9898,TR-B,TÜRKGÜCÜ,unchanged,
Bara,9899,154 B-1,ARALIK,unchanged,
Bara,9900,154 B-T,ARALIK,unchanged,
Bara,9901,TR-A,ARALIK,unchanged,
Bara,9902,TR-B,ARALIK,unchanged,
Bara,9903,TR-C,AKYEL 1 RES,updated,Adı
Bara,9904,154 B-1,PÜLÜMÜR,unchanged,
Bara,9905,154 B-T,PÜLÜMÜR,unchanged,
Bara,9906,TR-A,PÜLÜMÜR,unchanged,
Bara,9907,TR-B,PÜLÜMÜR,unchanged,
Bara,9909,154 B-1,ATAKUM,unchanged,
Bara,9910,154 B-T,ATAKUM,unchanged,
Bara,9912,TR-A,ATAKUM,unchanged,
Bara,9913,TR-B,ATAKUM,unchanged,
Bara,9914,154 B-1,KARAMAN RES,unchanged,
Bara,9915,154 B-T,KARAMAN RES,unchanged,
Bara,9916,TR-A,KARAMAN RES,unchanged,
Bara,9917,TR-6,GERMENCİK,unchanged,
Bara,9918,154 B-1,ATAKÖY GİS,unchanged,
Bara,9919,154 B-2,ATAKÖY GİS,unchanged,
Bara,9920,TR-A,ATAKÖY GİS,unchanged,
Bara,9921,TR-B,ATAKÖY GİS,unchanged,
Bara,9922,400 B-2,GÜRAĞAÇ,unchanged,
Bara,9923,TR-A,KORGUN OSB,unchanged,
Bara,9924,TR-B,KORGUN OSB,unchanged,
Bara,9925,154 B-1,KARTEPE SINAİ,unchanged,
Bara,9926,154 B-2,KARTEPE SINAİ,unchanged,
Bara,9927,TR-A,KARTEPE SINAİ,unchanged,
Bara,9928,TR-B,KARTEPE SINAİ,unchanged,
Bara,9929,33 B-1,ASLANTAŞ HES,unchanged,
Bara,9930,154 B-1,ATARES-1 RES,unchanged,
Bara,9931,154 B-T,ATARES-1 RES,unchanged,
Bara,9932,TR-A,ATARES-1 RES,unchanged,
Bara,9933,154 B-1,TOSB,unchanged,
Bara,9934,154 B-2,TOSB,unchanged,
Bara,9935,TR-C,TOSB,unchanged,
Bara,9936,TR-D,TOSB,unchanged,
Bara,9937,154 B-1,IŞIKKENT ÇİMENTO,unchanged,
Bara,9938,154 B-T,IŞIKKENT ÇİMENTO,unchanged,
Bara,9939,TR-A,IŞIKKENT ÇİMENTO,unchanged,
Bara,9940,TR-B,IŞIKKENT ÇİMENTO,unchanged,
Bara,103415,154 B-1,SEYDİKEMER,unchanged,
Bara,103416,154 B-2,SEYDİKEMER,unchanged,
Bara,103417,154 B-T,SEYDİKEMER,unchanged,
Bara,103418,TR-A,SEYDİKEMER,unchanged,
Bara,103419,TR-B,SEYDİKEMER,unchanged,
Bara,103460,TR-C,TATLIPINAR RES,unchanged,
Bara,103473,154 B-1,KORKUTELİ,unchanged,
Bara,103474,154 B-T,KORKUTELİ,unchanged,
Bara,103475,TR-A,KORKUTELİ,unchanged,
Bara,103476,TR-B,KORKUTELİ,unchanged,
Bara,103529,TR-B,SEYMEN BES,unchanged,
Bara,103725,TR-B,TOSB,unchanged,
Bara,103726,TR-A,TOSB,unchanged,
Bara,103782,154 B-1,GÜMÜŞPINAR FERROKROM,unchanged,
Bara,103783,154 B-T,GÜMÜŞPINAR FERROKROM,unchanged,
Bara,103784,TR-A,GÜMÜŞPINAR FERROKROM,unchanged,
Bara,103823,154 B-1,İZDEMİR ARAZİ GES,unchanged,
Bara,103824,154 B-T,İZDEMİR ARAZİ GES,unchanged,
Bara,103827,TR-A,İZDEMİR ARAZİ GES,unchanged,
Bara,103900,154 B-T,KUMLİMANI,unchanged,
Bara,104055,TR-4,İZDEMİR TES,unchanged,
Bara,104139,154 B-1,HALKALI GİS,unchanged,
Bara,104140,154 B-2,HALKALI GİS,unchanged,
Bara,104155,TR-A,HALKALI GİS,unchanged,
Bara,104156,TR-B,HALKALI GİS,unchanged,
Bara,104181,154 B-1,ATARES-2 RES,unchanged,
Bara,104182,154 B-T,ATARES-2 RES,unchanged,
Bara,104183,TR-A,ATARES-2 RES,unchanged,
Bara,104212,154 B-1,YAKAKENT,unchanged,
Bara,104213,154 B-T,YAKAKENT,unchanged,
Bara,104234,TR-A,YAKAKENT,unchanged,
Bara,104235,TR-B,YAKAKENT,unchanged,
Bara,104273,154 B-1,BÖRKENEK ÇİMENTO,unchanged,
Bara,104274,154 B-T,BÖRKENEK ÇİMENTO,unchanged,
Bara,104275,TR-A,BÖRKENEK ÇİMENTO,unchanged,
Bara,104276,TR-B,BÖRKENEK ÇİMENTO,unchanged,
Bara,104338,154 B-T,ÇİVRİL GES,unchanged,
Bara,104469,TR-A (A2),FEVZİPAŞA,unchanged,
Bara,104512,154 B-1,KIZILCAHAMAM,unchanged,
Bara,104513,154 B-T,KIZILCAHAMAM,unchanged,
Bara,104522,TR-A,KIZILCAHAMAM,unchanged,
Bara,104523,TR-B,KIZILCAHAMAM,unchanged,
Bara,104549,154 B-1,SARAYKÖY MOBİL TM-1,unchanged,
Bara,104550,33 TR-A,SARAYKÖY MOBİL TM-1,unchanged,
Bara,104573,154 B-1,ORDU-4 RES,unchanged,
Bara,104574,154 B-T,ORDU-4 RES,unchanged,
Bara,104575,TR-A,ORDU-4 RES,unchanged,
Bara,104599,TR-2,ZETES1,unchanged,
Bara,104677,154 B-1,SARAYKÖY MOBİL TM-2,unchanged,
Bara,104679,33 TR-A,SARAYKÖY MOBİL TM-2,unchanged,
Bara,104971,TR-C,PAYAS,unchanged,
Bara,104986,154 B-1,ÇİVRİL GES,unchanged,
Bara,105019,TR-B,HADİM,unchanged,
Bara,105020,TR-3,SOMA KOLİN TES,unchanged,
Bara,105121,TR-A,ÇİVRİL GES,unchanged,
Bara,105158,TR-B,ÇİVRİL GES,unchanged,
Bara,105186,154 B-1,SELYERİ BAKIR,unchanged,
Bara,105187,154 B-T,SELYERİ BAKIR,unchanged,
Bara,105188,TR-A,SELYERİ BAKIR,unchanged,
Bara,105189,TR-B,SELYERİ BAKIR,unchanged,
Bara,105283,154 B-1,ERZİN 2 GES,unchanged,
Bara,105284,154 B-T,ERZİN 2 GES,unchanged,
Bara,105285,TR-A,ERZİN 2 GES,unchanged,
Bara,105286,TR-B,ERZİN 2 GES,unchanged,
Bara,105315,154 B-1,BİSKA TEKSTİL GES,unchanged,
Bara,105316,154 B-T,BİSKA TEKSTİL GES,unchanged,
Bara,105317,TR-A,BİSKA TEKSTİL GES,unchanged,
Bara,105353,TR-B,MERSİNLİ RES,unchanged,
Bara,105374,400 B-1,SAMSUN2,unchanged,
Bara,105399,154 B-1,ÖZAL,unchanged,
Bara,105400,154 B-T,ÖZAL,unchanged,
Bara,105401,TR-A,ÖZAL,unchanged,
Bara,105402,TR-B,ÖZAL,unchanged,
Bara,105498,TR-C,GÖKSU,unchanged,
Bara,105502,154 B-1,MERAM GİS,unchanged,
Bara,105503,154 B-2,MERAM GİS,unchanged,
Bara,105518,TR-A,MERAM GİS,unchanged,
Bara,105519,TR-B,MERAM GİS,unchanged,
Bara,105520,TR-C,MERAM GİS,unchanged,
Bara,105562,154 B-1,ÇÖREKLİ GES,unchanged,
Bara,105563,154 B-T,ÇÖREKLİ GES,unchanged,
Bara,105564,TR-A,ÇÖREKLİ GES,unchanged,
Bara,105565,TR-B,ÇÖREKLİ GES,unchanged,
Bara,105566,TR-C,ÇÖREKLİ GES,unchanged,
Bara,105636,154 B-1,YUKARIBURNAZ GES,unchanged,
Bara,105637,154 B-T,YUKARIBURNAZ GES,unchanged,
Bara,105638,TR-A,YUKARIBURNAZ GES,unchanged,
Bara,105639,TR-B,YUKARIBURNAZ GES,unchanged,
Bara,105688,154 B-1 YENİ,FATSA,unchanged,
Bara,105689,154 B-T YENİ,FATSA,unchanged,
Bara,105704,154 B-1,IŞIKLAR RES,unchanged,
Bara,105705,154 B-T,IŞIKLAR RES,unchanged,
Bara,105748,TR-A,IŞIKLAR RES,unchanged,
Bara,105749,154 B-1,ETİ BAKIR2 GES,unchanged,
Bara,105750,154 B-T,ETİ BAKIR2 GES,unchanged,
Bara,105754,TR-A,ETİ BAKIR2 GES,unchanged,
Bara,105804,154 B-1,HOPA,unchanged,
Bara,105805,154 B-T,HOPA,unchanged,
Bara,105806,TR-A,HOPA,unchanged,
Bara,105807,TR-B,HOPA,unchanged,
Bara,105987,154 B-1,ÇAYIRKÖY RES,unchanged,
Bara,105988,154 B-T,ÇAYIRKÖY RES,unchanged,
Bara,105997,154 B-1,SARIÇİÇEK RES,unchanged,
Bara,105998,154 B-T,SARIÇİÇEK RES,unchanged,
Bara,106044,154 B-1B,ANDIRIN,updated,Veri Toplama
Bara,106045,154 B-T-B,ANDIRIN,unchanged,
Bara,106112,154 B-1,POLATELİ OSB MOBİL TM,unchanged,
Bara,106113,TR,POLATELİ OSB MOBİL TM,unchanged,
Bara,106215,154 B-1,OVACIK RES ÇANAKKALE,unchanged,
Bara,106216,154 B-T,OVACIK RES ÇANAKKALE,unchanged,
Bara,106225,TR-A,OVACIK RES ÇANAKKALE,unchanged,
Bara,106237,154 B-1,KARAMÜRSEL (YENİ),removed-from-source,
Bara,106248,TR-A,KARAMÜRSEL (YENİ),removed-from-source,
Bara,106359,154 B-1,TELHAMUT,unchanged,
Bara,106360,154 B-T,TELHAMUT,unchanged,
Bara,106361,TR-A,TELHAMUT,unchanged,
Bara,106362,TR-B,TELHAMUT,unchanged,
Bara,106440,154 B-1,ESKİŞEHİR MOBİL,unchanged,
Bara,106441,TR-A,ESKİŞEHİR MOBİL,unchanged,
Bara,106465,TR-B,AKÇALAR,unchanged,
Bara,106519,154 B-1,MORALI JES,unchanged,
Bara,106520,154 B-T,MORALI JES,unchanged,
Bara,106532,TR-A,ÇAYIRKÖY RES,unchanged,
Bara,106571,154 B-1,KABAAĞAÇ JES,unchanged,
Bara,106572,154 B-T,KABAAĞAÇ JES,unchanged,
Bara,106579,154 B-1,ALPASLAN1 HES,unchanged,
Bara,106580,154 B-2,ALPASLAN1 HES,unchanged,
Bara,106669,154 B-1,BEYYURDU RES,unchanged,
Bara,106670,154 B-T,BEYYURDU RES,unchanged,
Bara,106671,TR-A,BEYYURDU RES,unchanged,
Bara,106686,TR-C,KAYABAŞI TOKİ,unchanged,
Bara,106695,TR-A,KABAAĞAÇ JES,unchanged,
Bara,106745,TR-5,ATAŞEHİR,unchanged,
Bara,106786,154 B-1,AMR GES,unchanged,
Bara,106787,154 B-1,RST GES,unchanged,
Bara,106818,154 B-1,ŞULE RES,unchanged,
Bara,106820,154 B-T,ŞULE RES,unchanged,
Bara,106822,TR-A,ŞULE RES,unchanged,
Bara,106825,154 B-1,KIYIK,unchanged,
Bara,106826,154 B-T,KIYIK,unchanged,
Bara,106827,TR-A,KIYIK,unchanged,
Bara,106828,TR-B,KIYIK,unchanged,
Bara,106853,154 B-1,GÜZYURDU HAVZA,unchanged,
Bara,106854,154 B-T,GÜZYURDU HAVZA,unchanged,
Bara,106858,TR-A,GÜZYURDU HAVZA,unchanged,
Bara,106886,TR-B,GÜZYURDU HAVZA,unchanged,
Bara,106946,TR-2A,SASA,unchanged,
Bara,106957,TR-2B,SASA,unchanged,
Bara,106958,154 B-1,ATA RES,unchanged,
Bara,106959,154 B-T,ATA RES,unchanged,
Bara,106960,TR-A,ATA RES,unchanged,
Bara,106996,TR-D,ESENYURT,unchanged,
Bara,107056,154 B-1,HARMANCIK RES,unchanged,
Bara,107057,154 B-T,HARMANCIK RES,unchanged,
Bara,107066,TR-A,HARMANCIK RES,unchanged,
Bara,107090,TR-A,RST GES,unchanged,
Bara,107091,TR-A,AMR GES,unchanged,
Bara,107167,154 B-1,ŞAHİN RES,unchanged,
Bara,107168,154 B-T,ŞAHİN RES,unchanged,
Bara,107178,TR-A,ŞAHİN RES,unchanged,
Bara,107179,TR-B,ŞAHİN RES,unchanged,
Bara,107256,154 B-1,SİVAS RES,unchanged,
Bara,107257,154 B-T,SİVAS RES,unchanged,
Bara,107266,TR-A,SİVAS RES,unchanged,
Bara,107273,154 B-1,FİNE OTEL GES,unchanged,
Bara,107274,154 B-T,FİNE OTEL GES,unchanged,
Bara,107275,TR-A,FİNE OTEL GES,unchanged,
Bara,107395,TR-C,ESKİŞEHİR3,unchanged,
Bara,107396,TR-D,ESKİŞEHİR3,unchanged,
Bara,107413,36 B-2,EMİRDAĞ,unchanged,
Bara,107420,154 B-1,YEŞİLIRMAK,unchanged,
Bara,107421,154 B-T,YEŞİLIRMAK,unchanged,
Bara,107431,TR-A,YEŞİLIRMAK,unchanged,
Bara,107432,TR-B,YEŞİLIRMAK,unchanged,
Bara,107534,TR-B,ATAKALE RES,unchanged,
Bara,107618,TR-3,SOMA RES,unchanged,
Bara,107634,TR-B,HASANOBA RES,unchanged,
Bara,107659,154 B-1,MENEKŞE RES,unchanged,
Bara,107660,154 B-T,MENEKŞE RES,unchanged,
Bara,107661,TR-A,MENEKŞE RES,unchanged,
Bara,107677,TR-A,BİGA,unchanged,
Bara,107731,154 B-1,DÖRTYOL,unchanged,
Bara,107732,154 B-T,DÖRTYOL,unchanged,
Bara,107733,TR-A,DÖRTYOL,unchanged,
Bara,107734,TR-B,DÖRTYOL,unchanged,
Bara,107779,154 B-1,KALKAN,unchanged,
Bara,107780,154 B-T,KALKAN,unchanged,
Bara,107787,TR-A,KALKAN,unchanged,
Bara,107788,TR-B,KALKAN,unchanged,
Bara,107805,TR-B,KARTAL RES,unchanged,
Bara,107812,TR-3,SUGÖZÜ TES,unchanged,
Bara,107876,154 B-1,AHMETLİ,unchanged,
Bara,107877,154 B-2,AHMETLİ,unchanged,
Bara,107878,TR-B,AHMETLİ,unchanged,
Bara,107913,154 B-1,KADIKÖY GES,unchanged,
Bara,107914,154 B-T,KADIKÖY GES,unchanged,
Bara,107915,TR-A,KADIKÖY GES,unchanged,
Bara,107916,TR-B,KADIKÖY GES,unchanged,
Bara,107977,154 B-1,DÜZLÜK GES,unchanged,
Bara,107978,154 B-T,DÜZLÜK GES,unchanged,
Bara,107979,TR-A,DÜZLÜK GES,unchanged,
Bara,107980,TR-B,DÜZLÜK GES,unchanged,
Bara,107981,TR-C,DÜZLÜK GES,unchanged,
Bara,108005,154 B-1,DERELİ GES,unchanged,
Bara,108006,154 B-T,DERELİ GES,unchanged,
Bara,108007,TR-A,DERELİ GES,unchanged,
Bara,108008,TR-B,DERELİ GES,unchanged,
Bara,108009,TR-C,DERELİ GES,unchanged,
Bara,108045,TR-A,ERZİN,unchanged,
Bara,108135,154 B-1,DİANA OTEL GES,unchanged,
Bara,108136,154 B-T,DİANA OTEL GES,unchanged,
Bara,108137,TR-A,DİANA OTEL GES,unchanged,
Bara,108332,TR-B,ÇERÇİKAYA RES,unchanged,
Bara,108476,154 B1 (MOB),NARLI,removed-from-source,
Bara,108485,MOBİL TR,NARLI,removed-from-source,
Bara,108493,TR-D,OSMANGAZİ,unchanged,
Bara,108512,154 B-1,OSMANELİ ÇELİK,unchanged,
Bara,108513,154 B-T,OSMANELİ ÇELİK,unchanged,
Bara,108522,TR-A,OSMANELİ ÇELİK,unchanged,
Bara,108523,TR-C,OSMANELİ ÇELİK,unchanged,
Bara,108540,BTNKÖŞK BARA,NARLI,removed-from-source,
Bara,108541,MBLKÖŞK BARA,NARLI,removed-from-source,
Bara,108623,TR-3,YENİ ŞEHİTLİK,unchanged,
Bara,108624,TR-4,YENİ ŞEHİTLİK,unchanged,
Bara,108706,154 B-1,YENİ RES,unchanged,
Bara,108707,154 B-T,YENİ RES,unchanged,
Bara,108716,TR-A,YENİ RES,unchanged,
Bara,108792,154 B-1,GEÇİCİ KARADENİZ EREĞLİ,unchanged,
Bara,108793,TR-A,GEÇİCİ KARADENİZ EREĞLİ,unchanged,
Bara,108813,400 B-1,UYGAR RES,unchanged,
Bara,108814,400 B-2,UYGAR RES,unchanged,
Bara,108815,400 B-T,UYGAR RES,unchanged,
Bara,108826,TR-1,UYGAR RES,unchanged,
Bara,108889,TR-B,YAHYALI RES,unchanged,
Bara,108939,TR-C,ŞANLIURFA OSB,unchanged,
Bara,108940,TR-D,ŞANLIURFA OSB,unchanged,
Bara,108974,TR-C,ELAZIĞ,unchanged,
Bara,108981,TR-4,YÜREĞİR,unchanged,
Bara,109001,154 B-1,KARLICA RES,unchanged,
Bara,109002,154 B-T,KARLICA RES,unchanged,
Bara,109003,TR-A,KARLICA RES,unchanged,
Bara,109112,154 B-1,ATAHAN GES,unchanged,
Bara,109113,154 B-T,ATAHAN GES,unchanged,
Bara,109173,TR-A,ATAHAN GES,unchanged,
Bara,109198,TR-B,ATAHAN GES,unchanged,
Bara,109209,154 B-1,ÇORLU,updated,Trafo Merkezi
Bara,109210,154 B-2,ÇORLU,updated,Trafo Merkezi
Bara,109216,TR-A,ÇORLU,updated,Trafo Merkezi
Bara,109228,TR-B,ÇORLU,updated,Trafo Merkezi
Bara,109229,TR-C,ÇORLU,updated,Trafo Merkezi
Bara,109314,TR-C,HALKALI GİS,unchanged,
Bara,109323,TR-5,KANGAL RES,unchanged,
Bara,109391,154 B-1,SAZAK GES,unchanged,
Bara,109392,154 B-T,SAZAK GES,unchanged,
Bara,109413,TR-B,İZDEMİR ARAZİ GES,unchanged,
Bara,109421,TR-C,MANAVGAT,unchanged,
Bara,109446,TR-A,SAZAK GES,unchanged,
Bara,109453,TR-C,TEMELLİ,unchanged,
Bara,109484,154 B-1,OBA MOBİL,unchanged,
Bara,109485,TR-A,OBA MOBİL,unchanged,
Bara,109517,154 B-1,NALLIHAN,unchanged,
Bara,109518,154 B-T,NALLIHAN,unchanged,
Bara,109651,154 B-1,GÜNEŞLİ,unchanged,
Bara,109653,154 B-2,GÜNEŞLİ,unchanged,
Bara,109654,TR-A,GÜNEŞLİ,unchanged,
Bara,109655,TR-B,GÜNEŞLİ,unchanged,
Bara,109656,TR-C,GÜNEŞLİ,unchanged,
Bara,109757,TR-2,GÜNEYSINIR,unchanged,
Bara,109793,TR-A,GERKONSAN,updated,Gerilim (kV)
Bara,109825,154 B-1,KÖPRÜBAŞI MADEN,unchanged,
Bara,109826,154 B-T,KÖPRÜBAŞI MADEN,unchanged,
Bara,109827,TR-A,KÖPRÜBAŞI MADEN,unchanged,
Bara,109842,154 B-1,ETİ5 GES,unchanged,
Bara,109843,154 B-T,ETİ5 GES,unchanged,
Bara,109844,TR-A,ETİ5 GES,unchanged,
Bara,109845,TR-B,ETİ5 GES,unchanged,
Bara,109922,TR-2,UYGAR RES,unchanged,
Bara,109960,400 B-1,İGA GES,unchanged,
Bara,109961,400 B-2,İGA GES,unchanged,
Bara,109962,400 B-T,İGA GES,unchanged,
Bara,109982,TR-A,İGA GES,unchanged,
Bara,109983,TR-B,İGA GES,unchanged,
Bara,110029,MOBİL TR B,TARSUS MOBİL,removed-from-source,
Bara,110060,154 B-1,HACIHIDIRLAR RES,unchanged,
Bara,110061,154 B-T,HACIHIDIRLAR RES,unchanged,
Bara,110064,TR-A,HACIHIDIRLAR RES,unchanged,
Bara,114998,400 B-1A,ENKA KIRKLARELİ DGKÇS,unchanged,
Bara,114999,400 B2-A,ENKA KIRKLARELİ DGKÇS,unchanged,
Bara,115024,154 B-1,YALIKAVAK MOBİL,unchanged,
Bara,115029,TR-B,VİZE 2 RES,updated,Başlangıç Tarihi
Bara,115030,TR-B,AİRRES4,updated,Başlangıç Tarihi
Bara,115040,TR,YALIKAVAK MOBİL,unchanged,
Bara,115089,400 B-1B,ENKA KIRKLARELİ DGKÇS,unchanged,
Bara,115090,400 B-2B,ENKA KIRKLARELİ DGKÇS,unchanged,
Bara,115120,154 B-1,PELİT RES,unchanged,
Bara,115121,154 B-T,PELİT RES,unchanged,
Bara,115128,154 B-1,BEYDAĞI,unchanged,
Bara,115129,154 B-T,BEYDAĞI,unchanged,
Bara,115130,TR-A,BEYDAĞI,unchanged,
Bara,115131,TR-B,BEYDAĞI,unchanged,
Bara,115141,154 B-1,YAYLAKÖY MOBİL,unchanged,
Bara,115143,TR,YAYLAKÖY MOBİL,unchanged,
Bara,115188,TR-A,PELİT RES,unchanged,
Bara,115222,TR-D,KAYACIK,unchanged,
Bara,115262,TR-A,SARIÇİÇEK RES,unchanged,
Bara,115263,TR-B,SARIÇİÇEK RES,unchanged,
Bara,115327,TR-A,AHMETLİ,unchanged,
Bara,115349,154 B-1,KIRTEPE MADEN,unchanged,
Bara,115350,154 B-T,KIRTEPE MADEN,unchanged,
Bara,115351,TR-A,KIRTEPE MADEN,unchanged,
Bara,115381,TR-A,ALTINKAYA HES,unchanged,
Bara,115400,TR-B,TAYSEB,unchanged,
Bara,115407,154 B-1,MERSİN1 GİS,unchanged,
Bara,115408,154 B-2,MERSİN1 GİS,unchanged,
Bara,115412,154 B-1,FİNANS GİS,unchanged,
Bara,115413,154 B-2,FİNANS GİS,unchanged,
Bara,115416,TR-B,FİNANS GİS,unchanged,
Bara,115423,TR-A,FİNANS GİS,unchanged,
Bara,115424,TR-C,FİNANS GİS,unchanged,
Bara,115515,154 B-1,KARALIK RES,unchanged,
Bara,115516,154 B-T,KARALIK RES,unchanged,
Bara,115528,TR-A,KARALIK RES,unchanged,
Bara,115535,154 B-1,TUFANBEYLİ,unchanged,
Bara,115536,154 B-T,TUFANBEYLİ,unchanged,
Bara,115537,TR-A,TUFANBEYLİ,unchanged,
Bara,115538,TR-B,TUFANBEYLİ,unchanged,
Bara,115557,154 B-1,KARKAMIŞ,unchanged,
Bara,115558,154 B-2,KARKAMIŞ,unchanged,
Bara,115559,TR-A,KARKAMIŞ,unchanged,
Bara,115560,TR-B,KARKAMIŞ,unchanged,
Bara,115634,400 B-1,YUMURTALIK DEMİRÇELİK GİS,unchanged,
Bara,115635,400 B-2,YUMURTALIK DEMİRÇELİK GİS,unchanged,
Bara,115636,TR-1,YUMURTALIK DEMİRÇELİK GİS,unchanged,
Bara,115637,TR-2,YUMURTALIK DEMİRÇELİK GİS,unchanged,
Bara,115696,154 B-1,ETİBAKIR AĞRI GES,unchanged,
Bara,115697,154 B-T,ETİBAKIR AĞRI GES,unchanged,
Bara,115698,TR-A,ETİBAKIR AĞRI GES,unchanged,
Bara,115722,154 B-1,MUŞ-4 RES,unchanged,
Bara,115723,154 B-T,MUŞ-4 RES,unchanged,
Bara,115724,TR-A,MUŞ-4 RES,unchanged,
Bara,115747,154 B-1,AYBASTI RES,unchanged,
Bara,115748,154 B-T,AYBASTI RES,unchanged,
Bara,115755,TR-A,AYBASTI RES,unchanged,
Bara,115794,400 B-1,DERİ OSB,unchanged,
Bara,115795,400 B-2,DERİ OSB,unchanged,
Bara,115798,154 B-1,DERİ OSB,unchanged,
Bara,115799,154 B-2,DERİ OSB,unchanged,
Bara,115804,TR-1,DERİ OSB,unchanged,
Bara,115806,TR-3,DERİ OSB,unchanged,
Bara,115862,400 BB-1,ETİ ALÜMİNYUM,unchanged,
Bara,115863,400 BB-2,ETİ ALÜMİNYUM,unchanged,
Bara,115864,33 TR-1,ETİ ALÜMİNYUM,unchanged,
Bara,115865,33 TR-2,ETİ ALÜMİNYUM,unchanged,
Bara,115866,33 TR-3-A,ETİ ALÜMİNYUM,unchanged,
Bara,115917,154 B-1,ASELSAN MOBİL,unchanged,
Bara,115918,TR-A,ASELSAN MOBİL,unchanged,
Bara,115946,154 B-1,KESTANEDERESİ RES,unchanged,
Bara,115947,154 B-T,KESTANEDERESİ RES,unchanged,
Bara,115948,TR-A,KESTANEDERESİ RES,unchanged,
Bara,115949,TR-B,KESTANEDERESİ RES,unchanged,
Bara,116058,TR-2,KOCALAR RES,updated,Gerilim (kV)
Bara,116132,400 B-1,SEYDİŞEHİR (YENİ),unchanged,
Bara,116133,400 B-2,SEYDİŞEHİR (YENİ),unchanged,
Bara,116216,154 B-1,SEYDİŞEHİR (YENİ),unchanged,
Bara,116217,154 B-2,SEYDİŞEHİR (YENİ),unchanged,
Bara,116218,154 B-T,SEYDİŞEHİR (YENİ),unchanged,
Bara,116219,33 TR-A,SEYDİŞEHİR (YENİ),unchanged,
Bara,116220,33 TR-B,SEYDİŞEHİR (YENİ),unchanged,
Bara,116259,TR-B,ÇERKEŞ RES,unchanged,
Bara,116310,TR-3,KARADENİZ DOĞALGAZ GİS,unchanged,
Bara,116311,TR-4,KARADENİZ DOĞALGAZ GİS,unchanged,
Bara,116336,TR-3,KAYSERİ4,unchanged,
Bara,116351,154 B-1,NİZİP OSB MOBİL,unchanged,
Bara,116365,TR-A,NİZİP OSB MOBİL,unchanged,
Bara,116571,TR-C,BALIKESİR OSB,unchanged,
Bara,116580,TR-4,ETİ ALÜMİNYUM,unchanged,
Bara,116605,154 B-1,ŞEKERSU RES,unchanged,
Bara,116606,154 B-T,ŞEKERSU RES,unchanged,
Bara,116607,TR-A,ŞEKERSU RES,updated,Veri Toplama
Bara,116669,TR-C,SIRRIN,unchanged,
Bara,116670,TR-D,SIRRIN,unchanged,
Bara,116711,154 B-1,ÇORUM1 RES,unchanged,
Bara,116712,154 B-T,ÇORUM1 RES,unchanged,
Bara,116713,TR-A,ÇORUM1 RES,unchanged,
Bara,116777,154 B-1,ACIBADEM ESKİŞEHİR GES,unchanged,
Bara,116778,154 B-T,ACIBADEM ESKİŞEHİR GES,unchanged,
Bara,116787,TR-A,ACIBADEM ESKİŞEHİR GES,unchanged,
Bara,117006,154 B-1,DAMPINAR RES,unchanged,
Bara,117007,154 B-T,DAMPINAR RES,unchanged,
Bara,117008,TR-1,DAMPINAR RES,unchanged,
Bara,117033,154 B-1,ETİ BOR KIRKA,unchanged,
Bara,117034,154 B-T,ETİ BOR KIRKA,unchanged,
Bara,117060,TR-A,ETİ BOR KIRKA,unchanged,
Bara,117061,TR-B,ETİ BOR KIRKA,unchanged,
Bara,117085,TR-C,MEHMETHAN JES,unchanged,
Bara,117111,154 B-1,ARMUTÇUK RES,unchanged,
Bara,117112,154 B-T,ARMUTÇUK RES,unchanged,
Bara,117119,TR-A,ARMUTÇUK RES,unchanged,
Bara,117120,TR-B,ARMUTÇUK RES,unchanged,
Bara,117149,154 B-1,TTSİVASZARA GES,unchanged,
Bara,117150,154 B-T,TTSİVASZARA GES,unchanged,
Bara,117154,TR-A,TTSİVASZARA GES,unchanged,
Bara,117178,154 B-1,OYÇİM GES,unchanged,
Bara,117179,154 B-T,OYÇİM GES,unchanged,
Bara,117188,TR-A,OYÇİM GES,unchanged,
Bara,117189,TR-B,OYÇİM GES,unchanged,
Bara,117257,TR-B,DERİ OSB,unchanged,
Bara,117390,154 B-1,G24- MALATYA GES,added,
Bara,117391,154 B-T,G24- MALATYA GES,added,
Bara,117392,TR-A,G24- MALATYA GES,added,
Bara,117397,TR-B,G24- MALATYA GES,added,
Bara,117538,TR-A,NALLIHAN,unchanged,
Bara,117539,TR-B,NALLIHAN,unchanged,
Bara,117564,TR-B,GÖKTEPE RES,unchanged,
Bara,117619,154 B-1,TAŞÇILAR ÇİMENTO,unchanged,
Bara,117620,154 B-T,TAŞÇILAR ÇİMENTO,unchanged,
Bara,117642,TR-A,TAŞÇILAR ÇİMENTO,unchanged,
Bara,117711,154 B-1,AKHİSAR GİS,unchanged,
Bara,117712,154 B-2,AKHİSAR GİS,unchanged,
Bara,117713,TR-A,AKHİSAR GİS,unchanged,
Bara,117714,TR-B,AKHİSAR GİS,unchanged,
Bara,117715,TR-C,AKHİSAR GİS,unchanged,
Bara,117788,154 B-1,MALKARA,unchanged,
Bara,117789,154 B-T,MALKARA,unchanged,
Bara,117792,TR-A,MALKARA,unchanged,
Bara,117793,TR-B,MALKARA,unchanged,
Bara,117814,TR-D,BOTAŞ,unchanged,
Bara,117850,TR-B,TTSİVASZARA GES,unchanged,
Bara,117860,154 B-1,HOŞHABER DGES,unchanged,
Bara,117861,154 B-T,HOŞHABER DGES,unchanged,
Bara,117862,TR-A,HOŞHABER DGES,unchanged,
Bara,117908,TR-B,EDREMİT,unchanged,
Bara,117975,TR-C,FEVZİPAŞA,unchanged,
Bara,118269,TR-B,TÜMAD BURHANİYE,unchanged,
Bara,118276,154 B-2,REYHANLI,unchanged,
Bara,118277,66 B-1,REYHANLI,unchanged,
Bara,118278,66 B-2,REYHANLI,updated,Başlangıç Tarihi
Bara,118279,66 B-3,REYHANLI,unchanged,
Bara,118280,66 B-4,REYHANLI,unchanged,
Bara,118281,154 B-1,REYHANLI,unchanged,
Bara,118284,TR-A,REYHANLI,unchanged,
Bara,118330,TR-B,BAĞLICA,unchanged,
Bara,118331,TR-C,BAĞLICA,unchanged,
Bara,118414,TR-B,REYHANLI,unchanged,
Bara,118427,TR-B,BİGA,unchanged,
Bara,118436,154 B-T,BİGA,unchanged,
Bara,118437,154 B-1,BİGA,unchanged,
Bara,118462,400 B-1A,AKKUYU NGS GİS,updated,Adı
Bara,118472,TR-A,DERİ OSB,unchanged,
Bara,118771,154 B-1,ALCI OSB MOBİL,unchanged,
Bara,118786,TR-A,ALCI OSB MOBİL,unchanged,
Bara,118799,TR-C,BELEK GİS,unchanged,
Bara,119038,154 B-1,KADİRLİ OSB,updated,Veri Toplama
Bara,119039,154 B-T,KADİRLİ OSB,unchanged,
Bara,119040,TR-A,KADİRLİ OSB,unchanged,
Bara,119041,TR-B,KADİRLİ OSB,unchanged,
Bara,119107,154 B-1,HORASAN GES,unchanged,
Bara,119108,154 B-T,HORASAN GES,unchanged,
Bara,119109,TR-A,HORASAN GES,unchanged,
Bara,119206,33 TR-3-B,ETİ ALÜMİNYUM,unchanged,
Bara,119220,TR-4-B,ETİ ALÜMİNYUM,unchanged,
Bara,119251,154 B-1,NARLI (YENİ),added,
Bara,119252,154 B-T,NARLI (YENİ),added,
Bara,119253,TR-A,NARLI (YENİ),added,
Bara,119254,TR-B,NARLI (YENİ),added,
Bara,119377,154 B-1,RASA MEDT,added,
Bara,119378,154 B-T,RASA MEDT,added,
Bara,119403,154 B-T,BAYRAMİÇ BAKIR,unchanged,
Bara,119404,154 B-1,BAYRAMİÇ BAKIR,unchanged,
Bara,119411,TR-A,BAYRAMİÇ BAKIR,unchanged,
Bara,119450,154 B-1,DÖŞEMEALTI,unchanged,
Bara,119451,154 B-T,DÖŞEMEALTI,unchanged,
Bara,119465,TR-A,DÖŞEMEALTI,unchanged,
Bara,119466,TR-B,DÖŞEMEALTI,unchanged,
Bara,119579,400 B-1,TARSUS OSB,added,
Bara,119580,400 B-2,TARSUS OSB,added,
Bara,119581,400 B-T,TARSUS OSB,added,
Bara,119586,154 B-1,TARSUS OSB,added,
Bara,119587,154 B-2,TARSUS OSB,added,
Bara,119588,154 B-T,TARSUS OSB,added,
Bara,119610,TR-A,TARSUS OSB,added,
Bara,119611,TR-B,TARSUS OSB,added,
Bara,119721,154 SNL-B-1,ANTALYA GİS,added,
Bara,119722,33-SNL-TR-A,ANTALYA GİS,added,
Bara,119763,TR-A,RASA MEDT,added,
Bara,119770,154 B-1,TÜRKELİ,added,
Bara,119771,154 B-T,TÜRKELİ,added,
Bara,119789,TR-A,TÜRKELİ,added,
Bara,119796,154 B-1,GÖRDES,added,
Bara,119797,154 B-T,GÖRDES,added,
Bara,119798,TR-A,GÖRDES,added,
Bara,119799,TR-B,GÖRDES,added,
Bara,119831,154 B-1,ELMACIK RES,added,
Bara,119832,154 B-T,ELMACIK RES,added,
Bara,119864,154 B-1,BİM AĞRI GES,added,
Bara,119865,154 B-T,BİM AĞRI GES,added,
Bara,119866,TR-A,BİM AĞRI GES,added,
Bara,119967,TR-A,ELMACIK RES,added,
Bara,120168,400 SB-1,SEYDİŞEHİR (YENİ),added,
Bara,120409,TR-D,KANGAL TES,added,
Bara,120568,TR-C,UZAY OSB,added,
Bara,120569,154 B-1,KÜTAHYA (YENİ),added,
Bara,120570,154 B-T,KÜTAHYA (YENİ),added,
Bara,120590,TR-C,KUNDU,added,
Bara,120629,TR-B,KÜTAHYA (YENİ),added,
Bara,120636,TR-B,TÜRKELİ,added,
Bara,120750,TR-A,HAMİTABAT DGKÇ,added,
Bara,120793,154 B-1,ÇUMRA GES,added,
Bara,120794,154 B-T,ÇUMRA GES,added,
Bara,120806,154 B-1,KARAHİSAR MOBİL,added,
Bara,120807,TR-A,KARAHİSAR MOBİL,added,
Bara,120824,220 B-1,KARS,added,
Bara,120841,TR-A,ÇUMRA GES,added,
Bara,191459,154 B-1,IHLAMUR RES,added,
Bara,191460,154 B-T,IHLAMUR RES,added,
Bara,191472,TR-A,IHLAMUR RES,added,
Bara,191473,TR-B,IHLAMUR RES,added,
Bara,191492,154 B-1,ARTURNA RES,added,
Bara,191493,154 B-T,ARTURNA RES,added,
Bara,191494,TR-A,ARTURNA RES,added,
Bara,191524,154 B-1,DEVREK,added,
Bara,191525,154 B-T,DEVREK,added,
Bara,191526,TR-A,DEVREK,added,
Bara,191527,TR-B,DEVREK,added,
Bara,191595,154 B-1,TOSYALI OSMANİYE GES,added,
Bara,191596,154 B-T,TOSYALI OSMANİYE GES,added,
Bara,191597,TR-A,TOSYALI OSMANİYE GES,added,
Bara,191598,TR-B,TOSYALI OSMANİYE GES,added,
Bara,191756,154 B-1,DİYADİN,added,
Bara,191757,154 B-T,DİYADİN,added,
Bara,191758,TR-A,DİYADİN,added,
Bara,191759,TR-B,DİYADİN,added,
Bara,191776,"33,6 UB-1",ALPASLAN2 HES,added,
Bara,192208,154 B-1,KARAMÜRSEL (YENİ),added,
Bara,192209,154 B-T,KARAMÜRSEL (YENİ),added,
Bara,192210,TR-B,KARAMÜRSEL (YENİ),added,
Bara,192255,TR-A,KARAMÜRSEL (YENİ),added,
Bara,192630,154 B-1,LALAPAŞA ÇİMENTO,added,
Bara,192631,154 B-T,LALAPAŞA ÇİMENTO,added,
Bara,192632,TR-A,LALAPAŞA ÇİMENTO,added,
Bara,192633,TR-B,LALAPAŞA ÇİMENTO,added,
Bara,192675,154 B-1,GELGİT RES,added,
Bara,192676,154 B-T,GELGİT RES,added,
Bara,192679,154 B-1,YENİ DGES,added,
Bara,192680,154 B-T,YENİ DGES,added,
Bara,192681,TR-A,YENİ DGES,added,
Bara,192712,TR-A,GELGİT RES,added,
Bara,192737,154 B-1,KARACADAĞ OSB MOBİL,added,
Bara,192738,TR-MOBİL,KARACADAĞ OSB MOBİL,added,
Bara,193321,400 B-1,SULTANİYE GES,added,
Bara,193323,400 B-2,SULTANİYE GES,added,
Bara,193324,400 B-T,SULTANİYE GES,added,
Bara,193335,154 B-1,KIRKLARELİ OSB,added,
Bara,193336,154 B-T,KIRKLARELİ OSB,added,
Bara,193345,154 B-1,KORGAN HAVZA,added,
Bara,193349,154 B-T,KORGAN HAVZA,added,
Bara,193350,TR-A,KORGAN HAVZA,added,
Bara,193351,TR-B,KORGAN HAVZA,added,
Bara,193383,TR-3,SULTANİYE GES,added,
Bara,193437,TR-B,KIRKLARELİ OSB,added,
Bara,193988,TR-C,KÇS ÇİMENTO,added,
Bara,193999,TR-A,KÜTAHYA (YENİ),added,
Bara,194074,154 B-1,FİKİRTEPE GİS,added,
Bara,194075,154 B-2,FİKİRTEPE GİS,added,
Bara,194078,TR-A,FİKİRTEPE GİS,added,
Bara,194079,TR-B,FİKİRTEPE GİS,added,
Bara,194080,TR-C,FİKİRTEPE GİS,added,
Bara,194260,154 B-1,GULSANGES,added,
Bara,194261,154 B-T,GULSANGES,added,
Bara,194270,TR-A,GULSANGES,added,
Bara,194271,TR-B,GULSANGES,added,
Bara,194300,400 B-1,KROMANÇELİK GİS,added,
Bara,194301,400 B-2,KROMANÇELİK GİS,added,
Bara,194302,TR-1,KROMANÇELİK GİS,added,
Bara,194303,TR-2,KROMANÇELİK GİS,added,
Bara,194304,TR-3,KROMANÇELİK GİS,added,
Hat,1789,400kV DAVUTPAŞA - YILDIZTEPE EİH,,unchanged,
Hat,1790,154kV AYANCIK - SİNOP EİH,,unchanged,
Hat,1798,154kV ILICA ZEKİ GÜRGEN - AŞKALE EİH,,unchanged,
Hat,1799,154kV ERZİNCAN - ERGAN EİH,,unchanged,
Hat,1800,154kV ERGAN - REFAHİYE EİH,,unchanged,
Hat,1807,154kV ILICA ZEKİ GÜRGEN - KUZGUN HES EİH,,unchanged,
Hat,1809,154kV ILICA ZEKİ GÜRGEN - ERZURUM - I EİH,,unchanged,
Hat,1811,154kV BAYBURT - AŞKALE EİH,,unchanged,
Hat,1814,154kV MURATLI HES - BORÇKA HES - I EİH,,unchanged,
Hat,1817,154kV BORÇKA HES - ARPA HES EİH,,unchanged,
Hat,1821,154kV ERCİŞ - MURADİYE HES EİH,,unchanged,
Hat,1822,154kV ERCİŞ - PATNOS EİH,,unchanged,
Hat,1823,154kV ERCİŞ - VAN2 EİH,,unchanged,
Hat,1825,154kV DOĞUBAYAZIT - IĞDIR EİH,,unchanged,
Hat,1826,154kV KARS - ÇILDIR HES EİH,,unchanged,
Hat,1830,154kV İYİDERE - ÇAYELİ EİH,,unchanged,
Hat,1838,154kV ALMUS HES - KÖKLÜCE HES EİH,,unchanged,
Hat,1840,154kV ADİLCEVAZ - TATVAN EİH,,unchanged,
Hat,1841,154kV ERCİŞ - ADİLCEVAZ EİH,,unchanged,
Hat,1843,154kV AĞRI1 - AĞRI2 EİH,,unchanged,
Hat,1845,154kV AĞRI2 - PATNOS EİH,,unchanged,
Hat,1847,400kV ELGÜN - KIZILTEPE - I EİH,,updated,Bitiş Trafo Merkezi
Hat,1849,154kV KIZILTEPE - DİKMEN1 - I EİH,,updated,Başlangıç Trafo Merkezi
Hat,1850,154kV KIZILTEPE - DİKMEN1 - II EİH,,updated,Başlangıç Trafo Merkezi
Hat,1851,400kV AKSA ANTALYA DGKÇ - DENİZLİ4 EİH,,unchanged,
Hat,1852,154kV KIZILTEPE - ÇAĞÇAĞ EİH,,updated,Başlangıç Trafo Merkezi
Hat,1857,400kV ALTINKAYA HES - KAYABAŞI EİH,,unchanged,
Hat,1863,400kV SEYİTÖMER TES - AFYON2 EİH,,unchanged,
Hat,1864,400kV DENİZLİ4 - RWE DENİZLİ DGKÇ - I EİH,,unchanged,
Hat,1868,400kV YATAĞAN TES - DENİZLİ4 EİH,,unchanged,
Hat,1869,400kV AFYON2 - RWE DENİZLİ DGKÇ EİH,,unchanged,
Hat,1871,154kV KEMER ANTALYA - FİNİKE EİH,,updated,Adı
Hat,1874,154kV ARDEŞEN - ÇAYELİ EİH,,unchanged,
Hat,1876,154kV KEMER ANTALYA - OVACIK HAVZA EİH,,updated,Adı
Hat,1877,154kV AŞKALE - AŞKALE ÇİMENTO EİH,,unchanged,
Hat,1878,154kV BAFRA - DERBENT HES EİH,,unchanged,
Hat,1879,154kV DERBENT HES - ALTINKAYA HES EİH,,unchanged,
Hat,1884,154kV VARSAK - AKORSAN - II EİH,,unchanged,
Hat,1885,400kV ALİAĞA2 - İZMİR DGKÇ - I EİH,,unchanged,
Hat,1886,400kV ALİAĞA2 - İZMİR DGKÇ - II EİH,,unchanged,
Hat,1891,154kV BAŞKALE - BAĞIŞLI EİH,,unchanged,
Hat,1893,154kV ALİAĞA BERGAMA RES - SEYİTALİ RES EİH,,unchanged,
Hat,1896,400kV BAŞPINAR OSB - ERZİN EİH,,unchanged,
Hat,1897,154kV KILAVUZLU - SIR HES EİH,,unchanged,
Hat,1901,400kV TİREBOLU - KALKANDERE EİH,,unchanged,
Hat,1903,400kV BORÇKA HES - KALKANDERE EİH,,unchanged,
Hat,1905,400kV ÇOBANBEYLİ - ANDIRIN EİH,,unchanged,
Hat,1906,400kV ÇARŞAMBA - BİLGİN SAMSUN DGKÇ EİH,,unchanged,
Hat,1908,400kV KAYABAŞI - ÇARŞAMBA EİH,,unchanged,
Hat,1910,154kV TATVAN - GARZAN HES EİH,,unchanged,
Hat,1914,400kV KURŞUNLU - KAYABAŞI EİH,,unchanged,
Hat,1917,154kV ADIYAMAN ÇİMENTO - ADIYAMAN EİH,,unchanged,
Hat,1920,400kV ÇARŞAMBA - HASAN UĞURLU HES - I EİH,,unchanged,
Hat,1922,400kV ÇARŞAMBA - HASAN UĞURLU HES - II EİH,,unchanged,
Hat,1923,400kV KURŞUNLU - BOYABAT HES EİH,,unchanged,
Hat,1926,154kV MURAT HES - ADIYAMAN ÇİMENTO EİH,,unchanged,
Hat,1929,400kV VAN2 - BAŞKALE EİH,,unchanged,
Hat,1934,154kV ADIYAMAN GÖLBAŞI - MALORSA EİH,,unchanged,
Hat,1936,154kV MUŞ - YURT ÇİMENTO EİH,,unchanged,
Hat,1941,154kV ADIYAMAN GÖLBAŞI - BİZNA HAVZA EİH,,unchanged,
Hat,1946,154kV SAMSUN3 - ÇARŞAMBA EİH,,unchanged,
Hat,1947,154kV AKÇAKALE - PEKMEZLİ EİH,,unchanged,
Hat,1949,154kV AKÇAKALE - YARDIMCI EİH,,unchanged,
Hat,1950,154kV AKÇAKALE - SURUÇ EİH,,unchanged,
Hat,1951,154kV ÇARŞAMBA - YAPRAK HES EİH,,unchanged,
Hat,1959,154kV KAŞ - FİNİKE EİH,,unchanged,
Hat,1960,400kV ATATÜRK HES - SIRRIN EİH,,unchanged,
Hat,1961,154kV GAZİPAŞA - KIZILDÜZ ŞAHMALLAR HES EİH,,updated,NORMAL İŞLETME DURUMU
Hat,1962,400kV ATATÜRK HES - HİLVAN EİH,,unchanged,
Hat,1968,154kV BATMAN2 - BATMAN1 - I EİH,,unchanged,
Hat,1971,154kV BATMAN1 - SİİRT ÇİMENTO KURTALAN EİH,,unchanged,
Hat,1972,400kV DİYARBAKIR3 - BATMAN2 EİH,,unchanged,
Hat,1973,154kV BATMAN2 - BATMAN HES EİH,,unchanged,
Hat,1976,154kV BATMAN HES - SİLVAN EİH,,unchanged,
Hat,1981,154kV GAZİPAŞA - MAHMUTLAR - I EİH,,unchanged,
Hat,1982,154kV FERROKROM - BİNGÖL EİH,,unchanged,
Hat,1986,400kV BEYKENT OSB - BİRECİK HES EİH,,unchanged,
Hat,1989,154kV LARA - KUNDU EİH,,unchanged,
Hat,1991,400kV ADANA - TOSYALI METALURJİ EİH,,unchanged,
Hat,1993,154kV SERİK - KUNDU EİH,,unchanged,
Hat,1995,154kV VARSAK - LARA - I EİH,,unchanged,
Hat,1996,400kV ADANA - SUGÖZÜ TES EİH,,unchanged,
Hat,1998,154kV MANAVGAT - YAVRUDOĞAN EİH,,unchanged,
Hat,1999,400kV ADANA - SANİBEY HES EİH,,unchanged,
Hat,2001,400kV KOZAN HAVZA - SANİBEY HES EİH,,unchanged,
Hat,2002,154kV OYMAPINAR HES - MANAVGAT - I EİH,,unchanged,
Hat,2004,400kV TOSÇELİK - BAŞTUĞ EİH,,unchanged,
Hat,2005,154kV MANAVGAT - MANAVGAT HES EİH,,unchanged,
Hat,2006,154kV AS ÇİMENTO - BUCAK EİH,,unchanged,
Hat,2007,154kV DİYARBAKIR3 - BİSMİL1 EİH,,unchanged,
Hat,2009,154kV BUCAK - BURDUR EİH,,unchanged,
Hat,2010,154kV OYMAPINAR HES - AKSEKİ EİH,,unchanged,
Hat,2011,154kV MALORSA - BİZNA HAVZA EİH,,unchanged,
Hat,2015,154kV PS3/A - CİZRE EİH,,unchanged,
Hat,2016,154kV PS4 - ÇAĞÇAĞ EİH,,unchanged,
Hat,2017,154kV ELBİSTAN TES - DARENDE EİH,,unchanged,
Hat,2023,400kV ERZİN - TOSÇELİK EİH,,unchanged,
Hat,2025,154kV TİREBOLU - VAKFIKEBİR EİH,,unchanged,
Hat,2026,400kV ERZİN - ANDIRIN EİH,,unchanged,
Hat,2028,154kV REFAHİYE - ÇAMOLUK EİH,,unchanged,
Hat,2029,400kV ERZİN - MMK METALURJİ EİH,,unchanged,
Hat,2030,400kV İSDEMİR TES - MMK METALURJİ EİH,,unchanged,
Hat,2034,154kV KEPEZ HES - MANCARLIK EİH,,unchanged,
Hat,2035,154kV KRALKIZI HES - DİCLE HES EİH,,unchanged,
Hat,2036,154kV GİRESUN - TİREBOLU - II EİH,,unchanged,
Hat,2038,154kV TİREBOLU - TRABZON EİH,,unchanged,
Hat,2040,400kV ÜMRANİYE - TEPEÖREN EİH,,unchanged,
Hat,2041,154kV DİYARBAKIR2 - DİYARBAKIR3 - III EİH,,unchanged,
Hat,2044,154kV DİYARBAKIR3 - DİYARBAKIR4 - I EİH,,removed-from-source,
Hat,2046,154kV DOĞUBAYAZIT - BAZARGAN (İRAN) EİH,,unchanged,
Hat,2048,400kV DİYARBAKIR3 - KARAKAYA HES - I EİH,,unchanged,
Hat,2050,154kV ELBİSTAN TES - DOĞANKÖY EİH,,unchanged,
Hat,2053,154kV TİREBOLU - DOĞANKENT HES EİH,,unchanged,
Hat,2054,154kV ELAZIĞ - HANKENDİ EİH,,unchanged,
Hat,2061,154kV TİREBOLU - AKKÖY - I EİH,,unchanged,
Hat,2062,154kV TİREBOLU - AKKÖY - II EİH,,unchanged,
Hat,2065,400kV ELBİSTAN TES - ÇOBANBEYLİ EİH,,unchanged,
Hat,2073,400kV ÇOBANBEYLİ - ELBİSTAN B TES - I EİH,,updated,NORMAL İŞLETME DURUMU
Hat,2075,400kV ÇOBANBEYLİ - ELBİSTAN B TES - III EİH,,unchanged,
Hat,2079,154kV KRALKIZI HES - ERGANİ ÇİMENTO EİH,,unchanged,
Hat,2088,154kV BAŞPINAR OSB - İBRAHİMLİ - I EİH,,unchanged,
Hat,2089,154kV BAŞPINAR OSB - İBRAHİMLİ - II EİH,,unchanged,
Hat,2091,154kV ÇİMKO - BAŞPINAR OSB EİH,,unchanged,
Hat,2095,154kV YEŞİLVADİ - KİLİS EİH,,unchanged,
Hat,2096,400kV HİLVAN - KARAKAYA HES EİH,,updated,Direk | Karakteristik | Pozitif Empedans (ohm) | Pozitif Kapasitans (μS) | Pozitif Reaktans (ohm) | Pozitif Rezistans (ohm) | Sıfır Empedans (ohm) | Sıfır Kapasitans (μS) | Sıfır Reaktans (ohm) | Sıfır Rezistans (ohm)
Hat,2097,154kV HİLVAN - KARAKEÇİLİ - I EİH,,unchanged,
Hat,2098,154kV HİLVAN - KARAKEÇİLİ - II EİH,,unchanged,
Hat,2101,154kV BARLA - EĞİRDİR EİH,,unchanged,
Hat,2102,154kV BUCAK - KARACAÖREN1 HES EİH,,unchanged,
Hat,2103,154kV BURDUR - KEÇİBORLU EİH,,unchanged,
Hat,2104,154kV BURDUR - ISPARTA EİH,,unchanged,
Hat,2105,154kV EĞİRDİR - KOVADA2 HES EİH,,unchanged,
Hat,2106,154kV ISPARTA - KULEÖNÜ EİH,,unchanged,
Hat,2108,154kV BARLA - KULEÖNÜ EİH,,unchanged,
Hat,2109,154kV KEÇİBORLU - DİNAR EİH,,unchanged,
Hat,2110,154kV ALBAY ÇİĞİLTEPE RES - DİNAR EİH,,unchanged,
Hat,2111,154kV BOZKURT - DİNAR EİH,,unchanged,
Hat,2112,154kV KARACAÖREN1 HES - KARACAÖREN2 HES EİH,,unchanged,
Hat,2118,154kV AFYON2 - ÇAYSEKA EİH,,unchanged,
Hat,2119,154kV ÇAYSEKA - EMİRDAĞ EİH,,unchanged,
Hat,2127,154kV ÇİVRİL - SANDIKLI EİH,,unchanged,
Hat,2130,66kV KOVADA2 HES - KOVADA1 HES EİH,,unchanged,
Hat,2133,154kV AKŞEHİR - ŞARKİKARAAĞAÇ EİH,,unchanged,
Hat,2134,154kV YUNAK - AKŞEHİR EİH,,unchanged,
Hat,2135,154kV AKŞEHİR - ÇAYSEKA EİH,,unchanged,
Hat,2137,154kV BEYŞEHİR - ILGIN EİH,,unchanged,
Hat,2142,154kV YATAĞAN TES - TAVAS EİH,,unchanged,
Hat,2146,154kV DENİZLİ4 - ACIPAYAM EİH,,unchanged,
Hat,2148,154kV DENİZLİ ÇİMENTO - ACARSOY DGKÇ EİH,,unchanged,
Hat,2149,154kV DENİZLİ4 - DENİZLİ2 EİH,,unchanged,
Hat,2151,154kV ISPARTA - GÖLTAŞ ÇİMENTO EİH,,unchanged,
Hat,2152,154kV ACIPAYAM - TEFENNİ EİH,,unchanged,
Hat,2153,154kV DENİZLİ ÇİMENTO - BOZKURT EİH,,unchanged,
Hat,2155,154kV ÇİVRİL - BOZKURT EİH,,unchanged,
Hat,2158,154kV ADIGÜZEL HES - ÇİVRİL EİH,,unchanged,
Hat,2159,154kV DENİZLİ2 - DENİZLİ3 EİH,,unchanged,
Hat,2160,154kV DENİZLİ3 - TAVAS EİH,,unchanged,
Hat,2164,154kV BAFRA - ALTINKAYA HES EİH,,unchanged,
Hat,2165,154kV KAYABAŞI - YENİDERE HAVZA - I EİH,,unchanged,
Hat,2166,154kV KAYABAŞI - YENİDERE HAVZA - II EİH,,unchanged,
Hat,2167,154kV AMASYA - KAYABAŞI EİH,,unchanged,
Hat,2168,154kV ÇORUM1 - KAYABAŞI EİH,,unchanged,
Hat,2171,154kV ÇORUM2 - KAYABAŞI EİH,,unchanged,
Hat,2172,154kV KURŞUNLU - SÖĞÜTSEN EİH,,unchanged,
Hat,2174,400kV ADA1 DGKÇ - ADA2 DGKÇ EİH,,unchanged,
Hat,2178,400kV PAŞAKÖY - ADA1 DGKÇ EİH,,unchanged,
Hat,2179,400kV ADA1 DGKÇ - TEMELLİ EİH,,unchanged,
Hat,2180,400kV ADA2 DGKÇ - OSMANCA EİH,,unchanged,
Hat,2182,400kV ADAPAZARI - ÇAYIRHAN TES EİH,,unchanged,
Hat,2183,400kV ADAPAZARI -> GÖYNÜK - AKSA GÖYNÜK TES EİH,,unchanged,
Hat,2184,400kV ADAPAZARI - OSMANCA EİH,,unchanged,
Hat,2189,400kV GÜRAĞAÇ - SEYİTÖMER TES EİH,,unchanged,
Hat,2197,400kV BURSA SANAYİ - KÖYLÜKÖY EİH,,updated,Direk
Hat,2201,400kV BURSA DGKÇ - BURSA SANAYİ EİH,,unchanged,
Hat,2204,400kV BURSA DGKÇ - BANDIRMA DGKÇ EİH,,unchanged,
Hat,2206,400kV İÇDAŞ - BEKİRLİ TES EİH,,unchanged,
Hat,2207,400kV UZUNDERE - GERMENCİK EİH,,unchanged,
Hat,2213,154kV ÇAYIRHAN TES - BEYPAZARI EİH,,unchanged,
Hat,2224,400kV SİNCAN - BAĞLUM EİH,,unchanged,
Hat,2226,154kV SİNCAN - BALGAT EİH,,unchanged,
Hat,2227,154kV SİNCAN - ÜMİTKÖY EİH,,unchanged,
Hat,2239,154kV TEMELLİ - BAYMİNA DGKÇ - III EİH,,unchanged,
Hat,2240,154kV TEMELLİ - BAYMİNA DGKÇ - I EİH,,unchanged,
Hat,2242,154kV TEMELLİ - ÜMİTKÖY - II EİH,,unchanged,
Hat,2243,154kV TEMELLİ - BAYMİNA DGKÇ - II EİH,,unchanged,
Hat,2245,154kV BAĞLUM - HASKÖY - I EİH,,unchanged,
Hat,2247,154kV BAĞLUM - ESENBOĞA - I EİH,,unchanged,
Hat,2248,154kV BAĞLUM - ESENBOĞA - II EİH,,unchanged,
Hat,2249,154kV BAĞLUM - HASKÖY - II EİH,,unchanged,
Hat,2255,154kV ANKARA SANAYİ - MACUNKÖY EİH,,unchanged,
Hat,2256,154kV ANKARA SANAYİ - OSTİM OSB EİH,,unchanged,
Hat,2257,154kV BALGAT - MALTEPE EİH,,unchanged,
Hat,2259,154kV BAŞTAŞ - KIRIKKALE EİH,,unchanged,
Hat,2261,154kV BEYLİKKÖPRÜ - POLATLI EİH,,unchanged,
Hat,2262,154kV BEYPAZARI - ETİ SODA EİH,,unchanged,
Hat,2265,154kV HACILAR - KAPULUKAYA HES EİH,,unchanged,
Hat,2268,154kV KALECİK - KIRIKKALE EİH,,unchanged,
Hat,2270,154kV KIRIKKALE - ÇİMPOR EİH,,unchanged,
Hat,2274,154kV MAMAK - HASKÖY EİH,,unchanged,
Hat,2277,154kV KIRIKKALE -> KIZILIRMAK - KESİKKÖPRÜ HES EİH,,unchanged,
Hat,2283,154kV KAYSERİ KAPASİTÖR - KAYSERİ2 - I EİH,,unchanged,
Hat,2284,154kV KAYSERİ KAPASİTÖR - KAYSERİ2 - II EİH,,unchanged,
Hat,2285,154kV KAYSERİ KAPASİTÖR - KAYSERİ2 - III EİH,,unchanged,
Hat,2287,154kV KAYSERİ KAPASİTÖR - SIZIR EİH,,unchanged,
Hat,2290,154kV KAYSERİ2 - KAYSERİ3 EİH,,unchanged,
Hat,2291,154kV KAYSERİ2 - ÇİNKUR EİH,,unchanged,
Hat,2295,154kV KAYSERİ3 - ÇİNKUR EİH,,unchanged,
Hat,2297,154kV KARATAY - ÇUMRA EİH,,unchanged,
Hat,2300,154kV KARATAY - KAYACIK - I EİH,,unchanged,
Hat,2301,154kV KARATAY - KAYACIK - II EİH,,unchanged,
Hat,2302,154kV KARATAY - KIZÖREN EİH,,unchanged,
Hat,2306,154kV EREĞLİ - KARAPINAR EİH,,unchanged,
Hat,2308,154kV ALİBEY HÖYÜĞÜ - ÇUMRA EİH,,unchanged,
Hat,2310,154kV ÇUMRA - GÜNEYSINIR EİH,,unchanged,
Hat,2317,400kV YEŞİLHİSAR - TEMELLİ - GÜNEY EİH,,unchanged,
Hat,2318,400kV YEŞİLHİSAR - TEMELLİ - KUZEY EİH,,unchanged,
Hat,2321,154kV YEŞİLHİSAR - ÇAMLICA1 HES EİH,,unchanged,
Hat,2322,154kV YEŞİLHİSAR - DERİNKUYU EİH,,unchanged,
Hat,2323,154kV YEŞİLHİSAR - NİĞDE EİH,,unchanged,
Hat,2324,154kV YEŞİLHİSAR - SENDİREMEKE EİH,,unchanged,
Hat,2325,154kV AKDAĞ MADENİ - SIZIR EİH,,unchanged,
Hat,2326,154kV BOĞAZLIYAN - KALABA EİH,,unchanged,
Hat,2334,154kV BOR - NİĞDE OSB EİH,,unchanged,
Hat,2336,154kV CİHANBEYLİ - KULU EİH,,unchanged,
Hat,2338,154kV ÇİNKUR - YAMULA HES EİH,,unchanged,
Hat,2340,154kV DERİNKUYU - MİSLİOVA EİH,,unchanged,
Hat,2341,154kV KIRŞEHİR - PETLAS EİH,,unchanged,
Hat,2343,154kV MİSLİOVA - NİĞDE EİH,,unchanged,
Hat,2344,154kV NİĞDE - NİĞDE OSB EİH,,unchanged,
Hat,2346,154kV ŞARKIŞLA - SIZIR EİH,,unchanged,
Hat,2351,154kV YİBİTAŞ - YOZGAT EİH,,unchanged,
Hat,2360,154kV DDY A.PINARBAŞI - KARATAY EİH,,unchanged,
Hat,2363,154kV BOĞAZLIYAN - SORGUN EİH,,unchanged,
Hat,2383,154kV ÇAMLICA1 HES - AKSU RES EİH,,unchanged,
Hat,2384,154kV ÇAMLICA1 HES - ÇAMLICA3 HES EİH,,unchanged,
Hat,2385,154kV KEPEZKAYA HAVZA - KEPEZKAYA HES EİH,,unchanged,
Hat,2386,154kV BEYLİKKÖPRÜ - DDY SAZAK EİH,,unchanged,
Hat,2387,154kV BEYLİKKÖPRÜ - DDY BEYLİKKÖPRÜ EİH,,unchanged,
Hat,2390,400kV ÜMRANİYE - KÜÇÜKBAKKALKÖY EİH,,unchanged,
Hat,2391,400kV ESKİŞEHİR3 - GÖKÇEKAYA HES EİH,,unchanged,
Hat,2393,400kV OSMANCA - SİNCAN EİH,,unchanged,
Hat,2394,400kV OSMANCA - KURŞUNLU EİH,,unchanged,
Hat,2395,154kV KADINCIK1 HES - TOROSLAR EİH,,unchanged,
Hat,2396,154kV KADINCIK1 HES - KADINCIK2 HES EİH,,updated,Direk | Karakteristik | Pozitif Empedans (ohm) | Pozitif Kapasitans (μS) | Pozitif Reaktans (ohm) | Sıfır Empedans (ohm) | Sıfır Kapasitans (μS) | Sıfır Reaktans (ohm) | Sıfır Rezistans (ohm)
Hat,2401,154kV YAKAKÖY - ÇİMSA EİH,,unchanged,
Hat,2406,400kV YENİKÖY TES - GERMENCİK EİH,,unchanged,
Hat,2407,154kV TARSUS - ZEYTİNLİ EİH,,unchanged,
Hat,2408,154kV AKDAĞ MADENİ - ARTOVA ÇİMENTO EİH,,unchanged,
Hat,2409,154kV TARSUS - KARAHAN EİH,,unchanged,
Hat,2411,400kV IŞIKLAR - MORSAN EİH,,unchanged,
Hat,2414,154kV MERSİN2 - AKBELEN EİH,,unchanged,
Hat,2417,400kV IŞIKLAR - YATAĞAN TES EİH,,unchanged,
Hat,2418,154kV MERSİN2 - ERDEMLİ - I EİH,,unchanged,
Hat,2419,400kV İÇDAŞ - BANDIRMA DGKÇ EİH,,unchanged,
Hat,2420,400kV KEMERKÖY TES - YATAĞAN TES EİH,,unchanged,
Hat,2422,400kV KEMERKÖY TES - YENİKÖY TES EİH,,unchanged,
Hat,2430,154kV ANAMUR - OTLUCA EİH,,unchanged,
Hat,2431,154kV GEZENDE HES - MERSİN RES EİH,,unchanged,
Hat,2434,154kV BİRKAPILI HES - DAĞPAZARI RES EİH,,unchanged,
Hat,2437,154kV KARAHAN - YENİ ŞEHİTLİK - I EİH,,unchanged,
Hat,2440,154kV KARAHAN - KARAİSALI EİH,,unchanged,
Hat,2444,154kV SEYHAN HES - YÜREĞİR EİH,,updated,Direk
Hat,2445,154kV CEYHAN1 - YÜREĞİR EİH,,updated,Direk | Karakteristik | Pozitif Empedans (ohm) | Pozitif Kapasitans (μS) | Pozitif Reaktans (ohm) | Pozitif Rezistans (ohm) | Sıfır Empedans (ohm) | Sıfır Kapasitans (μS) | Sıfır Reaktans (ohm) | Sıfır Rezistans (ohm) | Toplam Uzunluk (km)
Hat,2446,154kV SUŞEHRİ - KOYULHİSAR HES EİH,,unchanged,
Hat,2448,154kV SUŞEHRİ - REFAHİYE EİH,,unchanged,
Hat,2449,154kV CEYHAN1 - MİSİS EİH,,unchanged,
Hat,2450,154kV CEYHAN2 - MİSİS EİH,,unchanged,
Hat,2451,154kV CEYHAN1 - CEYHAN2 EİH,,updated,Direk | Karakteristik | Pozitif Empedans (ohm) | Pozitif Kapasitans (μS) | Pozitif Reaktans (ohm) | Pozitif Rezistans (ohm) | Sıfır Empedans (ohm) | Sıfır Kapasitans (μS) | Sıfır Reaktans (ohm) | Sıfır Rezistans (ohm) | Toplam Uzunluk (km)
Hat,2452,154kV ALMUS HES - TOKAT OSB EİH,,unchanged,
Hat,2455,154kV ADANA - KARAHAN EİH,,unchanged,
Hat,2456,154kV CİHADİYE - KARAHAN EİH,,unchanged,
Hat,2457,154kV ADANA - CİHADİYE - I EİH,,unchanged,
Hat,2459,154kV CİHADİYE - İNCİRLİK EİH,,unchanged,
Hat,2461,154kV İNCİRLİK - GÜNEY ADANA EİH,,unchanged,
Hat,2463,154kV YUMURTALIK - GÜNEY ADANA - I EİH,,unchanged,
Hat,2465,400kV YATAĞAN TES - YENİKÖY TES EİH,,unchanged,
Hat,2467,154kV KASTAMONU - TAŞKÖPRÜ EİH,,unchanged,
Hat,2468,154kV TAŞKÖPRÜ - BOYABAT EİH,,unchanged,
Hat,2469,154kV TATVAN - MUŞ EİH,,unchanged,
Hat,2471,154kV IĞDIR - NARİNKALE HAVZA EİH,,unchanged,
Hat,2472,154kV KARS - NARİNKALE HAVZA EİH,,unchanged,
Hat,2478,154kV KÜRTÜN HES - AKKÖY EİH,,unchanged,
Hat,2479,400kV UZUNDERE - ÇEŞME EİH,,unchanged,
Hat,2480,154kV TOKAT - TOKAT OSB EİH,,unchanged,
Hat,2483,154kV TORUL HES - AKKÖY EİH,,unchanged,
Hat,2484,154kV ADİLCEVAZ - BULANIK EİH,,unchanged,
Hat,2487,154kV TOKAT OSB - KİLLİK RES EİH,,unchanged,
Hat,2488,154kV TOKAT OSB - ARTOVA ÇİMENTO EİH,,unchanged,
Hat,2490,154kV CEYHAN1 - YUMURTALIK EİH,,updated,Direk | Karakteristik | Pozitif Empedans (ohm) | Pozitif Kapasitans (μS) | Pozitif Reaktans (ohm) | Pozitif Rezistans (ohm) | Sıfır Empedans (ohm) | Sıfır Kapasitans (μS) | Sıfır Reaktans (ohm) | Sıfır Rezistans (ohm)
Hat,2494,154kV BERKE HES - CEYHAN2 EİH,,unchanged,
Hat,2496,154kV CİHADİYE - MENTAŞ HES EİH,,unchanged,
Hat,2500,154kV SİVRİHİSAR - EMİRDAĞ EİH,,unchanged,
Hat,2504,154kV TORUL HES - BÜYÜKDÜZ HAVZA EİH,,unchanged,
Hat,2505,400kV TEPEÖREN - PAŞAKÖY EİH,,unchanged,
Hat,2510,154kV ARSİN - TRABZON EİH,,unchanged,
Hat,2514,154kV ADAPAZARI - HENDEK EİH,,unchanged,
Hat,2520,154kV ADAPAZARI - KUZULUK EİH,,unchanged,
Hat,2522,154kV ADAPAZARI - PAMUKOVA EİH,,unchanged,
Hat,2525,154kV ADAPAZARI - TOYOTASA EİH,,unchanged,
Hat,2526,154kV ADAPAZARI - YARIMCA2 EİH,,unchanged,
Hat,2528,154kV TUNÇBİLEK-A TES - TUNÇBİLEK-B TES - I EİH,,unchanged,
Hat,2529,154kV GÜRAĞAÇ - TUNÇBİLEK-B TES EİH,,unchanged,
Hat,2535,154kV OSMANCA - AKÇAKOCA EİH,,unchanged,
Hat,2537,154kV SİMAV - GEDİZ EİH,,unchanged,
Hat,2539,154kV ÜMRANİYE - SELİMİYE EİH,,unchanged,
Hat,2541,154kV GÖRÜKLE - AKÇALAR EİH,,unchanged,
Hat,2544,154kV AKÇALAR - ULUABAT HES EİH,,unchanged,
Hat,2546,154kV YALOVA - AKSA YALOVA DGKÇ EİH,,unchanged,
Hat,2548,154kV KÖSEKÖY - ARSLANBEY EİH,,unchanged,
Hat,2561,154kV PAŞAKÖY - BÜYÜKBAKKALKÖY - I EİH,,unchanged,
Hat,2563,154kV PAŞAKÖY - BÜYÜKBAKKALKÖY - II EİH,,unchanged,
Hat,2564,154kV BÜYÜKBAKKALKÖY - SOĞANLIK EİH,,unchanged,
Hat,2566,400kV ÇOBANBEYLİ - ELBİSTAN B TES - II EİH,,unchanged,
Hat,2567,400kV ÇOBANBEYLİ - ELBİSTAN B TES - IV EİH,,unchanged,
Hat,2568,400kV SIRRIN - ELGÜN EİH,,unchanged,
Hat,2570,154kV ARSİN - İYİDERE EİH,,unchanged,
Hat,2571,154kV OSMANCA - MELEN EİH,,unchanged,
Hat,2572,154kV ARSİN - VAKFIKEBİR EİH,,unchanged,
Hat,2576,400kV BAĞLUM - KAYABAŞI EİH,,unchanged,
Hat,2579,400kV TEKİRDAĞ DGKÇ A - KAPTANÇELİK EİH,,unchanged,
Hat,2581,400kV TEKİRDAĞ DGKÇ A - HABİBLER EİH,,unchanged,
Hat,2582,154kV ÇORUM2 - ALACA EİH,,unchanged,
Hat,2585,154kV ALACA - SUNGURLU OSB EİH,,unchanged,
Hat,2587,154kV KÜÇÜKBAKKALKÖY - BÜYÜKBAKKALKÖY - I EİH,,unchanged,
Hat,2588,154kV KÜÇÜKBAKKALKÖY - BÜYÜKBAKKALKÖY - II EİH,,unchanged,
Hat,2592,154kV GÜRAĞAÇ - KÜTAHYA EİH,,removed-from-source,
Hat,2593,154kV BURSA SANAYİ - BEŞEVLER - I EİH,,unchanged,
Hat,2594,400kV HAMİTABAT DGKÇ - BABAESKİ EİH,,unchanged,
Hat,2596,154kV BEYLİKKÖPRÜ - SİVRİHİSAR EİH,,unchanged,
Hat,2601,154kV GERKONSAN - BOLU ÇİMENTO EİH,,unchanged,
Hat,2602,400kV HAMİTABAT DGKÇ - KAPTANÇELİK EİH,,unchanged,
Hat,2606,154kV HAMİTABAT DGKÇ - LÜLEBURGAZ EİH,,unchanged,
Hat,2607,154kV BOLU2 - BOLU ÇİMENTO EİH,,unchanged,
Hat,2609,154kV BOLU2 - KÖPRÜBAŞI HES EİH,,unchanged,
Hat,2610,154kV BURSA SANAYİ - BOSEN EİH,,unchanged,
Hat,2611,154kV BOSEN - DEMİRTAŞ EİH,,unchanged,
Hat,2613,154kV BOZÜYÜK - METRİSTEPE RES EİH,,unchanged,
Hat,2616,154kV SÖĞÜT - BOZÜYÜK EİH,,unchanged,
Hat,2625,154kV HASAN ÇELEBİ - MALATYA EİH,,unchanged,
Hat,2631,154kV ELAZIĞ -> KEBAN ŞALT - KEBAN TRAFO EİH,,unchanged,
Hat,2633,154kV ORDU - ÜNYE EİH,,unchanged,
Hat,2635,154kV BOYABAT - VEZİRKÖPRÜ EİH,,unchanged,
Hat,2640,154kV TUZLA - KROMANÇELİK EİH,,unchanged,
Hat,2645,154kV BURSA DGKÇ - DEMİRTAŞ - I EİH,,unchanged,
Hat,2661,154kV SOĞANLIK - KARTAL EİH,,unchanged,
Hat,2663,154kV KARASU - MELEN EİH,,unchanged,
Hat,2677,154kV ŞİLE - İSAKÖY EİH,,unchanged,
Hat,2681,154kV VARSAK - AKORSAN - I EİH,,unchanged,
Hat,2693,154kV HAZAR1 - HAZAR2 EİH,,unchanged,
Hat,2695,400kV KAYSERİ KAPASİTÖR - ELBİSTAN TES  EİH,,unchanged,
Hat,2697,154kV ÇAYELİ - UZUNDERE1 HES EİH,,unchanged,
Hat,2699,154kV GÜRAĞAÇ - ETİ GÜMÜŞ EİH,,unchanged,
Hat,2700,154kV KÜTAHYA - ETİ GÜMÜŞ EİH,,removed-from-source,
Hat,2702,154kV GÖZTEPE - KÜÇÜKBAKKALKÖY EİH,,unchanged,
Hat,2704,154kV KÖSEKÖY - GÖLCÜK EİH,,unchanged,
Hat,2705,154kV DEVECİ KONAĞI - GÖBEL EİH,,unchanged,
Hat,2706,154kV MUSTAFAKEMALPAŞA - GÖBEL EİH,,unchanged,
Hat,2707,154kV KARACABEY - GÖBEL EİH,,unchanged,
Hat,2713,154kV DİYARBAKIR3 - KARAKAYA HES EİH,,unchanged,
Hat,2717,154kV ETİLER - VANİKÖY EİH,,unchanged,
Hat,2719,154kV ESKİŞEHİR2 - YENİCE HES EİH,,unchanged,
Hat,2721,154kV ESKİŞEHİR2 - ESKİŞEHİR3 EİH,,unchanged,
Hat,2729,154kV BERKE HES - OSMANİYE OSB - I EİH,,unchanged,
Hat,2730,154kV BERKE HES - MİSİS EİH,,unchanged,
Hat,2731,154kV BERKE HES - OŞKAN HES EİH,,unchanged,
Hat,2732,154kV BERKE HES - SIR HES - II EİH,,unchanged,
Hat,2733,154kV BERKE HES - SIR HES - I EİH,,unchanged,
Hat,2734,154kV BAHÇE - BERKE HES - I EİH,,unchanged,
Hat,2735,154kV BAHÇE - BERKE HES - II EİH,,updated,Direk
Hat,2737,154kV KADİRLİ - OŞKAN HES EİH,,unchanged,
Hat,2738,154kV BERKMAN HES - OŞKAN HES EİH,,unchanged,
Hat,2739,154kV İKİZLER - OSMANİYE OSB EİH,,removed-from-source,
Hat,2740,154kV KOÇÇELİK - OSMANİYE OSB EİH,,unchanged,
Hat,2741,154kV ERZİN - İKİZLER - I EİH,,unchanged,
Hat,2742,154kV ERZİN - İKİZLER - II EİH,,unchanged,
Hat,2743,154kV YUMURTALIK - SUGÖZÜ TES - II EİH,,unchanged,
Hat,2745,154kV ERZİN - PAYAS - I EİH,,updated,Direk
Hat,2746,154kV ERZİN - PAYAS - II EİH,,updated,Direk
Hat,2747,154kV ERZİN - OSMANİYE - I EİH,,unchanged,
Hat,2748,154kV ERZİN - OSMANİYE - II EİH,,removed-from-source,
Hat,2749,154kV ERZİN - İSKENDERUN2 - I EİH,,unchanged,
Hat,2750,154kV ERZİN - İSKENDERUN2 - II EİH,,unchanged,
Hat,2752,154kV PAYAS - PAYAS TCDD EİH,,unchanged,
Hat,2755,154kV PAYAS - İSDEMİR TES - II EİH,,unchanged,
Hat,2759,154kV ÇAYCUMA - OYKA EİH,,unchanged,
Hat,2764,154kV ÇİFTELER - KIRKA EİH,,unchanged,
Hat,2765,154kV İSKENDERUN2 - PAYAS EİH,,unchanged,
Hat,2766,154kV ÇOLAKOĞLU - DİLİSKELESİ GİS - I EİH,,unchanged,
Hat,2767,154kV ÇOLAKOĞLU - DİLİSKELESİ GİS - II EİH,,unchanged,
Hat,2770,154kV KROMANÇELİK - ÇOLAKOĞLU EİH,,unchanged,
Hat,2772,154kV ANTAKYA2 - ATİK RES EİH,,unchanged,
Hat,2774,154kV İSKENDERUN2 - İSKENDERUN3 EİH,,unchanged,
Hat,2778,154kV HATAY - ZİYARET RES EİH,,unchanged,
Hat,2780,154kV OSMANİYE - OSMANİYE TCDD EİH,,unchanged,
Hat,2783,154kV BAHÇE - HASANBEYLİ RES EİH,,unchanged,
Hat,2784,154kV BAHÇE - GÖKÇEDAĞ RES - I EİH,,unchanged,
Hat,2785,154kV BAHÇE - GÖKÇEDAĞ RES - II EİH,,unchanged,
Hat,2786,154kV SIR HES - ANDIRIN EİH,,unchanged,
Hat,2788,154kV ANDIRIN - FEKE HAVZA - I EİH,,unchanged,
Hat,2789,154kV ANDIRIN - FEKE HAVZA - II EİH,,unchanged,
Hat,2791,154kV ANDIRIN - KARGILIK HES EİH,,updated,Direk | Karakteristik | Pozitif Empedans (ohm) | Pozitif Kapasitans (μS) | Pozitif Reaktans (ohm) | Pozitif Rezistans (ohm) | Sıfır Empedans (ohm) | Sıfır Kapasitans (μS) | Sıfır Reaktans (ohm) | Sıfır Rezistans (ohm) | Toplam Uzunluk (km)
Hat,2792,154kV KARGILIK HES - ANDIRIN HES EİH,,unchanged,
Hat,2794,154kV FEKE HAVZA - FEKE2 HES EİH,,unchanged,
Hat,2795,154kV MENGE HES - FEKE HAVZA EİH,,unchanged,
Hat,2796,154kV FEKE HAVZA - YAMANLI3 HES EİH,,unchanged,
Hat,2797,154kV MENGE HES - KÖPRÜ HES EİH,,unchanged,
Hat,2798,154kV KOZAN HAVZA - KÖPRÜ HES - I EİH,,unchanged,
Hat,2799,154kV KOZAN HAVZA - KÖPRÜ HES - II EİH,,unchanged,
Hat,2809,66kV BATI ADANA - SEYHAN HES - I EİH,,unchanged,
Hat,2810,66kV BATI ADANA - SEYHAN HES - II EİH,,unchanged,
Hat,2814,154kV İNCİRLİK - ADANA ÇİMENTO EİH,,unchanged,
Hat,2828,154kV PAŞAKÖY - DUDULLU EİH,,unchanged,
Hat,2829,154kV TEPEÖREN - DUDULLU EİH,,unchanged,
Hat,2831,154kV GÜRAĞAÇ - DURSUNBEY EİH,,unchanged,
Hat,2832,154kV GÜRAĞAÇ - POLAT TES EİH,,unchanged,
Hat,2836,154kV ERDEMİR1 - ERDEMİR2 EİH,,unchanged,
Hat,2839,154kV BÖLÜCEK - ERDEMİR1 EİH,,unchanged,
Hat,2840,154kV BÖLÜCEK - ERDEMİR2 EİH,,unchanged,
Hat,2842,154kV HAMİTABAT DGKÇ - ULAŞ EİH,,unchanged,
Hat,2844,154kV BABAESKİ - UZUNKÖPRÜ EİH,,unchanged,
Hat,2846,154kV BABAESKİ - PINARHİSAR EİH,,unchanged,
Hat,2847,154kV TEKİRDAĞ DGKÇ B - BOTAŞ EİH,,unchanged,
Hat,2848,154kV TEKİRDAĞ DGKÇ B - TEGESAN EİH,,unchanged,
Hat,2852,154kV BOTAŞ - TEGESAN EİH,,unchanged,
Hat,2855,154kV TEPEÖREN - GEBZE OSB - I EİH,,unchanged,
Hat,2856,154kV BÜYÜKÇEKMECE - AKÇANSA - I EİH,,unchanged,
Hat,2858,154kV TEPEÖREN - GEBZE OSB - II EİH,,unchanged,
Hat,2861,154kV YARIMCA1 - TÜPRAŞ - I EİH,,unchanged,
Hat,2862,400kV ZEKERİYAKÖY - PAŞAKÖY EİH,,unchanged,
Hat,2866,154kV BÜYÜKKARIŞTIRAN - ZORLU ENERJİ DGKÇ EİH,,unchanged,
Hat,2867,154kV BÜYÜKKARIŞTIRAN - CAN ENERJİ DGKÇ EİH,,unchanged,
Hat,2868,400kV HABİBLER - ADA2 DGKÇ EİH,,updated,Direk | Karakteristik
Hat,2871,154kV KÖSEKÖY - ENTEK KÖSEKÖY EİH,,unchanged,
Hat,2873,154kV ŞIRNAK - ULUDERE EİH,,unchanged,
Hat,2874,154kV ŞIRNAK - SİLOPİ TES EİH,,unchanged,
Hat,2875,154kV ŞIRNAK - PS3 EİH,,unchanged,
Hat,2878,154kV BÖLÜCEK - KOZLU EİH,,unchanged,
Hat,2879,154kV DODAN - SİİRT EİH,,unchanged,
Hat,2881,154kV BÜYÜKKARIŞTIRAN - DELTA ENERJİ DGKÇ EİH,,unchanged,
Hat,2882,400kV ALİBEYKÖY - BEYKOZ EİH,,unchanged,
Hat,2884,154kV KARAMAN - GEZENDE HES EİH,,unchanged,
Hat,2885,400kV KÜÇÜKBAKKALKÖY - MALTEPE EİH,,unchanged,
Hat,2891,154kV PS3/A - PS4 EİH,,unchanged,
Hat,2894,154kV TUNÇBİLEK-A TES - TUNÇBİLEK-B TES - II EİH,,unchanged,
Hat,2895,154kV ÇERKEZKÖY - ÇERKEZKÖY OSB EİH,,unchanged,
Hat,2896,154kV MARDİN1 - MARDİN ÇİMENTO EİH,,unchanged,
Hat,2897,154kV TEKİRDAĞ DGKÇ B - ÇERKEZKÖY OSB EİH,,unchanged,
Hat,2903,400kV ATATÜRK HES - YEŞİLHİSAR - I (KUZEY) EİH,,unchanged,
Hat,2904,154kV DİYARBAKIR2 - DİYARBAKIR1 EİH,,unchanged,
Hat,2905,400kV ATATÜRK HES - YEŞİLHİSAR - II (GÜNEY) EİH,,unchanged,
Hat,2906,154kV SİLVAN - LİCE EİH,,unchanged,
Hat,2907,154kV LİCE - KULP1 HES EİH,,unchanged,
Hat,2909,154kV KARAKEÇİLİ - SİVEREK EİH,,unchanged,
Hat,2910,154kV KARACADAĞ PS - KARAKEÇİLİ EİH,,unchanged,
Hat,2923,154kV TEKİRDAĞ - TEGESAN EİH,,unchanged,
Hat,2924,154kV LÜLEBURGAZ - ZORLU ENERJİ DGKÇ EİH,,unchanged,
Hat,2927,154kV ULAŞ - MODERN ENERJİ DGKÇ - I EİH,,unchanged,
Hat,2928,154kV ULAŞ - MODERN ENERJİ DGKÇ - II EİH,,unchanged,
Hat,2929,154kV BÜYÜKÇEKMECE - AKÇANSA - II EİH,,unchanged,
Hat,2939,154kV CİDE - KÜRE EİH,,unchanged,
Hat,2940,154kV KOYULHİSAR HES - YEŞİL HES EİH,,unchanged,
Hat,2948,154kV SURUÇ - ŞANLIURFA OSB EİH,,unchanged,
Hat,2960,154kV SIRRIN - ŞANLIURFA EİH,,unchanged,
Hat,2964,400kV ADANA -> EREĞLİ - SEYDİŞEHİR EİH,,unchanged,
Hat,2965,154kV ÇORUM1 - ÇORUM2 EİH,,unchanged,
Hat,2970,154kV KEŞAN - ENEZ EİH,,unchanged,
Hat,2972,154kV KUMLİMANI - BURGAZ RES EİH,,unchanged,
Hat,2974,154kV PAŞAKÖY - CUMHURİYET - I EİH,,unchanged,
Hat,2975,154kV EDİRNE ÇİMENTO - KIRKLARELİ EİH,,removed-from-source,
Hat,2976,154kV PAŞAKÖY - CUMHURİYET - II EİH,,unchanged,
Hat,2977,154kV KIRKLARELİ - KIRKLARELİ DGKÇ EİH,,removed-from-source,
Hat,2978,154kV CAN ENERJİ DGKÇ - MARMARA PAMUKLU DGKÇ EİH,,unchanged,
Hat,2980,400kV İSTANBUL DGKÇ (A) - İSTANBUL F.OİL DGKÇ (B) EİH,,unchanged,
Hat,2988,154kV KILAVUZLU - KILILI EİH,,unchanged,
Hat,2990,154kV KAHRAMANMARAŞ - MENZELET HES EİH,,unchanged,
Hat,2999,154kV PS3 - SİLOPİ TES EİH,,unchanged,
Hat,3002,154kV SİİRT - SİİRT ÇİMENTO KURTALAN EİH,,unchanged,
Hat,3003,154kV ŞANLIURFA - YARDIMCI EİH,,unchanged,
Hat,3005,154kV TUNCELİ - MERCAN HES EİH,,unchanged,
Hat,3006,154kV İSTANBUL DGKÇ (A) - AMBARLI TM EİH,,unchanged,
Hat,3007,154kV İSTANBUL DGKÇ (A) - İSTANBUL F.OİL DGKÇ (B) - I EİH,,unchanged,
Hat,3008,154kV İSTANBUL DGKÇ (A) - İSTANBUL F.OİL DGKÇ (B) - II EİH,,unchanged,
Hat,3011,154kV İSTANBUL DGKÇ (A) - YENİBOSNA EİH,,unchanged,
Hat,3017,154kV KESİKKÖPRÜ HES -> ATAKALE RES - KIZILIRMAK EİH,,unchanged,
Hat,3018,154kV KESİKKÖPRÜ HES -> KIRIKKALE - KIZILIRMAK EİH,,unchanged,
Hat,3019,154kV AŞKALE - TERCAN EİH,,unchanged,
Hat,3020,154kV CEVİZLİK HES - YOKUŞLU HES EİH,,unchanged,
Hat,3023,154kV OLTU - OLUR HAVZA EİH,,unchanged,
Hat,3029,154kV İSTANBUL DGKÇ (A) - BEYLİKDÜZÜ - II EİH,,unchanged,
Hat,3031,154kV AMBARLI TM - İSTANBUL F.OİL DGKÇ (B) EİH,,unchanged,
Hat,3038,400kV ALİBEYKÖY - ATIŞALANI EİH,,updated,Direk | Karakteristik | Pozitif Empedans (ohm) | Pozitif Kapasitans (μS) | Pozitif Reaktans (ohm) | Sıfır Empedans (ohm) | Sıfır Kapasitans (μS) | Sıfır Reaktans (ohm) | Sıfır Rezistans (ohm)
Hat,3039,400kV ALİBEYKÖY - YILDIZTEPE EİH,,unchanged,
Hat,3040,154kV ALİBEYKÖY - YILDIZTEPE - I EİH,,unchanged,
Hat,3041,154kV ALİBEYKÖY - YILDIZTEPE - II EİH,,unchanged,
Hat,3042,154kV ALİBEYKÖY - ETİLER EİH,,unchanged,
Hat,3043,154kV ALİBEYKÖY - MASLAK - I EİH,,unchanged,
Hat,3044,154kV ALİBEYKÖY - MASLAK - II EİH,,unchanged,
Hat,3051,400kV ATIŞALANI - İKİTELLİ EİH,,updated,Direk | Karakteristik | Pozitif Empedans (ohm) | Pozitif Kapasitans (μS) | Pozitif Reaktans (ohm) | Pozitif Rezistans (ohm) | Sıfır Empedans (ohm) | Sıfır Kapasitans (μS) | Sıfır Reaktans (ohm) | Sıfır Rezistans (ohm)
Hat,3053,154kV ATIŞALANI - İKİTELLİ - II EİH,,unchanged,
Hat,3054,154kV ATIŞALANI - BAĞCILAR EİH,,unchanged,
Hat,3058,154kV KÜRE - İNEBOLU EİH,,unchanged,
Hat,3061,400kV DAVUTPAŞA - YENİBOSNA EİH,,unchanged,
Hat,3063,154kV DAVUTPAŞA - TOPKAPI - I EİH,,unchanged,
Hat,3064,154kV DAVUTPAŞA - VELİEFENDİ EİH,,updated,NORMAL İŞLETME DURUMU
Hat,3066,154kV DAVUTPAŞA - BAĞCILAR EİH,,unchanged,
Hat,3067,400kV İKİTELLİ - HABİBLER EİH,,unchanged,
Hat,3068,154kV İKİTELLİ - SULTANMURAT EİH,,unchanged,
Hat,3069,154kV İKİTELLİ - BAĞCILAR EİH,,unchanged,
Hat,3070,154kV İKİTELLİ - YENİBOSNA - I EİH,,unchanged,
Hat,3071,154kV İKİTELLİ - YENİBOSNA - II EİH,,unchanged,
Hat,3072,400kV HABİBLER - ZEKERİYAKÖY EİH,,unchanged,
Hat,3077,154kV ÇORUM2 - OBRUK HES - I EİH,,unchanged,
Hat,3078,154kV ÇORUM2 - OBRUK HES - II EİH,,unchanged,
Hat,3084,154kV YILDIZTEPE - BAĞCILAR EİH,,unchanged,
Hat,3086,154kV YILDIZTEPE - ŞİŞLİ EİH,,unchanged,
Hat,3087,154kV YILDIZTEPE - KASIMPAŞA EİH,,unchanged,
Hat,3089,154kV YILDIZTEPE - ALTINTEPE EİH,,unchanged,
Hat,3090,154kV ZEKERİYAKÖY - MASLAK - I EİH,,unchanged,
Hat,3091,154kV ZEKERİYAKÖY - MASLAK - II EİH,,unchanged,
Hat,3095,154kV BAĞCILAR - BAHÇELİEVLER EİH,,unchanged,
Hat,3096,154kV YENİBOSNA - VELİEFENDİ EİH,,unchanged,
Hat,3097,154kV YENİBOSNA - BAHÇELİEVLER EİH,,unchanged,
Hat,3098,154kV VELİEFENDİ - YENİKAPI EİH,,unchanged,
Hat,3100,154kV ETİLER - LEVENT EİH,,unchanged,
Hat,3101,154kV ETİLER - ŞİŞLİ EİH,,unchanged,
Hat,3102,154kV LEVENT - MASLAK EİH,,unchanged,
Hat,3106,154kV KASIMPAŞA - ALTINTEPE EİH,,unchanged,
Hat,3107,400kV BABAESKİ - NEOSANTA (YUNANİSTAN) EİH,,unchanged,
Hat,3108,400kV HAMİTABAT DGKÇ - MARİTSA (BULGARİSTAN) - I EİH,,unchanged,
Hat,3109,400kV HAMİTABAT DGKÇ - MARİTSA (BULGARİSTAN) - II EİH,,unchanged,
Hat,3110,154kV ÇARŞAMBA - SUAT UĞURLU HES EİH,,unchanged,
Hat,3111,154kV ELBİSTAN TES - ELBİSTAN B TES - I EİH,,unchanged,
Hat,3112,154kV ELBİSTAN TES - ELBİSTAN B TES - II EİH,,unchanged,
Hat,3113,154kV GÖKSUN - ELBİSTAN-B TES EİH,,unchanged,
Hat,3114,154kV ELBİSTAN-B TES - ÇÖLLOLAR - I EİH,,unchanged,
Hat,3115,154kV ELBİSTAN-B TES - ÇÖLLOLAR - II EİH,,unchanged,
Hat,3118,154kV ELGÜN - ÇIRÇIP - I EİH,,unchanged,
Hat,3119,154kV ELGÜN - ÇIRÇIP - II EİH,,unchanged,
Hat,3122,154kV MERSİN2 - ERDEMLİ - II EİH,,removed-from-source,
Hat,3124,154kV SAMSUN1 - KAVAK OSB EİH,,unchanged,
Hat,3127,154kV KARAHAN - YENİ ŞEHİTLİK - II EİH,,unchanged,
Hat,3129,154kV ADANA - CİHADİYE - II EİH,,unchanged,
Hat,3131,154kV LADİK ÇİMENTO - KAYADÜZÜ RES EİH,,unchanged,
Hat,3132,154kV YUMURTALIK - GÜNEY ADANA - II EİH,,unchanged,
Hat,3133,154kV ORDU - FATSA EİH,,unchanged,
Hat,3136,154kV GİRESUN - ÇIRAKDAMI HES EİH,,unchanged,
Hat,3137,154kV KARAİSALI - TOROS HES EİH,,unchanged,
Hat,3138,154kV KARAİSALI - EĞLENCE2 HES EİH,,unchanged,
Hat,3143,154kV KASTAMONU - KASTAMONU OSB EİH,,unchanged,
Hat,3144,154kV KÜRE - KASTAMONU OSB EİH,,unchanged,
Hat,3145,154kV SUŞEHRİ - KILIÇKAYA HES - I EİH,,unchanged,
Hat,3146,154kV SUŞEHRİ - KILIÇKAYA HES - II EİH,,unchanged,
Hat,3149,400kV ÇAYIRHAN TES - SİNCAN EİH,,unchanged,
Hat,3151,154kV KÖKLÜCE HES - NİKSAR HES EİH,,unchanged,
Hat,3154,154kV UMUT HES - NİKSAR HES EİH,,unchanged,
Hat,3155,154kV ORDU - YAĞLIDERE EİH,,unchanged,
Hat,3156,154kV ORDU - ÇIRAKDAMI HES EİH,,unchanged,
Hat,3157,154kV KÜRTÜN HES - BÜYÜKDÜZ HAVZA EİH,,unchanged,
Hat,3158,154kV SAMSUN1 - LADİK ÇİMENTO EİH,,unchanged,
Hat,3161,154kV SAMSUN1 - SAMSUN3 EİH,,unchanged,
Hat,3166,154kV BÜYÜKDÜZ HAVZA - BÜYÜKDÜZ HES EİH,,unchanged,
Hat,3173,154kV ARSİN - AKOCAK HES EİH,,unchanged,
Hat,3184,154kV GEÇİCİ ILISU -> GERCÜŞ - ILISU HES EİH,,unchanged,
Hat,3186,154kV İYİDERE - KALKANDERE EİH,,unchanged,
Hat,3187,154kV KALKANDERE - YOKUŞLU HES EİH,,unchanged,
Hat,3188,154kV VAN2 - VAN1 - I EİH,,unchanged,
Hat,3191,154kV KEPEZ HES - AKORSAN EİH,,unchanged,
Hat,3192,154kV BÜYÜKÇEKMECE - FIRAT PLASTİK EİH,,unchanged,
Hat,3193,154kV TEMELLİ - İNCEK EİH,,unchanged,
Hat,3195,154kV PAYAS - AÇSPAYAS EİH,,unchanged,
Hat,3204,154kV HEREKE - YARIMCA2 EİH,,unchanged,
Hat,3205,154kV PAŞALAR - BİLORSA EİH,,unchanged,
Hat,3207,400kV DAVUTPAŞA - İKİTELLİ EİH,,unchanged,
Hat,3211,154kV IŞIKLAR - KARABAĞLAR EİH,,unchanged,
Hat,3212,154kV IŞIKLAR - ÜNİVERSİTE - I EİH,,unchanged,
Hat,3216,154kV IŞIKLAR - BUCA EİH,,unchanged,
Hat,3217,154kV IŞIKLAR - HİLAL - I EİH,,unchanged,
Hat,3218,154kV IŞIKLAR - HİLAL - II EİH,,unchanged,
Hat,3221,154kV ALİAĞA2 - ALMAK - I EİH,,unchanged,
Hat,3222,154kV ALİAĞA2 - ALMAK - II EİH,,unchanged,
Hat,3225,154kV ALİAĞA2 - EREGE METAL - II EİH,,unchanged,
Hat,3231,154kV ALİAĞA2 - ULUCAK EİH,,unchanged,
Hat,3235,154kV MORSAN - MOSB - I EİH,,unchanged,
Hat,3236,154kV MORSAN - MOSB - II EİH,,unchanged,
Hat,3237,154kV MANİSA - MORSAN - I EİH,,unchanged,
Hat,3239,154kV UZUNDERE - KARABAĞLAR - I EİH,,unchanged,
Hat,3240,154kV UZUNDERE - KARABAĞLAR - II EİH,,unchanged,
Hat,3241,154kV UZUNDERE - ILICA EİH,,unchanged,
Hat,3242,154kV UZUNDERE - GÜZELYALI EİH,,updated,NORMAL İŞLETME DURUMU
Hat,3244,154kV UZUNDERE - URLA1 EİH,,unchanged,
Hat,3245,154kV GERMENCİK - GALİP HOCA JES EİH,,unchanged,
Hat,3251,154kV AYDIN - GERMENCİK EİH,,updated,Direk | Karakteristik | Pozitif Empedans (ohm) | Pozitif Kapasitans (μS) | Pozitif Reaktans (ohm) | Pozitif Rezistans (ohm) | Sıfır Empedans (ohm) | Sıfır Kapasitans (μS) | Sıfır Reaktans (ohm) | Sıfır Rezistans (ohm) | Toplam Uzunluk (km)
Hat,3253,154kV YATAĞAN TES - MİLAS EİH,,unchanged,
Hat,3254,154kV YATAĞAN TES - MUĞLA EİH,,unchanged,
Hat,3255,154kV YATAĞAN TES - MARMARİS2 EİH,,unchanged,
Hat,3257,154kV YATAĞAN TES - ALES DGKÇ EİH,,unchanged,
Hat,3258,154kV KEMERKÖY TES - YENİKÖY TES - I EİH,,unchanged,
Hat,3259,154kV KEMERKÖY TES - YENİKÖY TES - II EİH,,unchanged,
Hat,3263,154kV SOMA-B - SOMA1 RES EİH,,unchanged,
Hat,3264,154kV BALIKESİR SEKA - SOMA-B EİH,,unchanged,
Hat,3265,154kV SOMA-B - BALIKESİR OSB EİH,,unchanged,
Hat,3267,154kV SOMA-B - KUYUCAK RES EİH,,unchanged,
Hat,3269,154kV KÖYLÜKÖY - BİGADİÇ EİH,,unchanged,
Hat,3271,154kV KÖYLÜKÖY - GÖNEN EİH,,unchanged,
Hat,3273,154kV KÖYLÜKÖY - BALIKESİR RES EİH,,unchanged,
Hat,3278,400kV ÇEŞME - KARABURUN EİH,,unchanged,
Hat,3296,400kV SEYİTÖMER TES - ESKİŞEHİR3 EİH,,unchanged,
Hat,3298,154kV AKBÜK - MİLAS EİH,,unchanged,
Hat,3299,154kV AKBÜK - AKBÜK RES EİH,,unchanged,
Hat,3302,154kV SARUHANLI - AKHİSAR RES EİH,,unchanged,
Hat,3305,154kV ALÇUK - ALMAK EİH,,unchanged,
Hat,3306,154kV POYRAZ RES - BALIKESİR RES EİH,,unchanged,
Hat,3307,154kV EŞEN1 HES - EŞEN2 HES - I EİH,,unchanged,
Hat,3310,154kV SOMA1 RES - SOMA2 RES EİH,,unchanged,
Hat,3312,154kV ÖDEMİŞ - TİRE EİH,,unchanged,
Hat,3313,154kV ALÇUK - ÖZKAN DEMİRÇELİK EİH,,unchanged,
Hat,3321,154kV ALMAK - ÖZKAN DEMİRÇELİK EİH,,unchanged,
Hat,3326,154kV ALİAĞA OSB - VİKİNG EİH,,unchanged,
Hat,3331,154kV ALİAĞA OSB - SAMURLU RES EİH,,unchanged,
Hat,3332,154kV BORNOVA - ALSANCAK EİH,,unchanged,
Hat,3334,154kV ASLANLAR - PANCAR OSB EİH,,unchanged,
Hat,3336,154kV EBSO - ATAER DGKÇ - I EİH,,updated,Karakteristik | Kış Kapasitesi (MVA) | Pozitif Empedans (ohm) | Pozitif Kapasitans (μS) | Pozitif Reaktans (ohm) | Pozitif Rezistans (ohm) | Sıfır Empedans (ohm) | Sıfır Kapasitans (μS) | Sıfır Reaktans (ohm) | Sıfır Rezistans (ohm) | Yaz Kapasitesi (MVA)
Hat,3339,154kV ÖDEMİŞ - AYDIN EİH,,unchanged,
Hat,3340,154kV GÜZELYALI - HATAY EİH,,unchanged,
Hat,3344,154kV FETHİYE - EŞEN2 HES - I EİH,,unchanged,
Hat,3345,154kV EBSO - ULUCAK - I EİH,,unchanged,
Hat,3349,154kV AYVALIK - DÜZOVA RES EİH,,unchanged,
Hat,3351,154kV BALIKESİR SEKA - BALIKESİR OSB EİH,,unchanged,
Hat,3354,154kV EDREMİT - AYVALIK EİH,,unchanged,
Hat,3355,154kV BALIKESİR - ŞAMLI RES EİH,,unchanged,
Hat,3359,154kV MANYAS - BARES EİH,,updated,Bitiş Trafo Merkezi
Hat,3360,154kV MANYAS - GÖBEL EİH,,unchanged,
Hat,3364,154kV BİGADİÇ - DURSUNBEY EİH,,unchanged,
Hat,3365,154kV BODRUM1 - MİLAS EİH,,unchanged,
Hat,3366,154kV BORNOVA - PİYALE EİH,,unchanged,
Hat,3368,154kV BOSTANLI - KARŞIYAKA EİH,,unchanged,
Hat,3369,154kV BOSTANLI - ŞEMİKLER EİH,,unchanged,
Hat,3370,154kV BOZYAKA - HATAY EİH,,unchanged,
Hat,3380,154kV ÇANAKKALE ÇİMENTO - ENERJİSA ÇANAKKALE RES - I EİH,,unchanged,
Hat,3382,154kV ÇATALBÜK RES - SÖKE EİH,,unchanged,
Hat,3385,154kV DATÇA - MARMARİS2 EİH,,unchanged,
Hat,3386,154kV MARMARİS1 - DATÇA RES EİH,,unchanged,
Hat,3387,154kV DATÇA - DATÇA RES EİH,,unchanged,
Hat,3390,154kV PS4 - MARDİN ÇİMENTO EİH,,unchanged,
Hat,3392,154kV DORA3 JES - AYDIN EİH,,unchanged,
Hat,3393,154kV SAMSUN1 - SAMSUN OSB DGKÇ EİH,,unchanged,
Hat,3394,154kV SAMSUN3 - SAMSUN OSB DGKÇ EİH,,unchanged,
Hat,3395,154kV ANTAKYA2 - YENİ ŞENBÜK RES EİH,,unchanged,
Hat,3396,154kV BELEN RES - YENİ ŞENBÜK RES EİH,,unchanged,
Hat,3398,154kV ERDEK - KAPIDAĞ RES EİH,,unchanged,
Hat,3407,400kV ERZİN - ERZİN DGKÇ EİH,,unchanged,
Hat,3408,400kV TOSÇELİK - ERZİN DGKÇ EİH,,unchanged,
Hat,3409,154kV MAHMUTLAR - YALNIZ ARDIÇ EİH,,unchanged,
Hat,3411,400kV KARABURUN - LODOS RES EİH,,unchanged,
Hat,3420,154kV MARMARİS1 - MARMARİS2 EİH,,unchanged,
Hat,3421,154kV EBSO - ULUCAK - II EİH,,unchanged,
Hat,3422,154kV EBSO - ATAER DGKÇ - II EİH,,updated,Karakteristik | Kış Kapasitesi (MVA) | Pozitif Empedans (ohm) | Pozitif Kapasitans (μS) | Pozitif Reaktans (ohm) | Pozitif Rezistans (ohm) | Sıfır Empedans (ohm) | Sıfır Kapasitans (μS) | Sıfır Reaktans (ohm) | Sıfır Rezistans (ohm) | Yaz Kapasitesi (MVA)
Hat,3425,154kV ULUCAK - KOZBEYLİ RES EİH,,unchanged,
Hat,3431,154kV BODRUM1 - BODRUM2 EİH,,unchanged,
Hat,3432,154kV ÇAYIRHAN TES - ETİ SODA EİH,,unchanged,
Hat,3433,400kV TEMELLİ - YEŞİLHİSAR - GÜNEY EİH,,unchanged,
Hat,3435,400kV TEMELLİ - YEŞİLHİSAR - KUZEY EİH,,unchanged,
Hat,3436,400kV YEŞİLHİSAR - ATATÜRK - KUZEY EİH,,unchanged,
Hat,3437,400kV YEŞİLHİSAR - ATATÜRK - GÜNEY EİH,,unchanged,
Hat,3443,154kV İSKENDERUN2 - ATİK RES EİH,,unchanged,
Hat,3445,154kV KUŞAKLI HES - MENGE HES EİH,,unchanged,
Hat,3446,154kV EĞLENCE1 HES - EĞLENCE2 HES EİH,,unchanged,
Hat,3447,154kV DOĞANKÖY - KANDİL HES EİH,,unchanged,
Hat,3448,154kV SARIGÜZEL HES - KANDİL HES EİH,,unchanged,
Hat,3450,154kV SİNCİK HAVZA - SİNCİK RES EİH,,unchanged,
Hat,3451,154kV KEBAN TM -> ELAZIĞ - KEBAN ŞALT EİH,,unchanged,
Hat,3454,154kV FORD - GÖLCÜK EİH,,unchanged,
Hat,3455,154kV FORD - KARAMÜRSEL EİH,,removed-from-source,
Hat,3460,400kV BORÇKA HES - AKHLTSKHE (GÜRCİSTAN) EİH,,updated,NORMAL İŞLETME DURUMU
Hat,3470,154kV ALKUMRU HES - KİRAZLIK HES EİH,,unchanged,
Hat,3471,154kV EMET - POLAT TES EİH,,unchanged,
Hat,3472,400kV DİLERÇELİK -> DİLİSKELESİ GİS - ÇOLAKOĞLU EİH,,unchanged,
Hat,3473,400kV GÖYNÜK -> ADAPAZARI - AKSA GÖYNÜK TES EİH,,unchanged,
Hat,3477,154kV ÇIRAKDAMI HES - DERELİ HES EİH,,unchanged,
Hat,3478,154kV ÇAYELİ - UZUNDERE2 HES EİH,,unchanged,
Hat,3479,154kV YUKARI MANAHOZ - ÇAMBAŞI HES EİH,,unchanged,
Hat,3488,400kV DENİZLİ4 - RWE DENİZLİ DGKÇ - II EİH,,unchanged,
Hat,3489,154kV BAĞIŞLI - HAKKARİ EİH,,unchanged,
Hat,3490,154kV ILICA ZEKİ GÜRGEN - ERZURUM - II EİH,,unchanged,
Hat,3494,154kV KIY HES - KUŞAKLI HES EİH,,unchanged,
Hat,3503,154kV KAVŞAKBENDİ HES - KOZAN HAVZA - I EİH,,unchanged,
Hat,3509,154kV ANTALYA SERBEST BÖLGE - KEPEZ HES - II EİH,,unchanged,
Hat,3514,154kV GAZİPAŞA - MAHMUTLAR - II EİH,,unchanged,
Hat,3519,154kV MURATLI HES - BORÇKA HES - II EİH,,unchanged,
Hat,3520,154kV ATATÜRK HES - ÖDÜLALAN EİH,,unchanged,
Hat,3524,154kV SELİMİYE - KADIKÖY EİH,,unchanged,
Hat,3525,154kV GÖZTEPE - KADIKÖY EİH,,unchanged,
Hat,3526,154kV ESKİŞEHİR ÇİMSA - BOZÜYÜK OSB EİH,,unchanged,
Hat,3527,154kV SEYRANTEPE HES - TATAR HES EİH,,unchanged,
Hat,3534,154kV ELBİSTAN-B TES - KANDİL HES EİH,,unchanged,
Hat,3539,400kV ALTINKAYA HES - BOYABAT HES EİH,,updated,Direk
Hat,3548,154kV ŞEBİNKARAHİSAR - BURÇAK1 HES EİH,,unchanged,
Hat,3552,154kV NACARLI - MERSİN400 - II EİH,,unchanged,
Hat,3553,154kV MERSİN2 - MERSİN400 EİH,,unchanged,
Hat,3554,154kV ERDEMLİ - MERSİN400 EİH,,unchanged,
Hat,3555,154kV İSKENDERUN3 - KUZEYTEPE EİH,,unchanged,
Hat,3556,154kV HATAY - KUZEYTEPE EİH,,unchanged,
Hat,3557,154kV BİNGÖL - GÖYNÜK HAVZA EİH,,unchanged,
Hat,3564,154kV EĞİRDİR - GELENDOST EİH,,unchanged,
Hat,3567,154kV ÇANAKKALE ÇİMENTO - ENERJİSA ÇANAKKALE RES - II EİH,,unchanged,
Hat,3568,154kV EŞEN1 HES - EŞEN2 HES - II EİH,,unchanged,
Hat,3569,154kV FETHİYE - EŞEN2 HES - II EİH,,unchanged,
Hat,3570,154kV ESKİŞEHİR3 - ESKİŞEHİR ÇİMSA EİH,,unchanged,
Hat,3572,400kV ÇOBANBEYLİ - TUFANBEYLİ TES EİH,,unchanged,
Hat,3573,400kV YEŞİLHİSAR - TUFANBEYLİ TES EİH,,unchanged,
Hat,3574,154kV TİREBOLU - ASLANCIK HES EİH,,unchanged,
Hat,3575,154kV ELGÜN - DİKMEN1 - I EİH,,unchanged,
Hat,3576,154kV ELGÜN - DİKMEN1 - II EİH,,unchanged,
Hat,3580,400kV EREĞLİ -> SEYDİŞEHİR - ADANA EİH,,unchanged,
Hat,3592,400kV DİYARBAKIR3 - KARAKAYA HES - II EİH,,updated,Direk | Karakteristik | Pozitif Empedans (ohm) | Pozitif Kapasitans (μS) | Pozitif Reaktans (ohm) | Pozitif Rezistans (ohm) | Sıfır Empedans (ohm) | Sıfır Kapasitans (μS) | Sıfır Reaktans (ohm) | Sıfır Rezistans (ohm)
Hat,3596,154kV BATMAN2 - GERCÜŞ EİH,,unchanged,
Hat,3597,154kV GERCÜŞ -> GEÇİCİ ILISU - ILISU HES EİH,,unchanged,
Hat,3602,154kV REŞADİYE HES - TUNA HES EİH,,unchanged,
Hat,3603,154kV TÜMOSAN - AKSARAY OSB EİH,,unchanged,
Hat,3608,154kV TAHTALI - GAZİEMİR EİH,,unchanged,
Hat,3612,154kV TEGESAN - BALABANLI RES EİH,,unchanged,
Hat,3613,154kV ANTAKYA2 - HATAY EİH,,unchanged,
Hat,3617,400kV TEPEÖREN - MAKİNA OSB EİH,,unchanged,
Hat,3619,154kV MARDİN1 - MARDİN2 EİH,,unchanged,
Hat,3621,154kV KIZILTEPE - DİKMEN2 EİH,,updated,Başlangıç Trafo Merkezi
Hat,3622,154kV ÇIRÇIP - DİKMEN2 EİH,,unchanged,
Hat,3623,154kV KIZILTEPE - MARDİN2 EİH,,updated,Başlangıç Trafo Merkezi
Hat,3627,154kV VİRANŞEHİR - ELGÜN - I EİH,,unchanged,
Hat,3629,154kV VİRANŞEHİR - ELGÜN - II EİH,,unchanged,
Hat,3630,154kV KOVADA2 HES - GÖKBEL HES EİH,,unchanged,
Hat,3631,154kV BUCAK - GÖKBEL HES EİH,,unchanged,
Hat,3632,154kV PETLAS - AVANOS2 EİH,,unchanged,
Hat,3634,154kV GEYCEK RES - AVANOS2 - II EİH,,unchanged,
Hat,3635,154kV GEYCEK RES - AVANOS2 - I EİH,,updated,NORMAL İŞLETME DURUMU
Hat,3640,154kV OSMANCA - DÜZCE AKSU HES EİH,,unchanged,
Hat,3645,400kV AKSA GÖYNÜK TES - GÖKÇEKAYA HES EİH,,unchanged,
Hat,3646,400kV AKSA GÖYNÜK TES -> GÖYNÜK - ADAPAZARI EİH,,unchanged,
Hat,3648,154kV SAYALAR RES - GERES RES EİH,,unchanged,
Hat,3650,154kV TUNÇBİLEK-A TES - BİLORSA EİH,,unchanged,
Hat,3651,154kV TUZLA - GEBZE OSB EİH,,unchanged,
Hat,3653,154kV KÜMBET -> ESKİŞEHİR2 - GÜRAĞAÇ EİH,,unchanged,
Hat,3657,400kV İSDEMİR TES - ATLAS TES EİH,,unchanged,
Hat,3658,154kV TEPEÖREN - İSAKÖY EİH,,unchanged,
Hat,3670,154kV DELTA ENERJİ DGKÇ - TRAKYA DÖKÜM EİH,,unchanged,
Hat,3672,154kV KAYSERİ3 - KAYSERİ4 EİH,,unchanged,
Hat,3675,154kV HACININOĞLU HES - SÖĞÜTLÜ HES EİH,,unchanged,
Hat,3676,154kV SARIGÜZEL HES - SÖĞÜTLÜ HES EİH,,unchanged,
Hat,3685,154kV HATAY - REYHANLI - I EİH,,unchanged,
Hat,3688,154kV HATAY - REYHANLI - II EİH,,unchanged,
Hat,3689,154kV YATAĞAN TES - ÇİNE HES EİH,,unchanged,
Hat,3691,154kV KIYIKÖY - KIYIKÖY RES (KIRKLARELİ) EİH,,unchanged,
Hat,3699,154kV YILDIZ - İMRAHOR EİH,,unchanged,
Hat,3701,154kV OYMAPINAR HES - MANAVGAT - II EİH,,unchanged,
Hat,3702,154kV SERİK - MANAVGAT EİH,,unchanged,
Hat,3703,400kV HATAY - ATLAS TES EİH,,unchanged,
Hat,3704,154kV SARMAŞIK1-2 HES - KALKANDERE EİH,,unchanged,
Hat,3709,154kV DERİNKUYU - AKSARAY OSB EİH,,unchanged,
Hat,3710,400kV ADAPAZARI - YUNUS EMRE TES EİH,,unchanged,
Hat,3711,400kV TEMELLİ - YUNUS EMRE TES EİH,,unchanged,
Hat,3712,154kV FETHİYE - AKKÖPRÜ HES EİH,,unchanged,
Hat,3713,154kV SİLİVRİ - SİLİVRİ RES EİH,,unchanged,
Hat,3714,154kV KÖYLÜKÖY - KAVAKLI RES EİH,,unchanged,
Hat,3723,400kV CENGİZ DGKÇ - ÇARŞAMBA EİH,,unchanged,
Hat,3724,400kV ALTINKAYA HES - CENGİZ DGKÇ EİH,,unchanged,
Hat,3734,154kV GERMENCİK -> MEHMETHAN JES - EFE JES EİH,,unchanged,
Hat,3736,154kV EFE JES -> MEHMETHAN JES - GERMENCİK EİH,,unchanged,
Hat,3737,154kV GÜRAĞAÇ -> ESKİŞEHİR2 - KÜMBET EİH,,unchanged,
Hat,3740,154kV KEŞAN - ŞADILLI RES EİH,,unchanged,
Hat,3743,154kV MANYAS - BANDIRMA3 RES EİH,,unchanged,
Hat,3747,400kV ILICA ZEKİ GÜRGEN - AĞRI2 EİH,,unchanged,
Hat,3748,154kV UZUNDERE - URLA2 EİH,,unchanged,
Hat,3749,154kV VARSAK - LARA - II EİH,,unchanged,
Hat,3752,154kV BURSA DGKÇ - ORHANGAZİ - II EİH,,unchanged,
Hat,3760,154kV NARİNKALE HAVZA - SERAP HES EİH,,unchanged,
Hat,3761,400kV DİYARBAKIR3 - BEYHAN1 HES EİH,,unchanged,
Hat,3763,154kV ALTINTAŞ - KÜTAHYA OSB EİH,,unchanged,
Hat,3768,154kV KURŞUNLU - EREN HES EİH,,unchanged,
Hat,3770,154kV YAMANLI2 HES - YAMANLI3 HES EİH,,unchanged,
Hat,3771,154kV YAMANLI2 HES - FEKE HAVZA EİH,,unchanged,
Hat,3774,154kV KARAMAN - KEPEZKAYA HAVZA EİH,,unchanged,
Hat,3775,400kV AĞRI2 - VAN2 EİH,,unchanged,
Hat,3776,154kV SEYRANTEPE HES - PEMBELİK HES EİH,,unchanged,
Hat,3777,154kV ÖZLÜCE HES - PEMBELİK HES EİH,,unchanged,
Hat,3778,154kV İNEBOLU - BOZKURT HAVZA EİH,,unchanged,
Hat,3779,154kV AYANCIK - BOZKURT HAVZA EİH,,removed-from-source,
Hat,3783,400kV KAYABAŞI - BİLGİN SAMSUN DGKÇ EİH,,unchanged,
Hat,3784,154kV TOROSLAR - KARAKUZ HES EİH,,unchanged,
Hat,3786,154kV BÖLÜCEK - ZONGULDAK EİH,,unchanged,
Hat,3787,154kV ÇATES - ZONGULDAK EİH,,unchanged,
Hat,3788,154kV ÜMRANİYE - VANİKÖY EİH,,unchanged,
Hat,3791,154kV KARABÜK - KARDEMİR - I EİH,,unchanged,
Hat,3795,154kV KARABÜK OSB - İSMETPAŞA EİH,,unchanged,
Hat,3796,154kV GERKONSAN - İSMETPAŞA EİH,,unchanged,
Hat,3797,154kV EREN HES - KARABÜK OSB EİH,,unchanged,
Hat,3799,154kV KARABÜK - KARABÜK OSB EİH,,unchanged,
Hat,3800,154kV MANİSA - BAĞYURDU EİH,,unchanged,
Hat,3801,154kV DERBENT - BAĞYURDU EİH,,unchanged,
Hat,3803,154kV KAVAKLI RES - ESAN EİH,,unchanged,
Hat,3806,154kV SEYİTÖMER TES - KÜMAŞ EİH,,unchanged,
Hat,3816,154kV ÇERÇİKAYA RES - YENİ ŞENBÜK RES EİH,,unchanged,
Hat,3819,154kV ZEYTİNLİ - KUZEY ADANA EİH,,unchanged,
Hat,3820,154kV KARAHAN - KUZEY ADANA EİH,,unchanged,
Hat,3821,154kV DİYARBAKIR3 - DİYARBAKIR1 EİH,,unchanged,
Hat,3823,154kV DİYARBAKIR2 - DİYARBAKIR3 - II EİH,,unchanged,
Hat,3824,154kV DİYARBAKIR3 - DİYARBAKIR4 - II EİH,,unchanged,
Hat,3826,154kV ANAMUR - MEDCEM EİH,,unchanged,
Hat,3827,154kV TAŞUCU - MEDCEM EİH,,unchanged,
Hat,3829,154kV ZEYTİNLİ - SASA EİH,,unchanged,
Hat,3830,154kV TUNCELİ - UZUNÇAYIR HES EİH,,unchanged,
Hat,3834,154kV YARIMCA1 - TÜPRAŞ - II EİH,,unchanged,
Hat,3835,400kV BÖLÜCEK - OSMANCA EİH,,unchanged,
Hat,3837,400kV BÖLÜCEK - ZETES2 EİH,,unchanged,
Hat,3843,154kV ELBİSTAN TES - KIŞLAKÖY - II EİH,,unchanged,
Hat,3844,154kV ELBİSTAN TES - KIŞLAKÖY - I EİH,,unchanged,
Hat,3854,154kV SÖKE - BATI SÖKE EİH,,unchanged,
Hat,3856,154kV EDİRNE ÇİMENTO - ESTERGON EİH,,unchanged,
Hat,3857,400kV YENİ DGKÇ - MAKİNA OSB EİH,,unchanged,
Hat,3863,154kV KOYULHİSAR HES - REŞADİYE HES EİH,,unchanged,
Hat,3866,154kV ÇILDIR HES - AKINCI HES ARDAHAN EİH,,unchanged,
Hat,3868,154kV KARACABEY - HARMANLIK RES EİH,,unchanged,
Hat,3875,154kV BÜYÜKBAKKALKÖY - KARTAL EİH,,unchanged,
Hat,3880,154kV KARGI - KARGI KIZILIRMAK HES EİH,,unchanged,
Hat,3882,400kV ATATÜRK HES - BAŞPINAR OSB EİH,,unchanged,
Hat,3884,154kV BOR - TOROSLAR EİH,,unchanged,
Hat,3885,154kV AFYON2 - AFYON3 EİH,,unchanged,
Hat,3887,154kV KARABÜK - KARDEMİR - II EİH,,unchanged,
Hat,3904,400kV KARTAL - MALTEPE EİH,,unchanged,
Hat,3906,400kV BEYKENT OSB - ŞEHİTKAMİL OSB EİH,,unchanged,
Hat,3910,154kV SARUHANLI - GÖLMARMARA EİH,,unchanged,
Hat,3911,154kV KAYNARCA - KARASU EİH,,unchanged,
Hat,3912,154kV GEZENDE HES - MUT RES EİH,,unchanged,
Hat,3913,154kV KARAMAN - MUT RES EİH,,unchanged,
Hat,3917,154kV KOZAN HAVZA - GÖKTAŞ2 HES - I EİH,,unchanged,
Hat,3918,154kV KOZAN HAVZA - GÖKTAŞ2 HES - II EİH,,unchanged,
Hat,3919,154kV KOZAN HAVZA - GÖKTAŞ2 HES - III EİH,,unchanged,
Hat,3921,154kV ELGÜN - YAZGÜNEŞİ EİH,,unchanged,
Hat,3924,154kV ERZURUM - ELİF HAVZA EİH,,unchanged,
Hat,3930,154kV ARAÇ - SAFRANBOLU EİH,,unchanged,
Hat,3933,154kV OLUR HAVZA - AYVALI HES EİH,,unchanged,
Hat,3942,154kV ANDIRIN - DİLEK RES EİH,,unchanged,
Hat,3943,154kV SIR HES - DİLEK RES EİH,,unchanged,
Hat,3956,154kV KIYIKÖY - KIYIKÖY RES (TEKİRDAĞ) EİH,,unchanged,
Hat,3957,154kV MUDURNU  - GÖKSU HES EİH,,unchanged,
Hat,3958,154kV KUZULUK - GÖKSU HES EİH,,unchanged,
Hat,3963,154kV EDİRNE ÇİMENTO - SÜLOĞLU RES EİH,,unchanged,
Hat,3965,154kV KARATAY - ALAKOVA EİH,,unchanged,
Hat,3968,400kV ARTVİN HES - TORTUM EİH,,unchanged,
Hat,3969,400kV TORTUM - ARKUN HES EİH,,unchanged,
Hat,3970,400kV ILICA ZEKİ GÜRGEN - TORTUM EİH,,unchanged,
Hat,3976,154kV TORTUM - AYVALI HES EİH,,unchanged,
Hat,3977,154kV OLTU - TORTUM - II EİH,,unchanged,
Hat,3980,154kV KALECİK - YAKINKENT EİH,,unchanged,
Hat,3981,154kV ÇANKIRI - YAKINKENT EİH,,unchanged,
Hat,3984,154kV ANTALYA SERBEST BÖLGE - ELMALI EİH,,unchanged,
Hat,3985,154kV ANTALYA SERBEST BÖLGE - KEPEZ HES - I EİH,,unchanged,
Hat,3986,154kV ANTALYA SERBEST BÖLGE - KEMER ANTALYA EİH,,updated,Adı
Hat,3988,154kV ESKİŞEHİR2 - ESKİŞEHİR OSB EİH,,unchanged,
Hat,3990,154kV BÖLÜCEK - ÇATES EİH,,unchanged,
Hat,3993,154kV HAMİTABAT DGKÇ - TRAKYA DÖKÜM EİH,,unchanged,
Hat,3995,400kV GELİBOLU - BEKİRLİ TES - I EİH,,unchanged,
Hat,3996,400kV GELİBOLU - BEKİRLİ TES - II EİH,,unchanged,
Hat,3999,154kV MAKİNA OSB - GEBZE KİMYA - I EİH,,unchanged,
Hat,4000,154kV MAKİNA OSB - GEBZE KİMYA - II EİH,,unchanged,
Hat,4002,154kV HEREKE - GEBZE KİMYA EİH,,unchanged,
Hat,4004,154kV KOVANLIK HAVZA - ALTINORDU - II EİH,,unchanged,
Hat,4005,154kV GÖLKÖY - ALTINORDU EİH,,unchanged,
Hat,4006,400kV BİLGİN SAMSUN DGKÇ - ALTINORDU EİH,,unchanged,
Hat,4007,400kV TİREBOLU - ALTINORDU EİH,,unchanged,
Hat,4009,154kV ALES DGKÇ - BAĞARASI RES EİH,,unchanged,
Hat,4012,154kV ÇIRÇIP - KIZILTEPE EİH,,updated,Bitiş Trafo Merkezi
Hat,4013,154kV YUMURTALIK - SUGÖZÜ TES - I EİH,,unchanged,
Hat,4017,154kV SIRRIN - YARDIMCI EİH,,unchanged,
Hat,4018,154kV YARDIMCI - PEKMEZLİ EİH,,unchanged,
Hat,4021,154kV FERROKROM - ELAZIĞ - I EİH,,unchanged,
Hat,4023,154kV FERROKROM - TATAR HES EİH,,unchanged,
Hat,4027,154kV UŞAK RES -> BANAZ - UŞAK OSB EİH,,removed-from-source,
Hat,4029,154kV DURSUNBEY - POYRAZGÖLÜ RES EİH,,unchanged,
Hat,4033,154kV İÇDAŞ - BİGA RES EİH,,unchanged,
Hat,4034,400kV ZEUGMA -> ATATÜRK HES - BİRECİK HES EİH,,updated,Direk
Hat,4036,400kV ATATÜRK HES -> BİRECİK HES - ZEUGMA EİH,,unchanged,
Hat,4037,400kV BİRECİK HES -> ATATÜRK HES - ZEUGMA EİH,,unchanged,
Hat,4041,154kV BİRECİK HES - BELKIS EİH,,unchanged,
Hat,4049,154kV UZUNKÖPRÜ - KANİJE RES EİH,,unchanged,
Hat,4056,154kV ASLANLAR - FUAT RES EİH,,unchanged,
Hat,4058,154kV SİNCAN - ERYAMAN EİH,,unchanged,
Hat,4059,154kV ANKARA SANAYİ - ERYAMAN EİH,,unchanged,
Hat,4060,154kV OYMAPINAR HES - MAHMUTLAR EİH,,unchanged,
Hat,4070,154kV SERİK - LARA EİH,,unchanged,
Hat,4071,400kV BANDIRMA DGKÇ - BANDIRMA2 DGKÇ EİH,,unchanged,
Hat,4088,154kV BOZYAKA - KARABAĞLAR EİH,,unchanged,
Hat,4090,154kV SÖKE - SÖKE RES EİH,,unchanged,
Hat,4092,154kV TATVAN - BİTLİS EİH,,unchanged,
Hat,4093,154kV BİTLİS - DODAN EİH,,unchanged,
Hat,4099,154kV ELAZIĞ - UZUNÇAYIR HES EİH,,unchanged,
Hat,4104,154kV HİLAL - ALSANCAK EİH,,unchanged,
Hat,4108,154kV YAZGÜNEŞİ - KIRLIK EİH,,unchanged,
Hat,4109,154kV CİHADİYE - GÜNEY ADANA EİH,,unchanged,
Hat,4112,154kV BABAESKİ - HAVSA EİH,,unchanged,
Hat,4114,154kV ŞADILLI RES - GELİBOLU EİH,,unchanged,
Hat,4115,400kV ADAPAZARI - KOCAELİ - I EİH,,unchanged,
Hat,4116,400kV TEPEÖREN - KOCAELİ EİH,,unchanged,
Hat,4117,154kV TORTUM - ELİF HAVZA EİH,,unchanged,
Hat,4118,154kV OLTU - TORTUM - I EİH,,unchanged,
Hat,4121,154kV TEKİRDAĞ DGKÇ B - SİLİVRİ EİH,,unchanged,
Hat,4123,154kV KAVAK OSB - KAVAK ÇİMENTO EİH,,unchanged,
Hat,4125,154kV LADİK ÇİMENTO - AKDAĞ ÇİMENTO EİH,,unchanged,
Hat,4127,400kV TEKİRDAĞ DGKÇ A - TÜRKGÜCÜ EİH,,updated,Direk
Hat,4128,400kV BABAESKİ - TÜRKGÜCÜ EİH,,unchanged,
Hat,4131,154kV BAŞKALE - ENGİL EİH,,unchanged,
Hat,4135,154kV KEÇİBORLU - ULUBORLU RES EİH,,unchanged,
Hat,4136,154kV ULUBORLU RES - ÇÖLOVASI EİH,,unchanged,
Hat,4141,154kV AFYON2 - ÇÖLOVASI EİH,,unchanged,
Hat,4143,154kV SERİK - KASIMLAR HES - I EİH,,unchanged,
Hat,4147,154kV KARTAL - İÇMELER - I EİH,,unchanged,
Hat,4149,154kV İSKENDERUN1 - PAYAS EİH,,unchanged,
Hat,4150,154kV İSKENDERUN1 - BELEN RES EİH,,unchanged,
Hat,4151,400kV TÜRKGÜCÜ - GELİBOLU EİH,,updated,Direk | Karakteristik
Hat,4152,154kV MUSTAFAKEMALPAŞA - POYRAZ RES EİH,,unchanged,
Hat,4154,154kV VİRANŞEHİR - KIRLIK EİH,,unchanged,
Hat,4155,154kV ORDU - ALTINORDU EİH,,unchanged,
Hat,4162,154kV PS4 - BİSMİL2 EİH,,unchanged,
Hat,4165,400kV ÇOLAKOĞLU400 -> DİLİSKELESİ GİS - DİLERÇELİK EİH,,unchanged,
Hat,4166,154kV ÇOLAKOĞLU - ÇOLAKOĞLU400 EİH,,unchanged,
Hat,4170,154kV ALİAĞA2 - EREGE METAL - I EİH,,unchanged,
Hat,4172,154kV AMASYA RES - YENİDERE HAVZA EİH,,unchanged,
Hat,4176,400kV ADAPAZARI - KOCAELİ - II EİH,,updated,Direk
Hat,4177,400kV KOCAELİ - MAKİNA OSB EİH,,unchanged,
Hat,4179,400kV ERZİN DGKÇ - KOZAN HAVZA EİH,,unchanged,
Hat,4182,154kV AFYON2 - AFYON ÇİMENTO EİH,,unchanged,
Hat,4183,154kV BARLA - AFYON ÇİMENTO EİH,,unchanged,
Hat,4184,154kV KÖSEKÖY - KOCAELİ EİH,,unchanged,
Hat,4185,154kV FEVZİPAŞA - SARITEPE RES EİH,,unchanged,
Hat,4193,154kV HYUNDAI - KOCAELİ EİH,,unchanged,
Hat,4194,154kV KADINCIK2 HES - ÇAMLIYAYLA HAVZA EİH,,updated,Direk | Karakteristik | Pozitif Empedans (ohm) | Pozitif Kapasitans (μS) | Pozitif Reaktans (ohm) | Pozitif Rezistans (ohm) | Sıfır Empedans (ohm) | Sıfır Kapasitans (μS) | Sıfır Reaktans (ohm) | Sıfır Rezistans (ohm)
Hat,4200,154kV BALGAT - ÇİĞDEM EİH,,unchanged,
Hat,4201,400kV ARKUN HES - İSPİR HAVZA EİH,,unchanged,
Hat,4202,154kV TİREBOLU - AKYAZI EİH,,unchanged,
Hat,4203,154kV ARSİN - AKYAZI EİH,,unchanged,
Hat,4205,154kV ADAPAZARI - KOCAELİ - II EİH,,unchanged,
Hat,4207,154kV ADAPAZARI - MAKİNA OSB EİH,,unchanged,
Hat,4208,154kV BOZÜYÜK - VİTRA KARO EİH,,unchanged,
Hat,4209,154kV VİTRA KARO - BOZÜYÜK OSB EİH,,unchanged,
Hat,4211,154kV BALIKESİR - BALIKESİR SEKA EİH,,unchanged,
Hat,4212,154kV KÖYLÜKÖY - BALIKESİR EİH,,unchanged,
Hat,4213,154kV TOYOTASA - ASAŞ EİH,,unchanged,
Hat,4216,154kV IŞIKLAR - PANCAR OSB EİH,,unchanged,
Hat,4217,154kV MANİSA - SARUHANLI EİH,,unchanged,
Hat,4218,154kV NAZİLLİ - PAMUKÖREN JES EİH,,unchanged,
Hat,4221,154kV NİĞDE - NİĞDE ÇİMSA EİH,,unchanged,
Hat,4226,400kV OSMANCA - ZETES3 EİH,,unchanged,
Hat,4227,400kV ZETES2 - ZETES3 EİH,,unchanged,
Hat,4237,400kV BATMAN2 - SİİRT400 EİH,,updated,Direk | Karakteristik
Hat,4238,154kV ÇATES - ÇAYCUMA - II EİH,,unchanged,
Hat,4243,154kV POLATLI - DDY KOCAHACILI EİH,,unchanged,
Hat,4244,154kV PAYAS - ATAKAŞ EİH,,unchanged,
Hat,4247,154kV ÇOLAKOĞLU - SIDDIK EİH,,unchanged,
Hat,4249,154kV ÇERKEZKÖY - VELİMEŞE EİH,,unchanged,
Hat,4253,154kV TORTUM - ARTVİN - II EİH,,unchanged,
Hat,4254,154kV TORTUM - ARTVİN - I EİH,,unchanged,
Hat,4256,154kV CEYHAN2 - SEYHAN HES EİH,,unchanged,
Hat,4265,154kV DARAN HAVZA - YALNIZ ARDIÇ EİH,,unchanged,
Hat,4266,154kV DARAN HAVZA - DARAN HES EİH,,unchanged,
Hat,4267,154kV KOZBÜKÜ HES - ALTINORDU EİH,,unchanged,
Hat,4279,400kV ADA2 DGKÇ - ZETES2 EİH,,unchanged,
Hat,4280,154kV BURSA SANAYİ - DEMİRTAŞ EİH,,unchanged,
Hat,4281,154kV BURSA DGKÇ - DEMİRTAŞ - II EİH,,unchanged,
Hat,4283,154kV AKSU YEDİGÖL HES - İSPİR HAVZA EİH,,unchanged,
Hat,4284,154kV GÜLLÜBAĞ HES - İSPİR HAVZA EİH,,unchanged,
Hat,4287,154kV KUZGUN HES - İSPİR HAVZA EİH,,unchanged,
Hat,4293,154kV KAYSERİ3 - KAYSERİ1 EİH,,unchanged,
Hat,4294,154kV KAYSERİ2 - KAYSERİ1 EİH,,unchanged,
Hat,4295,400kV KIRIKKALE DGKÇ - KAYABAŞI EİH,,unchanged,
Hat,4297,154kV TÜMOSAN - ORTAKÖY EİH,,unchanged,
Hat,4298,400kV PAŞAKÖY - OSMANCA EİH,,unchanged,
Hat,4300,154kV ERENLER HES - ARTVİN EİH,,unchanged,
Hat,4302,400kV ILICA ZEKİ GÜRGEN - İSPİR HAVZA EİH,,unchanged,
Hat,4305,154kV BURSA DGKÇ - ORHANGAZİ - I EİH,,unchanged,
Hat,4307,154kV BURSA DGKÇS - KARSAK EİH,,unchanged,
Hat,4308,154kV ELMALI RES - MEDCEM EİH,,unchanged,
Hat,4309,154kV UŞAK OSB - KIŞLADAĞ EİH,,unchanged,
Hat,4313,154kV ARPA HES - ARTVİN EİH,,unchanged,
Hat,4316,154kV BORÇKA HES - ARTVİN EİH,,unchanged,
Hat,4317,154kV BAĞLUM - MACUNKÖY - I EİH,,unchanged,
Hat,4318,154kV BAĞLUM - OVACIK - I EİH,,unchanged,
Hat,4320,154kV BAĞLUM - OVACIK - II EİH,,unchanged,
Hat,4321,154kV ESENBOĞA - AKYURT EİH,,unchanged,
Hat,4322,154kV KALECİK - AKYURT EİH,,unchanged,
Hat,4325,154kV GÖKTAŞ2 HES - GÖKTAŞ1 HES EİH,,unchanged,
Hat,4326,154kV FERROKROM - ETİKROM EİH,,unchanged,
Hat,4327,154kV HEREKE - NUH ÇİMENTO - I EİH,,unchanged,
Hat,4328,154kV HEREKE - NUH ÇİMENTO - II EİH,,unchanged,
Hat,4332,154kV GÖKÇEDAĞ RES - SARITEPE RES EİH,,unchanged,
Hat,4333,154kV REŞADİYE - BEREKETLİ RES EİH,,unchanged,
Hat,4335,154kV REŞADİYE - TUNA HES EİH,,unchanged,
Hat,4338,154kV KIZKALESİ - ERDEMLİ EİH,,unchanged,
Hat,4339,154kV TAŞUCU - KIZKALESİ EİH,,unchanged,
Hat,4341,154kV GAZİANTEP - BAŞPINAR OSB - I EİH,,unchanged,
Hat,4345,154kV MUĞLA - FATMA RES EİH,,unchanged,
Hat,4346,154kV SERİK - KASIMLAR HES - II EİH,,unchanged,
Hat,4347,154kV DENİZLİ4 - ACARSOY DGKÇ EİH,,unchanged,
Hat,4348,154kV DENİZLİ4 - DENİZLİ1 EİH,,unchanged,
Hat,4352,154kV MEHMETHAN JES -> GERMENCİK - EFE JES EİH,,unchanged,
Hat,4357,154kV KIRŞEHİR - YERKÖY EİH,,unchanged,
Hat,4358,154kV YİBİTAŞ - YERKÖY EİH,,unchanged,
Hat,4363,154kV GEZENDE HES - GÜLNAR HAVZA EİH,,unchanged,
Hat,4365,154kV KAYSERİ KAPASİTÖR - TALAS - I EİH,,unchanged,
Hat,4366,154kV KAYSERİ KAPASİTÖR - TALAS - II EİH,,unchanged,
Hat,4367,154kV AKSA YALOVA DGKÇ - ORHANGAZİ EİH,,unchanged,
Hat,4371,154kV TORUL HES - GÜMÜŞHANE EİH,,unchanged,
Hat,4374,400kV KAYABAŞI - REŞADİYE EİH,,unchanged,
Hat,4376,400kV TEKİRDAĞ DGKÇ A - GELİBOLU EİH,,unchanged,
Hat,4378,154kV GEDİZ - UŞAK EİH,,unchanged,
Hat,4379,154kV ARAÇ - SFC ENTEGRE EİH,,unchanged,
Hat,4380,154kV KASTAMONU - SFC ENTEGRE EİH,,unchanged,
Hat,4392,400kV REŞADİYE - ALTINORDU EİH,,unchanged,
Hat,4396,154kV MAÇKA HAVZA - GÜMÜŞHANE EİH,,unchanged,
Hat,4401,154kV YÜKSEKOVA - BAŞKALE EİH,,unchanged,
Hat,4409,154kV SAMSUN1 - ÇARŞAMBA EİH,,unchanged,
Hat,4416,154kV ALİAĞA2 - HABAŞ DGKÇ - I EİH,,unchanged,
Hat,4417,154kV ALİAĞA2 - HABAŞ DGKÇ - II EİH,,unchanged,
Hat,4420,154kV HADIMKÖY - ESENYURT EİH,,unchanged,
Hat,4423,154kV ARDANUÇ - ARTVİN EİH,,unchanged,
Hat,4424,154kV KAYSERİ3 - ERKİLET EİH,,unchanged,
Hat,4425,154kV KAYSERİ2 - ERKİLET EİH,,unchanged,
Hat,4426,154kV URLA1 - KOCADAĞ RES EİH,,unchanged,
Hat,4427,400kV BEKİRLİ TES - CENAL TES EİH,,unchanged,
Hat,4428,400kV BANDIRMA DGKÇ - CENAL TES EİH,,unchanged,
Hat,4429,154kV HABAŞ DGKÇ - HABAŞ2 DGKÇ EİH,,unchanged,
Hat,4431,154kV ALİAĞA2 - HABAŞ EİH,,unchanged,
Hat,4432,154kV DORA3 JES - SULTANHİSAR JES EİH,,unchanged,
Hat,4433,154kV NAZİLLİ - SULTANHİSAR JES EİH,,unchanged,
Hat,4437,154kV DİYARBAKIR3 - ERGANİ ÇİMENTO EİH,,unchanged,
Hat,4445,154kV ALÇUK - HABAŞ DGKÇ - I EİH,,unchanged,
Hat,4446,154kV HACILAR - KIRIKKALE EİH,,unchanged,
Hat,4447,154kV HACILAR - KIRDEMİR EİH,,unchanged,
Hat,4448,154kV LARA - BELEK EİH,,unchanged,
Hat,4449,154kV YAVRUDOĞAN - BELEK EİH,,unchanged,
Hat,4455,154kV KIZILDERE1 JES - KIZILDERE2 JES - I EİH,,unchanged,
Hat,4456,154kV KIZILDERE1 JES - KIZILDERE2 JES - II EİH,,unchanged,
Hat,4458,154kV KAVŞAKBENDİ HES - DOĞANÇAY HES EİH,,unchanged,
Hat,4459,400kV GELİBOLU - CENAL TES - I EİH,,unchanged,
Hat,4460,400kV GELİBOLU - CENAL TES - II EİH,,unchanged,
Hat,4461,154kV TİRE RES - MEHMETHAN JES EİH,,unchanged,
Hat,4462,154kV TİRE - TİRE RES EİH,,unchanged,
Hat,4468,400kV GÖLBAŞI - İÇ ANADOLU DGKÇ EİH,,unchanged,
Hat,4469,400kV GÖKÇEKAYA HES - GÖLBAŞI EİH,,unchanged,
Hat,4470,400kV SİNCAN - TEMELLİ EİH,,unchanged,
Hat,4471,154kV ÇAYIRHAN TES - KARGI HES EİH,,unchanged,
Hat,4472,400kV ELGÜN - KIZILTEPE - II EİH,,updated,Bitiş Trafo Merkezi | Direk | Karakteristik | Pozitif Empedans (ohm) | Pozitif Kapasitans (μS) | Pozitif Reaktans (ohm) | Pozitif Rezistans (ohm) | Sıfır Empedans (ohm) | Sıfır Kapasitans (μS) | Sıfır Reaktans (ohm) | Sıfır Rezistans (ohm)
Hat,4473,400kV CİZRE - KASEK (IRAK) EİH,,unchanged,
Hat,4474,154kV BELKIS -> BİRECİK - ZEUGMA EİH,,unchanged,
Hat,4475,154kV ZEUGMA -> BİRECİK - BELKIS - I EİH,,unchanged,
Hat,4478,154kV BAĞIŞTAŞ - BAĞIŞTAŞ1 HES - I EİH,,unchanged,
Hat,4479,154kV BAĞIŞTAŞ - BAĞIŞTAŞ2 HES EİH,,unchanged,
Hat,4484,154kV YUNTDAĞI RES - BERGRES RES EİH,,unchanged,
Hat,4485,154kV BAĞIŞTAŞ - BAĞIŞTAŞ1 HES - II EİH,,unchanged,
Hat,4486,154kV NACARLI - MERSİN400 - I EİH,,unchanged,
Hat,4489,154kV KIZILDERE2 JES - KIZILDERE3 JES EİH,,unchanged,
Hat,4491,400kV İSTANBUL F.OİL DGKÇ (B) - YENİBOSNA EİH,,unchanged,
Hat,4492,400kV YEŞİLHİSAR - KOZAN HAVZA - I EİH,,unchanged,
Hat,4493,154kV YAZIR - KONYA ÇİMENTO EİH,,unchanged,
Hat,4495,154kV SİNCAN - ANKARA SANAYİ EİH,,unchanged,
Hat,4496,154kV SİNCAN - KAZAN DGKÇ EİH,,unchanged,
Hat,4497,154kV ANKARA SANAYİ - KAZAN DGKÇ EİH,,unchanged,
Hat,4503,154kV DEMİRDAĞ - BAĞIŞTAŞ2 HES EİH,,unchanged,
Hat,4504,154kV ZARA - DEMİRDAĞ EİH,,unchanged,
Hat,4506,154kV KANGAL TES - HASAN ÇELEBİ - I EİH,,unchanged,
Hat,4507,154kV KANGAL TES - HASAN ÇELEBİ - II EİH,,unchanged,
Hat,4508,154kV SİVAS - KANGAL TES EİH,,unchanged,
Hat,4509,154kV SİVAS OSB - KANGAL TES EİH,,unchanged,
Hat,4510,154kV SİVAS - SİVAS OSB EİH,,unchanged,
Hat,4512,154kV ZARA - SİVAS EİH,,unchanged,
Hat,4513,154kV SUŞEHRİ - ZARA EİH,,unchanged,
Hat,4514,154kV TOKAT - VOTORANTİM EİH,,unchanged,
Hat,4515,400kV KANGAL TES - DEÇEKO EİH,,unchanged,
Hat,4516,400kV KAYABAŞI - DEÇEKO EİH,,unchanged,
Hat,4518,154kV KANGAL RES - KANGAL TES EİH,,unchanged,
Hat,4520,154kV DORA3 JES - DORA4 JES EİH,,unchanged,
Hat,4521,154kV BOR - BOR OSB EİH,,unchanged,
Hat,4522,154kV TÜMOSAN - BOR OSB EİH,,unchanged,
Hat,4524,154kV YAHYALI BAK RES - AKSU RES EİH,,unchanged,
Hat,4526,154kV YAHYALI BAK RES - KURTKAYASI RES EİH,,unchanged,
Hat,4534,154kV KAVŞAKBENDİ HES - ALADAĞ EİH,,unchanged,
Hat,4535,154kV KOZAN HAVZA - ALADAĞ EİH,,unchanged,
Hat,4536,154kV PINARBAŞI - ELBİSTAN TES EİH,,unchanged,
Hat,4537,154kV ŞARKIŞLA - PINARBAŞI EİH,,unchanged,
Hat,4538,154kV YEŞİLVADİ - ABDULHAMİT HAN - I EİH,,unchanged,
Hat,4539,154kV YEŞİLVADİ - ABDULHAMİT HAN - II EİH,,unchanged,
Hat,4542,154kV VOTORANTİM - YENİ SİVAS EİH,,unchanged,
Hat,4543,154kV SİVAS - YENİ SİVAS EİH,,unchanged,
Hat,4547,154kV ALANYA - ALARA EİH,,unchanged,
Hat,4549,154kV TÜRKGÜCÜ - VELİMEŞE EİH,,unchanged,
Hat,4559,154kV KILAVUZLU - KİPAŞ MENSUCAT EİH,,unchanged,
Hat,4565,154kV ALÇUK - HABAŞ DGKÇ - II EİH,,unchanged,
Hat,4568,400kV VARSAK - OYMAPINAR HES EİH,,unchanged,
Hat,4569,154kV KÜÇÜKBAKKALKÖY - KADIKÖY EİH,,removed-from-source,
Hat,4570,154kV ALİAĞA2 - HABAŞ2 DGKÇ EİH,,unchanged,
Hat,4573,154kV ORDU HES - ALTINORDU EİH,,unchanged,
Hat,4574,154kV KOVANLIK HAVZA - ALTINORDU - I EİH,,unchanged,
Hat,4575,400kV VARSAK - AKSA ANTALYA DGKÇ EİH,,unchanged,
Hat,4584,154kV ÇORUM1 - BAYAT HAVZA EİH,,unchanged,
Hat,4585,154kV ÇANKIRI - BAYAT HAVZA EİH,,unchanged,
Hat,4587,154kV GERMENCİK - EFE6 JES EİH,,unchanged,
Hat,4589,154kV HEMA - CİDE EİH,,unchanged,
Hat,4599,400kV BAĞLUM - KURŞUNLU - I EİH,,unchanged,
Hat,4600,400kV BAĞLUM - KURŞUNLU - II EİH,,unchanged,
Hat,4601,400kV SİNCAN - KIRIKKALE DGKÇ EİH,,unchanged,
Hat,4602,154kV KILILI - KİPAŞ KAĞIT EİH,,unchanged,
Hat,4603,154kV DARICA1 HES - DARICA2 HES EİH,,unchanged,
Hat,4605,400kV KIRIKKALE DGKÇ - İÇ ANADOLU DGKÇ EİH,,unchanged,
Hat,4608,154kV KİĞI HES - KARAKOÇAN EİH,,unchanged,
Hat,4609,154kV ÖZLÜCE HES - KARAKOÇAN - I EİH,,unchanged,
Hat,4610,154kV ÖZLÜCE HES - KARAKOÇAN - II EİH,,unchanged,
Hat,4611,154kV KARAKOÇAN - BİNGÖL - I EİH,,removed-from-source,
Hat,4612,154kV KARAKOÇAN - BİNGÖL EİH,,updated,Adı | Belirteç
Hat,4613,400kV ILICA ZEKİ GÜRGEN - KARAKOÇAN EİH,,unchanged,
Hat,4618,154kV PAMUKÖREN JES - KUYUCAK JES EİH,,unchanged,
Hat,4625,400kV SOMA RES - SOMA KOLİN TES EİH,,unchanged,
Hat,4626,154kV TÜRKERLER ALAŞEHİR JES - ALAŞEHİR HAVZA EİH,,unchanged,
Hat,4627,154kV ZORLU ALAŞEHİR JES - ALAŞEHİR HAVZA EİH,,unchanged,
Hat,4628,154kV ALAŞEHİR HAVZA - KEMALİYE JES EİH,,unchanged,
Hat,4629,154kV DEMİRKÖPRÜ HES - ALAŞEHİR HAVZA EİH,,unchanged,
Hat,4630,154kV ALAŞEHİR - ALAŞEHİR HAVZA EİH,,unchanged,
Hat,4632,154kV KOZAN - KOZAN HAVZA EİH,,unchanged,
Hat,4635,154kV POSOF HAVZA - ARDAHAN EİH,,unchanged,
Hat,4636,154kV KOTANLI HES - ARDAHAN EİH,,unchanged,
Hat,4637,400kV GÖLBAŞI - KAYAŞ EİH,,unchanged,
Hat,4638,154kV BAŞTAŞ - KAYAŞ EİH,,unchanged,
Hat,4639,154kV ÇİMPOR - KAYAŞ EİH,,unchanged,
Hat,4641,154kV MAMAK - KAYAŞ - II EİH,,updated,NORMAL İŞLETME DURUMU
Hat,4642,154kV İMRAHOR - KAYAŞ - I EİH,,unchanged,
Hat,4643,154kV İMRAHOR - KAYAŞ - II EİH,,unchanged,
Hat,4648,400kV KIRIKKALE DGKÇ - KAYAŞ - I EİH,,unchanged,
Hat,4649,400kV KIRIKKALE DGKÇ - KAYAŞ - II EİH,,unchanged,
Hat,4650,154kV DARICA1 HES - KOZBÜKÜ HES EİH,,unchanged,
Hat,4651,154kV ORDU HES - DARICA2 HES EİH,,unchanged,
Hat,4652,154kV KARGI - TOSYA EİH,,unchanged,
Hat,4653,154kV TEMELLİ - POLATLI EİH,,unchanged,
Hat,4654,154kV TEMELLİ - POLATLI ÇİMENTO EİH,,unchanged,
Hat,4655,154kV POLATLI - POLATLI ÇİMENTO EİH,,unchanged,
Hat,4656,154kV BODRUM2 - KAROVA RES EİH,,unchanged,
Hat,4658,154kV ŞARKİKARAAĞAÇ - GELENDOST EİH,,unchanged,
Hat,4660,154kV MALATYA - MALORSA EİH,,unchanged,
Hat,4662,154kV ETİFOSFAT - ETİ BAKIR MAZIDAĞI EİH,,unchanged,
Hat,4663,154kV REŞADİYE - KELKİT HAVZA EİH,,unchanged,
Hat,4664,154kV SUŞEHRİ - KELKİT HAVZA EİH,,unchanged,
Hat,4667,154kV KARTAL - KURTKÖY - I EİH,,unchanged,
Hat,4668,154kV KARTAL - KURTKÖY - II EİH,,unchanged,
Hat,4670,154kV BURSA DGKÇ - RB KARESİ EİH,,unchanged,
Hat,4671,154kV OTOSANSİT - RB KARESİ EİH,,unchanged,
Hat,4672,154kV ALİBEYKÖY - KÜÇÜKKÖY EİH,,unchanged,
Hat,4675,154kV ALİBEYKÖY - ATIŞALANI EİH,,updated,Karakteristik | Pozitif Empedans (ohm) | Pozitif Kapasitans (μS) | Pozitif Reaktans (ohm) | Sıfır Empedans (ohm) | Sıfır Kapasitans (μS) | Sıfır Reaktans (ohm) | Sıfır Rezistans (ohm)
Hat,4676,154kV ALİBEYKÖY - YILDIZTEPE - III EİH,,unchanged,
Hat,4677,154kV KOTANLI HES - AKINCI HES ARDAHAN EİH,,unchanged,
Hat,4678,400kV KAPIÇAM - BAŞPINAR OSB EİH,,unchanged,
Hat,4682,154kV KAPIÇAM - KİPAŞ MENSUCAT EİH,,unchanged,
Hat,4683,154kV HACININOĞLU HES - KAPIÇAM - I EİH,,unchanged,
Hat,4684,154kV HACININOĞLU HES - KAPIÇAM - II EİH,,unchanged,
Hat,4687,400kV YEŞİLHİSAR - KOZAN HAVZA - II EİH,,unchanged,
Hat,4693,154kV TEGESAN - TÜRKGÜCÜ - I EİH,,unchanged,
Hat,4694,154kV TEGESAN - TÜRKGÜCÜ - II EİH,,unchanged,
Hat,4695,154kV VARSAK -> MANCARLIK - FERROKROM EİH,,unchanged,
Hat,4696,154kV MANCARLIK -> VARSAK - FERROKROM EİH,,unchanged,
Hat,4697,154kV FERROKROM -> MANCARLIK - VARSAK EİH,,unchanged,
Hat,4700,154kV HAMİTABAT DGKÇ - BABAESKİ EİH,,unchanged,
Hat,4715,154kV MERSİN2 - CAMİŞ MERSİN - I EİH,,unchanged,
Hat,4716,154kV MERSİN2 - CAMİŞ MERSİN - II EİH,,unchanged,
Hat,4718,154kV AKINCI HES ARDAHAN - ARDAHAN EİH,,unchanged,
Hat,4719,154kV YILDIZTEPE - SİLAHTAR EİH,,unchanged,
Hat,4720,154kV ENGİL - VAN1 EİH,,unchanged,
Hat,4722,154kV TAŞOLUK - YENİ HAVALİMANI - I EİH,,unchanged,
Hat,4737,154kV BEYŞEHİR - AKDAĞ RES EİH,,unchanged,
Hat,4740,154kV BÜSAN - KARATAY EİH,,unchanged,
Hat,4741,154kV ÇATES - ZETES1 EİH,,unchanged,
Hat,4742,154kV KOZLU - ZETES1 EİH,,unchanged,
Hat,4743,400kV HİLVAN - ELGÜN EİH,,unchanged,
Hat,4747,154kV URLA1 - URLA2 EİH,,unchanged,
Hat,4752,154kV PINARHİSAR - TRAKYA ÇİMENTO EİH,,unchanged,
Hat,4753,154kV PINARHİSAR - LİMAK ÇİMENTO EİH,,unchanged,
Hat,4755,154kV BAŞPINAR OSB - GASKİ2 EİH,,unchanged,
Hat,4756,154kV CEVİZLİK HES - İKİZDERE HAVZA EİH,,unchanged,
Hat,4757,154kV UMUT HES - AKKUŞ HAVZA EİH,,unchanged,
Hat,4758,154kV KARAKOÇAN - KİĞI HAVZA EİH,,unchanged,
Hat,4759,154kV KİĞI HES - KİĞI HAVZA EİH,,unchanged,
Hat,4761,154kV SEYRANTEPE HES - KARAKOÇAN EİH,,unchanged,
Hat,4763,154kV MAKİNA OSB - SIDDIK EİH,,unchanged,
Hat,4765,154kV PERENCO - DİYARBAKIR3 EİH,,unchanged,
Hat,4766,400kV KARTAL - YENİ DGKÇ EİH,,updated,Direk | Karakteristik | Pozitif Empedans (ohm) | Pozitif Kapasitans (μS) | Pozitif Reaktans (ohm) | Pozitif Rezistans (ohm) | Sıfır Empedans (ohm) | Sıfır Kapasitans (μS) | Sıfır Reaktans (ohm) | Sıfır Rezistans (ohm)
Hat,4768,154kV GÖBEL - ŞAH RES EİH,,unchanged,
Hat,4769,154kV KÖYLÜKÖY - GÖBEL EİH,,unchanged,
Hat,4770,154kV SEBENOBA RES - SAMANDAĞ EİH,,unchanged,
Hat,4771,154kV ZİYARET RES - SAMANDAĞ EİH,,unchanged,
Hat,4772,154kV HATAY - SAMANDAĞ EİH,,unchanged,
Hat,4773,154kV ŞEBİNKARAHİSAR - ÇAMOLUK EİH,,unchanged,
Hat,4777,154kV KULA - UŞAK400 EİH,,unchanged,
Hat,4778,154kV UŞAK OSB - UŞAK400 EİH,,unchanged,
Hat,4779,154kV SARIKAYA RES - ŞARKÖY EİH,,unchanged,
Hat,4780,154kV MARE RES - KOCADAĞ RES EİH,,unchanged,
Hat,4781,154kV FERROKROM - ELAZIĞ - II EİH,,unchanged,
Hat,4783,400kV SEYİTÖMER TES - UŞAK400 EİH,,unchanged,
Hat,4784,400kV IŞIKLAR - UŞAK400 EİH,,unchanged,
Hat,4785,154kV BATMAN2 - SİİRT ÇİMENTO KURTALAN EİH,,unchanged,
Hat,4787,154kV KASTAMONU - TOSYA EİH,,unchanged,
Hat,4788,154kV ÇANKIRI - TOSYA EİH,,unchanged,
Hat,4789,154kV KALKANDERE - İKİZDERE HAVZA EİH,,unchanged,
Hat,4790,154kV ALİBEYKÖY - ÇAĞLAYAN EİH,,unchanged,
Hat,4791,154kV ŞİŞLİ - ÇAĞLAYAN EİH,,unchanged,
Hat,4792,154kV KUŞADASI - ORTAKLAR OSB EİH,,unchanged,
Hat,4793,154kV GERMENCİK - ORTAKLAR OSB EİH,,unchanged,
Hat,4795,154kV GİRESUN - TİREBOLU - I EİH,,unchanged,
Hat,4798,400kV KIZILTEPE - CİZRE EİH,,updated,Başlangıç Trafo Merkezi | Direk | Karakteristik | Pozitif Empedans (ohm) | Pozitif Kapasitans (μS) | Pozitif Reaktans (ohm) | Pozitif Rezistans (ohm) | Sıfır Empedans (ohm) | Sıfır Kapasitans (μS) | Sıfır Reaktans (ohm) | Sıfır Rezistans (ohm)
Hat,4808,154kV SYCS ÇİMENTO - KÖMÜRHAN EİH,,unchanged,
Hat,4810,154kV TEPEÖREN - GEBZE OSB - III EİH,,unchanged,
Hat,4811,154kV TEPEÖREN - YARIMCA1 EİH,,unchanged,
Hat,4817,154kV UŞAK OSB -> BANAZ - UŞAK RES EİH,,removed-from-source,
Hat,4818,154kV AHLAT - ADİLCEVAZ EİH,,unchanged,
Hat,4821,154kV BERGAMA - SOMA ÇİMENTO EİH,,unchanged,
Hat,4822,154kV SOMA-B - SOMA ÇİMENTO EİH,,unchanged,
Hat,4823,154kV ÜMRANİYE - DUDULLU METRO EİH,,unchanged,
Hat,4824,154kV DUDULLU - DUDULLU METRO EİH,,unchanged,
Hat,4827,154kV CEYHAN2 - KOZAN HAVZA EİH,,unchanged,
Hat,4833,154kV KAHRAMANMARAŞ - İSKUR EİH,,unchanged,
Hat,4834,154kV CİHANBEYLİ - ALTINEKİN EİH,,unchanged,
Hat,4835,154kV DAVUTPAŞA - SULTANMURAT EİH,,unchanged,
Hat,4838,154kV BÜSAN - KONYA OSB - I EİH,,unchanged,
Hat,4839,154kV BÜSAN - KONYA OSB - II EİH,,unchanged,
Hat,4840,154kV KAYACIK - BAĞLAR RES EİH,,unchanged,
Hat,4841,154kV BAĞLAR RES - ARDIÇLI RES EİH,,unchanged,
Hat,4842,154kV İSTANBUL DGKÇ (A) - İKİTELLİ - I EİH,,updated,NORMAL İŞLETME DURUMU
Hat,4843,154kV İSTANBUL DGKÇ (A) - İKİTELLİ - II EİH,,unchanged,
Hat,4844,154kV KEMALPAŞA - BATIÇİM EİH,,unchanged,
Hat,4845,154kV MORSAN - KEMALPAŞA EİH,,unchanged,
Hat,4847,154kV MANİSA - MORSAN - II EİH,,unchanged,
Hat,4848,154kV BATMAN2 - BİSMİL1 - I EİH,,unchanged,
Hat,4849,154kV BATMAN2 - BİSMİL1 - II EİH,,unchanged,
Hat,4850,154kV BATMAN2 - BATMAN1 - II EİH,,unchanged,
Hat,4851,154kV BURSA SANAYİ KABLO - OSMANGAZİ KABLO EİH,,unchanged,
Hat,4855,400kV UZUNDERE - BORNOVA380 EİH,,unchanged,
Hat,4860,400kV IŞIKLAR - BORNOVA380 EİH,,unchanged,
Hat,4862,154kV ŞEMİKLER GİS - BORNOVA380 EİH,,unchanged,
Hat,4867,154kV HADIMKÖY - DELİKLİKAYA - I EİH,,unchanged,
Hat,4868,154kV HADIMKÖY - DELİKLİKAYA - II EİH,,unchanged,
Hat,4874,400kV TEKİRDAĞ DGKÇ A - DELİKLİKAYA EİH,,unchanged,
Hat,4876,400kV TÜRKGÜCÜ - DELİKLİKAYA - I EİH,,unchanged,
Hat,4877,400kV TÜRKGÜCÜ - DELİKLİKAYA - II EİH,,unchanged,
Hat,4880,154kV KARŞIYAKA - BORNOVA400 - I EİH,,unchanged,
Hat,4881,154kV KARŞIYAKA - BORNOVA400 - II EİH,,unchanged,
Hat,4883,400kV BATMAN2 - ILISU HES EİH,,unchanged,
Hat,4884,400kV KIZILTEPE - ILISU HES EİH,,updated,Başlangıç Trafo Merkezi
Hat,4885,400kV CİZRE - ILISU HES EİH,,unchanged,
Hat,4886,154kV CİZRE - ILISU HES EİH,,unchanged,
Hat,4889,154kV KAPIÇAM - İSKUR EİH,,unchanged,
Hat,4892,154kV TEPEÖREN - KURTKÖY EİH,,unchanged,
Hat,4895,154kV KALKANDERE - ÇAYKARA HES EİH,,unchanged,
Hat,4897,154kV KALKANDERE - ÇAMBAŞI HES EİH,,unchanged,
Hat,4898,154kV CEYHAN2 - KOZAN EİH,,unchanged,
Hat,4901,154kV KARAKAYA HES - SİVEREK EİH,,unchanged,
Hat,4902,154kV ELAZIĞ - KARAKAYA HES EİH,,unchanged,
Hat,4905,154kV BANAZ -> UŞAK OSB - UŞAK RES EİH,,removed-from-source,
Hat,4906,400kV BEYHAN1 HES - AŞAĞI KALEKÖY HES EİH,,unchanged,
Hat,4907,400kV YUKARI KALEKÖY HES - AŞAĞI KALEKÖY HES EİH,,unchanged,
Hat,4909,154kV NEVŞEHİR - AVANOS2 EİH,,unchanged,
Hat,4914,154kV BANDIRMA3 RES - EDİNCİK RES EİH,,unchanged,
Hat,4915,154kV BURSA SANAYİ - OSMANGAZİ HAVAİ EİH,,unchanged,
Hat,4916,154kV BURSA SANAYİ - OSMANGAZİ SAPLAMA EİH,,unchanged,
Hat,4918,154kV UŞAK OSB - KARMA OSB EİH,,unchanged,
Hat,4919,154kV UŞAK - KARMA OSB EİH,,unchanged,
Hat,4921,154kV KAZAN - KAZAN DGKÇ EİH,,unchanged,
Hat,4922,400kV BATMAN2 - AŞAĞI KALEKÖY HES EİH,,unchanged,
Hat,4925,154kV EBER RES - ÇAYSEKA EİH,,unchanged,
Hat,4926,154kV EBER RES - SANDIKLI EİH,,unchanged,
Hat,4927,154kV KÖKLÜCE HES - AKINCI HES EİH,,unchanged,
Hat,4928,154kV REŞADİYE - AKINCI HES EİH,,unchanged,
Hat,4932,154kV TORTUM - ALANBAŞI HAVZA EİH,,unchanged,
Hat,4934,154kV KAYNAŞLI - BOLU1 EİH,,unchanged,
Hat,4935,154kV BOLU2 - BOLU1 EİH,,unchanged,
Hat,4937,154kV ERBAA - TEPEKIŞLA HES EİH,,unchanged,
Hat,4938,154kV ATIŞALANI - TOPKAPI EİH,,unchanged,
Hat,4940,154kV DÜZOVA RES - DİKİLİ EİH,,unchanged,
Hat,4941,154kV TRABZON - KALKANDERE EİH,,unchanged,
Hat,4942,154kV ISPARTA - ULUBORLU RES EİH,,updated,Karakteristik | Pozitif Empedans (ohm) | Pozitif Kapasitans (μS) | Pozitif Reaktans (ohm) | Pozitif Rezistans (ohm) | Sıfır Empedans (ohm) | Sıfır Kapasitans (μS) | Sıfır Reaktans (ohm) | Sıfır Rezistans (ohm)
Hat,4943,154kV REŞADİYE - NİKSAR HES EİH,,unchanged,
Hat,4944,154kV İSTANBUL DGKÇ (A) - YAKUPLU EİH,,unchanged,
Hat,4948,154kV BERGAMA - BERGAMA VENTO RES EİH,,unchanged,
Hat,4951,154kV ADIYAMAN GÖLBAŞI - CERİT RES EİH,,unchanged,
Hat,4952,154kV BUHARKENT JES - KIZILDERE3 JES EİH,,unchanged,
Hat,4953,154kV ESTERGON - EDİRNE GİS EİH,,unchanged,
Hat,4955,154kV ÇAYCUMA - SAFRANBOLU EİH,,unchanged,
Hat,4956,154kV BAĞIŞTAŞ - ANAGOLD EİH,,unchanged,
Hat,4957,154kV YAYSUN GES - EREĞLİ KONYA EİH,,unchanged,
Hat,4958,154kV ALAŞEHİR HAVZA - UŞAK400 EİH,,unchanged,
Hat,4960,154kV ETİFOSFAT - MARDİN2 EİH,,unchanged,
Hat,4961,154kV KADINCIK2 HES - MERSİN400 EİH,,unchanged,
Hat,4962,154kV MERSİN TERMİK - MERSİN400 - I EİH,,unchanged,
Hat,4963,154kV ALİBEY RES - BERGAMA VENTO RES EİH,,unchanged,
Hat,4969,154kV ÜNİVERSİTE - BORNOVA400 EİH,,unchanged,
Hat,4970,154kV BATIÇİM - BORNOVA400 EİH,,unchanged,
Hat,4972,154kV IŞIKLAR - ÜNİVERSİTE - II EİH,,unchanged,
Hat,4973,154kV 3S KALE JES - GERMENCİK EİH,,unchanged,
Hat,4975,154kV ADANA - MİSİS - II EİH,,unchanged,
Hat,4976,154kV ADANA - MİSİS - I EİH,,unchanged,
Hat,4978,154kV OLUR HAVZA - ARDAHAN EİH,,unchanged,
Hat,4985,154kV DİNÇER ÇİMENTO - PAŞALAR EİH,,updated,NORMAL İŞLETME DURUMU
Hat,4987,154kV ÇATES - ÇAYCUMA - I EİH,,unchanged,
Hat,4988,400kV ÜMRANİYE - ATAŞEHİR EİH,,removed-from-source,
Hat,4994,154kV ALAŞEHİR - TÜRKERLER ALAŞEHİR3 JES EİH,,unchanged,
Hat,4995,154kV ALAŞEHİR HAVZA - TÜRKERLER ALAŞEHİR3 JES EİH,,unchanged,
Hat,4999,154kV YENİHİSAR RES - AKBÜK EİH,,unchanged,
Hat,5002,154kV EDREMİT - TÜMAD BURHANİYE EİH,,unchanged,
Hat,5003,154kV ALİBEY RES - TÜMAD BURHANİYE EİH,,unchanged,
Hat,5004,154kV KARATAY - KARAPINAR EİH,,unchanged,
Hat,5008,154kV ADANA - CİHADİYE - III EİH,,unchanged,
Hat,5009,400kV VARSAK - SERBEST BÖLGE EİH,,unchanged,
Hat,5013,154kV FİNİKE - ELMALI EİH,,unchanged,
Hat,5015,154kV YILDIRIM - OSMANGAZİ - I EİH,,unchanged,
Hat,5021,154kV KILIÇKAYA HES -> SUŞEHRİ - ŞEBİNKARAHİSAR EİH,,unchanged,
Hat,5022,154kV ŞEBİNKARAHİSAR -> SUŞEHRİ - KILIÇKAYA HES EİH,,unchanged,
Hat,5023,154kV SUŞEHRİ -> KILIÇKAYA HES - ŞEBİNKARAHİSAR EİH,,unchanged,
Hat,5027,154kV ERBAA - YAPRAK HES EİH,,unchanged,
Hat,5031,400kV ATIŞALANI - SAĞMALCILAR GİS EİH,,unchanged,
Hat,5032,154kV BATMAN HES - KOZLUK EİH,,unchanged,
Hat,5033,154kV GARZAN HES - KOZLUK EİH,,unchanged,
Hat,5034,154kV PİYALE - BORNOVA GİS EİH,,unchanged,
Hat,5038,154kV SEYHAN HES - KUZEY ADANA - I EİH,,unchanged,
Hat,5039,154kV SEYHAN HES - KUZEY ADANA - II EİH,,unchanged,
Hat,5041,154kV ÇAYCUMA - KARABÜK EİH,,unchanged,
Hat,5042,154kV İSTANBUL F.OİL DGKÇ (B) - İKİTELLİ - I EİH,,unchanged,
Hat,5043,154kV İSTANBUL F.OİL DGKÇ (B) - İKİTELLİ - II EİH,,unchanged,
Hat,5044,154kV ESKİŞEHİR3 - ESKİŞEHİR OSB - I EİH,,unchanged,
Hat,5045,154kV ESKİŞEHİR3 - ESKİŞEHİR OSB - II EİH,,unchanged,
Hat,5046,154kV EŞMEKAYA - TÜMOSAN EİH,,unchanged,
Hat,5047,154kV EŞMEKAYA - KIZÖREN EİH,,unchanged,
Hat,5048,154kV TERME - ÇARŞAMBA EİH,,unchanged,
Hat,5049,154kV TERME - ÜNYE EİH,,unchanged,
Hat,5050,154kV ASLANLAR - SELÇUK EİH,,unchanged,
Hat,5052,154kV ETİFOSFAT - DİYARBAKIR1 EİH,,unchanged,
Hat,5053,154kV VARSAK - ANTALYA SERBEST BÖLGE EİH,,unchanged,
Hat,5055,154kV BUCA - KARABAĞLAR EİH,,unchanged,
Hat,5060,154kV YENİKÖY TES - KAROVA RES EİH,,unchanged,
Hat,5064,154kV DİYARBAKIR3 - DİYARBAKIR OSB EİH,,unchanged,
Hat,5065,154kV KRALKIZI HES - DİYARBAKIR OSB EİH,,unchanged,
Hat,5066,154kV ALİAĞA1 GİS - PETKİM EİH,,unchanged,
Hat,5067,400kV GÖLBAŞI - SİNCAN EİH,,unchanged,
Hat,5070,154kV NACARLI - KADINCIK2 HES EİH,,unchanged,
Hat,5071,154kV NACARLI - KADINCIK1 HES EİH,,unchanged,
Hat,5072,154kV ÇATALAN HES - ZEYTİNLİ EİH,,updated,Direk | Karakteristik | Pozitif Empedans (ohm) | Pozitif Kapasitans (μS) | Pozitif Reaktans (ohm) | Pozitif Rezistans (ohm) | Sıfır Empedans (ohm) | Sıfır Kapasitans (μS) | Sıfır Reaktans (ohm) | Sıfır Rezistans (ohm) | Toplam Uzunluk (km)
Hat,5073,154kV ÇATALAN HES - KARAHAN EİH,,updated,Direk | Karakteristik | Pozitif Empedans (ohm) | Pozitif Kapasitans (μS) | Pozitif Reaktans (ohm) | Pozitif Rezistans (ohm) | Sıfır Empedans (ohm) | Sıfır Kapasitans (μS) | Sıfır Reaktans (ohm) | Sıfır Rezistans (ohm) | Toplam Uzunluk (km)
Hat,5078,154kV BURÇAK2 HES - BURÇAK1 HES EİH,,unchanged,
Hat,5079,154kV ALİAĞA1 GİS - STAR RAFİNERİ - I EİH,,unchanged,
Hat,5081,154kV TEKİRDAĞ - ASYAPORT LİMAN EİH,,unchanged,
Hat,5084,154kV HOTAMIŞ - KARAPINAR EİH,,unchanged,
Hat,5088,154kV ORHANELİ TES - ORHANELİ - I EİH,,unchanged,
Hat,5089,154kV ORHANELİ TES - ORHANELİ - II EİH,,unchanged,
Hat,5090,154kV POYRAZ RES - ORHANELİ EİH,,unchanged,
Hat,5092,400kV ALİAĞA2 - RAFİNERİ EİH,,unchanged,
Hat,5094,154kV ALİAĞA2 - RAFİNERİ - I EİH,,unchanged,
Hat,5095,154kV ALİAĞA OSB - RAFİNERİ EİH,,unchanged,
Hat,5098,154kV ALİAĞA1 GİS - STAR RAFİNERİ-II EİH,,unchanged,
Hat,5099,154kV ALİAĞA2 - RAFİNERİ - II EİH,,unchanged,
Hat,5100,154kV VİKİNG - RAFİNERİ EİH,,unchanged,
Hat,5106,154kV ÇÖÇELLİ - KÇS ÇİMENTO EİH,,unchanged,
Hat,5107,154kV KİLİS - LİMAK ÇİMENTO EİH,,unchanged,
Hat,5108,400kV ANTALYA SERBEST BÖLGE - AKSA ANTALYA DGKÇ - EİH,,unchanged,
Hat,5109,154kV BAFRA - ONDOKUZMAYIS EİH,,unchanged,
Hat,5111,154kV MANİSA - MANİSA OSB2 EİH,,unchanged,
Hat,5112,154kV MANİSA OSB2 - ALİAĞA2 EİH,,unchanged,
Hat,5117,154kV AKORSAN - AS ÇİMENTO EİH,,unchanged,
Hat,5119,154kV ADIYAMAN GÖLBAŞI - DOĞANKÖY EİH,,unchanged,
Hat,5121,154kV İNEGÖL - ORHANELİ EİH,,unchanged,
Hat,5126,154kV SARMAŞIK1-2 HES - HAYRAT HAVZA EİH,,unchanged,
Hat,5127,154kV KALKANDERE - HAYRAT HAVZA EİH,,unchanged,
Hat,5128,154kV ZORLU ALAŞEHİR JES - MİS-3 JES EİH,,unchanged,
Hat,5129,154kV ÖZMEN-1 JES - MİS-3 JES EİH,,unchanged,
Hat,5130,154kV KIRIKDAĞ HES -> HAKKARİ - YÜKSEKOVA EİH,,unchanged,
Hat,5131,154kV HAKKARİ -> KIRIKDAĞ HES - YÜKSEKOVA EİH,,unchanged,
Hat,5132,154kV YÜKSEKOVA -> HAKKARİ - KIRIKDAĞ HES EİH,,unchanged,
Hat,5133,400kV KARATAY - KONYA KUZEY EİH,,unchanged,
Hat,5134,400kV KARAKOÇAN - BEYHAN1 HES EİH,,unchanged,
Hat,5137,154kV LADİK - KONYA KUZEY - II EİH,,unchanged,
Hat,5138,154kV ALTINEKİN - KONYA KUZEY EİH,,unchanged,
Hat,5139,154kV TURANKÖY - ULUDAĞ GİS EİH,,unchanged,
Hat,5140,154kV YENİŞEHİR - ULUDAĞ GİS - II EİH,,unchanged,
Hat,5141,154kV YENİŞEHİR - ULUDAĞ GİS - I EİH,,unchanged,
Hat,5146,154kV İNEGÖL - ULUDAĞ GİS EİH,,unchanged,
Hat,5147,154kV LADİK - KONYA KUZEY - I EİH,,unchanged,
Hat,5148,154kV KONYA KUZEY - KONYA OSB - I EİH,,unchanged,
Hat,5152,154kV ERENLER HES - MURGUL EİH,,unchanged,
Hat,5153,154kV ALAŞEHİR HAVZA - ALA2 JES EİH,,unchanged,
Hat,5154,154kV KONYA KUZEY - SELÇUKLU EİH,,unchanged,
Hat,5155,154kV KONYA KUZEY - KONYA OSB - II EİH,,unchanged,
Hat,5156,154kV KAYACIK - KONYA KUZEY EİH,,unchanged,
Hat,5157,154kV BURSA SANAYİ - ORHANELİ EİH,,unchanged,
Hat,5158,154kV BEŞEVLER - ORHANELİ EİH,,unchanged,
Hat,5160,154kV SENDİREMEKE - ÖKSÜT MADENCİLİK EİH,,unchanged,
Hat,5161,400kV BURSA DGKÇS - ULUDAĞ GİS - II EİH,,unchanged,
Hat,5162,400kV ADAPAZARI - ULUDAĞ GİS EİH,,unchanged,
Hat,5163,154kV ADAPAZARI - SAKARYA EİH,,unchanged,
Hat,5164,154kV YAZIR - KONYA KUZEY EİH,,unchanged,
Hat,5169,400kV BURSA DGKÇS - ULUDAĞ GİS - I EİH,,unchanged,
Hat,5170,400kV KOCAELİ - ULUDAĞ GİS EİH,,unchanged,
Hat,5171,154kV ERENKÖY - SELÇUKLU EİH,,unchanged,
Hat,5172,154kV İNTEPE RES - GÜLPINAR RES EİH,,unchanged,
Hat,5173,154kV ÇANAKKALE ÇİMENTO - MASLAKTEPE RES EİH,,unchanged,
Hat,5175,154kV TAVAS - DENİZLİ RES EİH,,unchanged,
Hat,5180,154kV TUNÇBİLEK-A TES - ESKİŞEHİR3 EİH,,unchanged,
Hat,5181,154kV ESKİŞEHİR2 -> GÜRAĞAÇ - KÜMBET EİH,,unchanged,
Hat,5182,154kV SANDIKLI - KOCATEPE RES EİH,,unchanged,
Hat,5183,154kV KARABÜK - SAFRANBOLU EİH,,unchanged,
Hat,5184,154kV GREENECO JES-5 - KIZILDERE1 JES EİH,,unchanged,
Hat,5188,154kV ADIYAMAN GÖLBAŞI - DDY GÖLBAŞI EİH,,unchanged,
Hat,5189,154kV DDY FEVZİPAŞA - FEVZİPAŞA EİH,,unchanged,
Hat,5191,154kV MALORSA - DDY YAZLAK EİH,,unchanged,
Hat,5192,154kV AKSU MADENCİLİK - KANGAL TES EİH,,unchanged,
Hat,5193,154kV AKSU MADENCİLİK - DEMİRDAĞ EİH,,unchanged,
Hat,5197,154kV YILDIRIM - OSMANGAZİ - II EİH,,unchanged,
Hat,5198,154kV OSMANGAZİ - BURSA SANAYİ HAVAİ EİH,,unchanged,
Hat,5202,154kV TATLIPINAR RES - BALIKESİR OSB EİH,,unchanged,
Hat,5204,154kV ÇAKIL RES - ORHANGAZİ EİH,,unchanged,
Hat,5215,154kV FEVZİPAŞA - BAHÇE EİH,,unchanged,
Hat,5216,154kV MERSİN TERMİK - MERSİN400 - II EİH,,unchanged,
Hat,5217,154kV VİZE HAVZA - AİRRES4 EİH,,unchanged,
Hat,5220,154kV PINARHİSAR - ZELİHA RES EİH,,unchanged,
Hat,5221,154kV PINARHİSAR - KIRKLARELİ EİH,,removed-from-source,
Hat,5223,154kV İZMİT - ENERJİSA KÖSEKÖY EİH,,unchanged,
Hat,5224,154kV NACARLI - YAKAKÖY EİH,,unchanged,
Hat,5226,154kV TRAKYA ÇİMENTO - DEMİRKÖY EİH,,unchanged,
Hat,5227,154kV BEYLİKDÜZÜ - YAKUPLU EİH,,unchanged,
Hat,5228,154kV HASANAĞA - GÖRÜKLE EİH,,unchanged,
Hat,5229,154kV HASANAĞA - ULUABAT HES EİH,,unchanged,
Hat,5230,154kV HAVZA RES - KAVAK OSB EİH,,unchanged,
Hat,5233,154kV UŞAK OSB - UŞAK400 - II EİH,,unchanged,
Hat,5235,154kV ÇAĞLAYAN HAVZA -> KISIK HES - GÖKSUN EİH,,unchanged,
Hat,5236,154kV KISIK HES -> ÇAĞLAYAN HAVZA - GÖKSUN EİH,,unchanged,
Hat,5237,154kV GÖKSUN -> ÇAĞLAYAN HAVZA - KISIK HES EİH,,unchanged,
Hat,5241,154kV DİNÇER ÇİMENTO - MERYEM RES EİH,,unchanged,
Hat,5242,154kV SÖĞÜT - MERYEM RES EİH,,unchanged,
Hat,5244,154kV ÇAKIL RES - YALOVA RES EİH,,unchanged,
Hat,5245,154kV ÇAKIL RES - KÜREKDAĞI RES EİH,,unchanged,
Hat,5246,154kV ANTALYA SERBEST BÖLGE - ANTALYA GÖKSU EİH,,unchanged,
Hat,5248,154kV VARSAK - ANTALYA GÖKSU EİH,,unchanged,
Hat,5251,154kV AKBELEN - MERSİN3 EİH,,unchanged,
Hat,5252,154kV TAŞUCU - MERSİN3 EİH,,removed-from-source,
Hat,5254,154kV KARTAL - İÇMELER - II EİH,,unchanged,
Hat,5256,400kV ALİBEYKÖY - TAŞOLUK EİH,,unchanged,
Hat,5258,154kV DDY ÇAYIRBAŞI - ADATOPRAKPINAR EİH,,unchanged,
Hat,5259,154kV KOCAHACILI - ADATOPRAKPINAR EİH,,unchanged,
Hat,5260,154kV BURSA DGKÇ - OTOSANSİT EİH,,unchanged,
Hat,5261,154kV YILDIRIM - ULUDAĞ GİS EİH,,unchanged,
Hat,5262,154kV KARAHALLI - KARMA OSB EİH,,unchanged,
Hat,5264,154kV ÇERKEZKÖY - ÇERKEZKÖY ENERJİ TM EİH,,unchanged,
Hat,5269,154kV DİLİSKELESİ GİS - MAKİNA OSB EİH,,unchanged,
Hat,5270,400kV BAŞPINAR OSB - ŞEHİTKAMİL OSB - I EİH,,updated,Direk | Karakteristik | Pozitif Empedans (ohm) | Pozitif Kapasitans (μS) | Pozitif Reaktans (ohm) | Pozitif Rezistans (ohm) | Sıfır Empedans (ohm) | Sıfır Kapasitans (μS) | Sıfır Reaktans (ohm) | Sıfır Rezistans (ohm) | Toplam Uzunluk (km)
Hat,5271,154kV KARAKÖPRÜ - ŞANLIURFA EİH,,unchanged,
Hat,5272,154kV KARAKÖPRÜ - ŞANLIURFA ÇİMENTO EİH,,unchanged,
Hat,5276,154kV AKOCAK HES - ARAKLI EİH,,unchanged,
Hat,5277,154kV ARSİN - ARAKLI EİH,,unchanged,
Hat,5278,154kV KİRAZLI RES - NAZİLLİ EİH,,unchanged,
Hat,5281,154kV ÇİNE - AYDIN EİH,,unchanged,
Hat,5283,400kV IŞIKLAR - GERMENCİK EİH,,unchanged,
Hat,5284,400kV YATAĞAN TES - GERMENCİK EİH,,unchanged,
Hat,5285,154kV MAÇKA HAVZA - AKYAZI EİH,,unchanged,
Hat,5286,154kV YAHYALI BAK RES - YAHYALI SANCAK RES EİH,,unchanged,
Hat,5288,154kV YAHYALI BAK RES - ÖKSÜT MADENCİLİK EİH,,unchanged,
Hat,5293,154kV YAKAKÖY - AKBELEN EİH,,unchanged,
Hat,5296,154kV ILISU HES -> GERCÜŞ - GEÇİCİ ILISU EİH,,unchanged,
Hat,5305,400kV SİİRT380 - ÇETİN HES EİH,,unchanged,
Hat,5310,154kV AKSARAY - YENİKAPI - I EİH,,unchanged,
Hat,5311,154kV AKSARAY - ATIŞALANI EİH,,unchanged,
Hat,5312,400kV OYMAPINAR - OYMAPINAR HES - I EİH,,unchanged,
Hat,5313,400kV OYMAPINAR - OYMAPINAR HES - II EİH,,unchanged,
Hat,5314,66kV KEPEZ1 HES - KEPEZ2 HES EİH,,unchanged,
Hat,5324,154kV AKSARAY - YENİKAPI - II EİH,,unchanged,
Hat,5327,154kV KIZILIRMAK -> KIRIKKALE - KESİKKÖPRÜ HES EİH,,unchanged,
Hat,5328,154kV BURDUR - AKYAKA EİH,,unchanged,
Hat,5332,154kV DDY GAZİRAY - GAZİANTEP EİH,,unchanged,
Hat,5335,154kV KIZILIRMAK - ŞEREFLİKOÇHİSAR EİH,,unchanged,
Hat,5336,154kV KIZILIRMAK - KULU EİH,,unchanged,
Hat,5337,154kV HİRFANLI HES - KIZILIRMAK - I EİH,,unchanged,
Hat,5338,154kV HİRFANLI HES - KIZILIRMAK - II EİH,,unchanged,
Hat,5339,154kV BOZDOĞAN - NAZİLLİ EİH,,unchanged,
Hat,5340,154kV BOZDOĞAN - KEMER HES EİH,,unchanged,
Hat,5341,154kV KIZILIRMAK - KIRŞEHİR EİH,,unchanged,
Hat,5342,154kV İZMİR HAVZA - BERGRES RES EİH,,unchanged,
Hat,5343,154kV İSTANBUL F.OİL DGKÇ (B) - SULTANMURAT EİH,,unchanged,
Hat,5344,154kV TAŞOLUK - YENİ HAVALİMANI - II EİH,,unchanged,
Hat,5345,400kV İZMİR HAVZA - RAFİNERİ EİH,,unchanged,
Hat,5349,154kV BERGAMA - ÖRLEMİŞ RES EİH,,unchanged,
Hat,5350,154kV ALİAĞA OSB - ÖRLEMİŞ RES EİH,,unchanged,
Hat,5352,154kV MEYDANCIK HAVZA - ARTVİN EİH,,unchanged,
Hat,5353,154kV ÇİNE - ÇİNE HES EİH,,unchanged,
Hat,5356,154kV ALAPLI - AKÇAKOCA EİH,,unchanged,
Hat,5357,154kV ALAPLI - BÖLÜCEK EİH,,unchanged,
Hat,5358,154kV DDY A.PINARBAŞI - MUTLU5 RES EİH,,unchanged,
Hat,5359,154kV DDY GÖZLÜ - MUTLU5 RES EİH,,unchanged,
Hat,5360,400kV VARSAK - KIZILOT EİH,,unchanged,
Hat,5361,400kV OYMAPINAR - KIZILOT EİH,,unchanged,
Hat,5365,154kV TRAKYA ÇİMENTO - VİZE 2 RES EİH,,unchanged,
Hat,5366,154kV VİZE 2 RES - AİRRES4 EİH,,unchanged,
Hat,5367,154kV ALİAĞA1 GİS - SEYİTALİ RES EİH,,unchanged,
Hat,5368,154kV ALİAĞA1 GİS - RAFİNERİ EİH,,unchanged,
Hat,5372,154kV TARSUS - YENİ ŞEHİTLİK EİH,,unchanged,
Hat,5373,154kV TARSUS - NACARLI EİH,,unchanged,
Hat,5375,154kV SEYMEN BES - YAMAÇTEPE RES EİH,,unchanged,
Hat,5377,154kV DARICA1 - TOPÇAM HES EİH,,unchanged,
Hat,5378,154kV GÖLKÖY - TOPÇAM HES EİH,,unchanged,
Hat,5379,154kV SÖKE - BAFA RES EİH,,unchanged,
Hat,5380,154kV YENİHİSAR RES - BAFA RES EİH,,unchanged,
Hat,5381,154kV BULANCAK - ORDU EİH,,unchanged,
Hat,5382,154kV BULANCAK - TİREBOLU EİH,,unchanged,
Hat,5383,154kV GİRESUN - ALTINORDU EİH,,unchanged,
Hat,5384,154kV OSMANCA - DÜZCE OSB EİH,,unchanged,
Hat,5385,154kV KAYNAŞLI - DÜZCE OSB EİH,,unchanged,
Hat,5386,154kV MERSİN TERMİK - NACARLI EİH,,unchanged,
Hat,5387,154kV ARDANUÇ - ARDAHAN EİH,,unchanged,
Hat,5388,154kV GÖLPAZARI - PAŞALAR EİH,,unchanged,
Hat,5389,154kV VİZE HAVZA - EVRENCİK RES EİH,,unchanged,
Hat,5392,154kV TATVAN - BAĞLAMA RES EİH,,unchanged,
Hat,5393,154kV ENGİL - BAĞLAMA RES EİH,,unchanged,
Hat,5394,154kV ÇERÇİKAYA RES - KARLITEPE RES EİH,,unchanged,
Hat,5395,154kV PETKİM - BERGRES RES EİH,,unchanged,
Hat,5396,154kV PETKİM - RAFİNERİ EİH,,unchanged,
Hat,5397,154kV ALİAĞA2 - RAFİNERİ - III EİH,,unchanged,
Hat,5398,154kV KARAPINAR - KARAPINAR ACIGÖL GES - I EİH,,unchanged,
Hat,5399,154kV KARAPINAR - KARAPINAR ACIGÖL GES - II EİH,,unchanged,
Hat,5400,154kV KARAMAN OSB - TEKSİN GES EİH,,unchanged,
Hat,5403,154kV PAYAS - NURSAN EİH,,unchanged,
Hat,5405,154kV AKYEL 1 RES - TEKSİN GES EİH,,unchanged,
Hat,5407,400kV ALPASLAN2 HES - YUKARI KALEKÖY HES EİH,,unchanged,
Hat,5409,154kV KAHTA - KARAKAYA HES EİH,,unchanged,
Hat,5410,154kV SİNCİK HAVZA - KAHTA EİH,,unchanged,
Hat,5411,154kV ASAŞ - MAV BİYOKÜTLE EİH,,unchanged,
Hat,5413,154kV MERSİNLİ RES - FUAT RES EİH,,unchanged,
Hat,5414,154kV MERSİNLİ RES - TİRE EİH,,unchanged,
Hat,5415,400kV HAMİTABAT DGKÇ - VİZE HAVZA EİH,,unchanged,
Hat,5419,154kV KUYULUKOYAK RES - LADİK EİH,,unchanged,
Hat,5420,400kV BEKİRLİ TES - ÇAN HAVZA EİH,,unchanged,
Hat,5421,400kV ÇAN HAVZA - SOMA-B EİH,,removed-from-source,
Hat,5422,400kV ÇAN2 TES - ÇAN HAVZA - I EİH,,unchanged,
Hat,5423,400kV ÇAN2 TES - ÇAN HAVZA - II EİH,,unchanged,
Hat,5424,154kV HENDEK - CUMAYERİ EİH,,unchanged,
Hat,5425,154kV OSMANCA - CUMAYERİ EİH,,unchanged,
Hat,5426,154kV İNEGÖL - EDEBEY EİH,,unchanged,
Hat,5430,154kV KOVANLIK HAVZA - KOVANLIK HES EİH,,unchanged,
Hat,5431,154kV AKŞEHİR - ILGIN EİH,,unchanged,
Hat,5433,154kV KOCALAR RES - ÇAN HAVZA EİH,,unchanged,
Hat,5434,154kV MORSAN - SİBEL RES EİH,,unchanged,
Hat,5435,154kV IŞIKLAR - SİBEL RES EİH,,unchanged,
Hat,5436,154kV ÇAMINBAŞI RES - KUYULUKOYAK RES EİH,,unchanged,
Hat,5437,154kV KOCALAR RES - SAROS RES EİH,,unchanged,
Hat,5439,154kV KEMER HES - GÖKZİRVE RES EİH,,unchanged,
Hat,5440,154kV GÖKZİRVE RES - FATMA RES EİH,,unchanged,
Hat,5441,154kV MASLAKTEPE RES - GAZİ-9 RES EİH,,unchanged,
Hat,5447,154kV ERZURUM - PASİNLER HAVZA EİH,,unchanged,
Hat,5448,154kV HORASAN - PASİNLER HAVZA EİH,,unchanged,
Hat,5449,154kV AKÇALAR - GÜNEY-1 RES EİH,,unchanged,
Hat,5450,154kV HARMANLIK RES - GÜNEY-1 RES EİH,,unchanged,
Hat,5451,154kV BAHRİBABA - HİLAL EİH,,unchanged,
Hat,5452,154kV BAHRİBABA - BOZYAKA EİH,,unchanged,
Hat,5453,154kV VAN2 - VAN ARISU GES EİH,,unchanged,
Hat,5454,154kV KORU RES - YENİKÖY RES EİH,,unchanged,
Hat,5455,154kV SİLİVRİ RES - ÖMERLİ RES EİH,,unchanged,
Hat,5456,154kV SEYMEN BES - ÖMERLİ RES EİH,,unchanged,
Hat,5458,154kV PAZARKÖY RES - ESAN EİH,,unchanged,
Hat,5460,154kV ESKİŞEHİR3 - KARTAL RES EİH,,unchanged,
Hat,5461,154kV YAMAÇTEPE RES - GAZİOSMANPAŞA RES EİH,,unchanged,
Hat,5462,154kV KÜREKDAĞI RES - SELİMİYE RES EİH,,unchanged,
Hat,5463,154kV TAYAKADIN RES - GAZİOSMANPAŞA RES EİH,,unchanged,
Hat,5468,66kV REYHANLI - AFRİN - I (SURİYE) EİH,,unchanged,
Hat,5469,154kV SOĞANLI RES - ÇAYKARA HAVZA EİH,,unchanged,
Hat,5471,154kV GERMENCİK - NEZİHE BEREN JES EİH,,unchanged,
Hat,5472,154kV NEZİHE BEREN JES - SELÇUK EİH,,unchanged,
Hat,5473,154kV DAĞPAZARI RES - SERTAVUL RES EİH,,unchanged,
Hat,5474,154kV KARGI HES - GÜRSÖĞÜT HES EİH,,unchanged,
Hat,5475,154kV ŞEMİKLER - ATAER EİH,,unchanged,
Hat,5476,154kV ULU RES - ORHANELİ EİH,,unchanged,
Hat,5477,154kV ULU RES - İNEGÖL EİH,,unchanged,
Hat,5479,154kV HACILAR - ATAKALE RES EİH,,unchanged,
Hat,5481,154kV BALIKESİR - ŞAPDAĞI RES EİH,,unchanged,
Hat,5482,154kV ALTINOLUK - ŞAPDAĞI RES EİH,,unchanged,
Hat,5483,154kV PS3 - CİZRE EİH,,unchanged,
Hat,5487,154kV GÖKTEPE RES - YALOVA RES EİH,,unchanged,
Hat,5488,154kV ADAPAZARI - GEYVE RES EİH,,unchanged,
Hat,5490,154kV AFYON2 - İSCEHİSAR EİH,,unchanged,
Hat,5493,154kV DDY ÇAYIRBAŞI - ALTINOVA EİH,,unchanged,
Hat,5495,154kV ALTINOVA - YUNAK EİH,,unchanged,
Hat,5497,154kV ALTINOLUK - AYVACIK EİH,,unchanged,
Hat,5498,154kV OYMAPINAR - KIZILOT EİH,,unchanged,
Hat,5499,154kV ALANYA - KIZILOT - I EİH,,unchanged,
Hat,5501,154kV HASANAĞA - TAŞPINAR RES EİH,,unchanged,
Hat,5502,154kV İZMİT - MAKİNA OSB EİH,,unchanged,
Hat,5504,154kV BOZÜYÜK - BOZÜYÜK RES EİH,,unchanged,
Hat,5505,154kV SEYİTÖMER TES - BOZÜYÜK RES EİH,,unchanged,
Hat,5506,154kV KUZULUK - ZONGULDAK RES EİH,,unchanged,
Hat,5507,154kV ADAPAZARI RES - ZONGULDAK RES EİH,,unchanged,
Hat,5509,154kV KAYNARCA - KANDIRA RES EİH,,unchanged,
Hat,5511,154kV ŞİLE RES - YAMAÇTEPE RES EİH,,unchanged,
Hat,5512,154kV HAMİTABAT DGKÇ - KIRKLARELİ DGKÇ EİH,,removed-from-source,
Hat,5513,154kV ÇAN TES - ÇAN HAVZA - I EİH,,unchanged,
Hat,5515,154kV ÇAN TES - ÇAN HAVZA - II EİH,,unchanged,
Hat,5516,154kV PAZARKÖY RES - ÇAN HAVZA EİH,,unchanged,
Hat,5517,154kV KIZILIRMAK -> ATAKALE RES - KESİKKÖPRÜ HES EİH,,unchanged,
Hat,5518,154kV ATAKALE RES -> KESİKKÖPRÜ HES - KIZILIRMAK EİH,,unchanged,
Hat,5520,154kV KAYNARCA - FERİZLİ OSB EİH,,unchanged,
Hat,5521,154kV GÖNEN - ÇAN HAVZA EİH,,removed-from-source,
Hat,5525,154kV YIĞILCA ÇİMENTO - OSMANCA EİH,,unchanged,
Hat,5526,154kV ALİAĞA BERGAMA RES - İZMİR HAVZA EİH,,unchanged,
Hat,5527,154kV İZMİR HAVZA - KINIK RES EİH,,unchanged,
Hat,5528,154kV SİİRT - BARAN HES EİH,,unchanged,
Hat,5529,154kV ŞIRNAK - BARAN HES EİH,,unchanged,
Hat,5530,154kV ERBAA - YENİDERE HAVZA EİH,,unchanged,
Hat,5531,154kV GÜNEYSINIR - MAVİ HES EİH,,unchanged,
Hat,5532,154kV İÇDAŞ - ÇAN HAVZA EİH,,unchanged,
Hat,5534,154kV BAHÇE - OSMANİYE2 EİH,,unchanged,
Hat,5535,154kV HASANBEYLİ RES - OSMANİYE2 EİH,,unchanged,
Hat,5536,154kV ASLANTAŞ HES - OSMANİYE2 - I EİH,,unchanged,
Hat,5537,154kV ASLANTAŞ HES - OSMANİYE2 - II EİH,,unchanged,
Hat,5539,154kV OSMANİYE - OSMANİYE2 EİH,,unchanged,
Hat,5540,154kV TİREBOLU - KOÇLU HES EİH,,unchanged,
Hat,5544,154kV BURGAZ RES - GELİBOLU EİH,,unchanged,
Hat,5545,154kV BÜYÜKÇEKMECE - ÇATALCA EİH,,unchanged,
Hat,5550,154kV ÇATALCA - DELİKLİKAYA EİH,,unchanged,
Hat,5553,154kV ÇATES - BARTIN EİH,,unchanged,
Hat,5555,154kV BARTIN - HEMA EİH,,unchanged,
Hat,5557,154kV ŞANLIURFA ÇİMENTO - KARACA EİH,,unchanged,
Hat,5558,154kV ALARA - KIZILOT EİH,,unchanged,
Hat,5559,154kV ALANYA - KIZILOT - II EİH,,unchanged,
Hat,5562,154kV ASİLDEMİR ÇELİK - KARSAK EİH,,unchanged,
Hat,5563,154kV ASİLDEMİR ÇELİK - ORHANGAZİ EİH,,unchanged,
Hat,5569,154kV TAŞOLUK - İSTAÇ BES EİH,,unchanged,
Hat,5572,154kV BİRECİK -> ZEUGMA - BELKIS EİH,,unchanged,
Hat,5573,154kV BİRECİK - BELKIS - II EİH,,unchanged,
Hat,5575,154kV ÇORUM1 - MERZİFON EİH,,unchanged,
Hat,5577,154kV GERMENCİK - KUBİLAY JES EİH,,unchanged,
Hat,5578,154kV GERMENCİK - KUŞADASI RES EİH,,unchanged,
Hat,5579,154kV SIRRIN - KIRLIK EİH,,unchanged,
Hat,5580,154kV EMİRLER - KULU EİH,,unchanged,
Hat,5582,154kV HAVZA RES - MERZİFON EİH,,unchanged,
Hat,5583,154kV VEZİRKÖPRÜ - MERZİFON EİH,,unchanged,
Hat,5584,154kV GAZİANTEP - KUZEYŞEHİR EİH,,unchanged,
Hat,5585,154kV SARIL PS - KUZEYŞEHİR EİH,,unchanged,
Hat,5586,154kV YEŞİLVADİ - TAŞLICA EİH,,unchanged,
Hat,5587,154kV DDY GAZİRAY - TAŞLICA EİH,,unchanged,
Hat,5588,154kV BELKIS - ELBEYLİ EİH,,unchanged,
Hat,5590,400kV VAN2 -> SİİRT 380 - ALPASLAN2 HES EİH,,unchanged,
Hat,5592,154kV KAYAKÖPRÜ HES -> YAĞLIDERE - KOÇLU HES EİH,,unchanged,
Hat,5593,154kV KOÇLU HES -> YAĞLIDERE - KAYAKÖPRÜ HES EİH,,unchanged,
Hat,5594,154kV YAĞLIDERE -> KAYAKÖPRÜ - KOÇLU HES EİH,,unchanged,
Hat,5595,400kV SİİRT 380 -> VAN2 - ALPASLAN2 HES EİH,,unchanged,
Hat,5596,400kV ALPASLAN2 HES -> VAN2 - SİİRT 380 EİH,,unchanged,
Hat,5598,154kV DALAMAN - AKKÖPRÜ HES EİH,,unchanged,
Hat,5599,154kV BÜYÜKÇEKMECE - DELİKLİKAYA EİH,,unchanged,
Hat,5600,154kV EŞMEKAYA - TUZGÖLÜ GEÇİCİ EİH,,unchanged,
Hat,5601,154kV SÖKE - MAREN EİH,,unchanged,
Hat,5603,154kV DALAMAN - FETHİYE EİH,,unchanged,
Hat,5604,154kV KINIK RES - KINIK EİH,,unchanged,
Hat,5605,154kV AMASYA - MERZİFON EİH,,unchanged,
Hat,5606,154kV KAYADÜZÜ RES - MERZİFON EİH,,unchanged,
Hat,5607,154kV KALECİK - DDY İZZETTİN EİH,,unchanged,
Hat,5608,154kV SARIKAYA RES - GELİBOLU EİH,,unchanged,
Hat,5609,400kV ZETES3 - BARTIN OSB EİH,,unchanged,
Hat,5610,154kV MALORSA - YAZIHAN HAVZA EİH,,unchanged,
Hat,5613,400kV YILDIZTEPE - SAĞMALCILAR GİS EİH,,unchanged,
Hat,5620,400kV ÜMRANİYE - KAVACIK EİH,,unchanged,
Hat,5621,400kV ALİBEYKÖY - KAVACIK EİH,,updated,Direk | Karakteristik | Pozitif Empedans (ohm) | Pozitif Kapasitans (μS) | Pozitif Reaktans (ohm) | Pozitif Rezistans (ohm) | Sıfır Empedans (ohm) | Sıfır Kapasitans (μS) | Sıfır Reaktans (ohm) | Sıfır Rezistans (ohm)
Hat,5622,400kV ADA2 DGKÇS - KAVACIK EİH,,unchanged,
Hat,5623,400kV BEYKOZ - KAVACIK EİH,,unchanged,
Hat,5624,154kV KARAKUZ HES - EĞLENCE1 HES EİH,,unchanged,
Hat,5626,400kV YILDIZTEPE - ÇAĞLAYAN EİH,,unchanged,
Hat,5627,400kV KARAPINAR MEKE GÖLÜ GES - KARATAY EİH,,unchanged,
Hat,5628,400kV KARAPINAR MEKE GÖLÜ GES - YEŞİLHİSAR EİH,,unchanged,
Hat,5629,154kV MUĞLA GÜNEY - MARMARİS2 EİH,,unchanged,
Hat,5630,154kV ALTINTEPE - ÇAĞLAYAN EİH,,unchanged,
Hat,5632,154kV AKSARAY - DAVUTPAŞA EİH,,unchanged,
Hat,5633,154kV MARMARİS1 - MUĞLA GÜNEY EİH,,removed-from-source,
Hat,5634,400kV İSTANBUL RES - VİZE HAVZA EİH,,unchanged,
Hat,5635,400kV İSTANBUL RES - TAŞOLUK EİH,,unchanged,
Hat,5637,154kV MUĞLA - MUĞLA GÜNEY EİH,,unchanged,
Hat,5638,66kV REYHANLI - HAREM (SURİYE) EİH,,updated,Adı | Belirteç | Direk
Hat,5640,154kV YENİKÖY TES - MİLAS EİH,,unchanged,
Hat,5641,154kV YATAĞAN TES - YENİKÖY TES EİH,,unchanged,
Hat,5643,154kV KOZAN HAVZA - FEKE HAVZA EİH,,unchanged,
Hat,5645,154kV SALİHLİ - SALİHLİ3 JES EİH,,unchanged,
Hat,5647,154kV DEMİRKÖPRÜ HES - DERBENT EİH,,unchanged,
Hat,5648,154kV AKKÖPRÜ - HASKÖY EİH,,unchanged,
Hat,5649,154kV AKKÖPRÜ - MACUNKÖY - II EİH,,unchanged,
Hat,5650,154kV TORUL HES - DERYA2 HES EİH,,unchanged,
Hat,5651,154kV ESBAŞ - GAZİEMİR EİH,,unchanged,
Hat,5652,154kV ESBAŞ - UZUNDERE EİH,,unchanged,
Hat,5653,154kV ÜMİTKÖY - ÇİĞDEM EİH,,unchanged,
Hat,5654,154kV ÜMİTKÖY - BİLKENT EİH,,unchanged,
Hat,5655,154kV ÇİĞDEM - BİLKENT EİH,,unchanged,
Hat,5659,154kV TÜMAD LAPSEKİ - GELİBOLU RES EİH,,unchanged,
Hat,5660,154kV KORU RES - GELİBOLU RES EİH,,unchanged,
Hat,5663,154kV YUMURTALIK - TAYSEB EİH,,unchanged,
Hat,5664,154kV İKİZLER - TAYSEB EİH,,unchanged,
Hat,5665,154kV BABAESKİ - HAYRABOLU EİH,,unchanged,
Hat,5666,154kV AKKUYU GEÇİCİ -> ANAMUR - GÜLNAR HAVZA EİH,,unchanged,
Hat,5667,154kV ANAMUR -> GÜLNAR HAVZA - AKKUYU GEÇİCİ EİH,,unchanged,
Hat,5668,154kV GÜLNAR HAVZA -> ANAMUR - AKKUYU GEÇİCİ EİH,,unchanged,
Hat,5670,154kV ÇAN HAVZA - SAROS RES EİH,,unchanged,
Hat,5677,400kV İÇ ANADOLU DGKÇ - BOZOK EİH,,unchanged,
Hat,5681,154kV GÖBEL - SUSURLUK RES EİH,,unchanged,
Hat,5682,154kV BİRECİK - ATATÜRK HES EİH,,unchanged,
Hat,5683,154kV BİRECİK - SURUÇ EİH,,unchanged,
Hat,5684,154kV MUT - GEZENDE HES EİH,,unchanged,
Hat,5685,154kV MUT - BİRKAPILI HES EİH,,unchanged,
Hat,5686,154kV AKKÖPRÜ - MALTEPE EİH,,unchanged,
Hat,5687,154kV SİNCAN - AKKÖPRÜ EİH,,unchanged,
Hat,5688,66kV ELBEYLİ - ÇOBANBEY (SURİYE) EİH,,unchanged,
Hat,5689,154kV BOZOK - YOZGAT - II EİH,,unchanged,
Hat,5690,154kV BOZOK - SORGUN EİH,,unchanged,
Hat,5693,154kV BOZOK - YOZGAT - I EİH,,unchanged,
Hat,5694,154kV BOZOK - ALACA EİH,,unchanged,
Hat,5695,400kV ÜRGÜP - ÇOBANBEYLİ EİH,,unchanged,
Hat,5696,400kV KÖSE - İSPİR HAVZA - II EİH,,unchanged,
Hat,5698,400kV KÖSE - BAĞIŞTAŞ EİH,,unchanged,
Hat,5699,400kV KÖSE - İSPİR HAVZA - I EİH,,unchanged,
Hat,5700,154kV KÖYLÜKÖY - BALIKESİR SEKA EİH,,unchanged,
Hat,5701,154kV KÖYLÜKÖY - SUSURLUK RES EİH,,unchanged,
Hat,5702,400kV SİNCAN - ÜRGÜP - II EİH,,unchanged,
Hat,5703,400kV İZDEMİR TES - BORNOVA380 EİH,,unchanged,
Hat,5704,154kV DERİNKUYU - ÜRGÜP - I EİH,,unchanged,
Hat,5705,154kV DERİNKUYU - ÜRGÜP - II EİH,,unchanged,
Hat,5707,154kV KÖSE - DERYA2 HES EİH,,unchanged,
Hat,5708,154kV GÜMÜŞHANE - KÖSE EİH,,unchanged,
Hat,5709,154kV ÇİNKUR - ÜRGÜP - II EİH,,unchanged,
Hat,5710,154kV ÇİNKUR - ÜRGÜP - I EİH,,unchanged,
Hat,5711,154kV KAYSERİ4 - ÜRGÜP EİH,,unchanged,
Hat,5713,400kV SİNCAN - ÜRGÜP - I EİH,,unchanged,
Hat,5714,400kV BURSA SANAYİ - GÜRAĞAÇ EİH,,unchanged,
Hat,5715,400kV GÜRAĞAÇ - SOMA KOLİN TES EİH,,unchanged,
Hat,5717,154kV META NİKEL - DEMİRCİ EİH,,removed-from-source,
Hat,5718,154kV SİMAV - DEMİRCİ EİH,,unchanged,
Hat,5719,154kV AKKUYU NGS INSAAT ->TAŞUCU-GEZENDE EİH,,unchanged,
Hat,5724,154kV TAŞUCU ->GEZENDE-AKKUYU NGS INSAAT EİH,,unchanged,
Hat,5725,154kV GEZENDE ->TAŞUCU-AKKUYU NGS INSAAT EİH,,unchanged,
Hat,5726,154kV BAYRAMHACILI HES - AVANOS2 EİH,,unchanged,
Hat,5727,154kV KALABA - ÜRGÜP EİH,,unchanged,
Hat,5728,154kV DDY PAŞALI - KALABA EİH,,unchanged,
Hat,5729,154kV HAVSA - EDİRNE GİS EİH,,unchanged,
Hat,5737,154kV BABAESKİ - ESTERGON EİH,,unchanged,
Hat,5738,154kV ALAŞEHİR HAVZA - SALİHLİ OSB EİH,,unchanged,
Hat,5739,154kV SALİHLİ - SALİHLİ OSB EİH,,unchanged,
Hat,5741,154kV KAYSERİ KAPASİTÖR - AVANOS2 EİH,,unchanged,
Hat,5743,154kV DERİNKUYU - NEVŞEHİR EİH,,unchanged,
Hat,5747,154kV DERELİ HES - KOTANA HAVZA EİH,,unchanged,
Hat,5748,154kV DORUK HES - DERELİ HES EİH,,unchanged,
Hat,5750,154kV ÇERKEZKÖY - AVRUPA SERBEST BÖLGE EİH,,unchanged,
Hat,5751,154kV BÜYÜKKARIŞTIRAN - AVRUPA SERBEST BÖLGE EİH,,unchanged,
Hat,5752,400kV VAN2 - KHOY(İRAN) - I EİH,,unchanged,
Hat,5753,154kV KARAMAN OSB - KARAMAN BES EİH,,unchanged,
Hat,5755,154kV KURŞUNLU - ŞABANÖZÜ OSB EİH,,unchanged,
Hat,5756,154kV SAMSUN1 - SAMSUN2 EİH,,unchanged,
Hat,5758,154kV HADİM - GÜNEYSINIR EİH,,unchanged,
Hat,5759,154kV HADİM - KEPEZKAYA HAVZA EİH,,unchanged,
Hat,5760,400kV MERSİN400 - HUNUTLU TES EİH,,unchanged,
Hat,5761,400kV SUGÖZÜ TES - HUNUTLU TES EİH,,unchanged,
Hat,5764,154kV İSTANBUL DGKÇ (A) -> ÖRNEK MOBİL - BEYLİKDÜZÜ EİH,,unchanged,
Hat,5765,154kV BEYLİKDÜZÜ -> ÖRNEK MOBİL - İSTANBUL DGKÇ (A) EİH,,unchanged,
Hat,5766,154kV ÖRNEK MOBİL -> İSTANBUL DGKÇ (A) - BEYLİKDÜZÜ EİH,,unchanged,
Hat,5767,400kV DİLİSKELESİ GİS -> ÇOLAKOĞLU - DİLERÇELİK EİH,,unchanged,
Hat,5768,400kV TEPEÖREN - DİLİSKELESİ GİS EİH,,updated,Direk | Karakteristik | Pozitif Empedans (ohm) | Pozitif Kapasitans (μS) | Pozitif Reaktans (ohm) | Pozitif Rezistans (ohm) | Sıfır Empedans (ohm) | Sıfır Kapasitans (μS) | Sıfır Reaktans (ohm) | Sıfır Rezistans (ohm)
Hat,5773,154kV YEŞİLVADİ - BELKIS EİH,,unchanged,
Hat,5774,154kV TOKAT - TURHAL EİH,,unchanged,
Hat,5775,154kV KAYABAŞI - TURHAL EİH,,unchanged,
Hat,5776,400kV REŞADİYE - KÖSE EİH,,unchanged,
Hat,5777,154kV ILICA - NARLIDERE EİH,,unchanged,
Hat,5778,154kV GÜZELYALI - NARLIDERE EİH,,unchanged,
Hat,5779,154kV AKKÖPRÜ - MACUNKÖY - I EİH,,unchanged,
Hat,5781,154kV GEBZE OSB - GEBZE KİMYA EİH,,unchanged,
Hat,5782,154kV KARAMAN - KARAMAN OSB EİH,,unchanged,
Hat,5783,154kV ALİAĞA2 - KILIÇLAR GİS EİH,,unchanged,
Hat,5784,154kV ULUCAK - KILIÇLAR GİS EİH,,unchanged,
Hat,5785,400kV DENİZLİ4 - PAMUKKALE EİH,,unchanged,
Hat,5786,154kV ATIŞALANI - İKİTELLİ - I EİH,,unchanged,
Hat,5787,154kV ERZİNCAN - MURATLI ARMA HES EİH,,unchanged,
Hat,5788,154kV SUŞEHRİ - MURATLI ARMA HES EİH,,unchanged,
Hat,5789,154kV KÜÇÜKKÖY - BEŞYÜZEVLER EİH,,unchanged,
Hat,5790,154kV ALİBEYKÖY - BEŞYÜZEVLER EİH,,unchanged,
Hat,5791,154kV ANDIRIN - KALEALTI HES-1 EİH,,unchanged,
Hat,5794,154kV ADAPAZARI - KOCAELİ - I EİH,,unchanged,
Hat,5795,154kV ADAPAZARI - KÖSEKÖY EİH,,unchanged,
Hat,5796,154kV KEMERBURGAZ RES - TAYAKADIN RES EİH,,unchanged,
Hat,5797,154kV HORASAN - ELEŞKİRT EİH,,unchanged,
Hat,5798,154kV AĞRI2 - ELEŞKİRT EİH,,unchanged,
Hat,5799,154kV BERGAMA - BERGAMA OSB EİH,,unchanged,
Hat,5800,154kV DÜZOVA RES - BERGAMA OSB EİH,,unchanged,
Hat,5801,154kV GÖKTEPE RES - SELİMİYE  RES EİH,,unchanged,
Hat,5804,154kV DENİZLİ2 - PAMUKKALE - II EİH,,unchanged,
Hat,5805,154kV DENİZLİ3 - PAMUKKALE EİH,,unchanged,
Hat,5810,400kV BOZOK - REŞADİYE EİH,,unchanged,
Hat,5818,154kV BAĞLAR RES - KONYA KUZEY EİH,,unchanged,
Hat,5819,154kV ELAZIĞ - HAZAR EİH,,unchanged,
Hat,5820,154kV HAZAR - MADEN EİH,,unchanged,
Hat,5821,154kV HAZAR1 - HAZAR EİH,,unchanged,
Hat,5822,154kV GENÇ - BİNGÖL EİH,,unchanged,
Hat,5823,154kV GENÇ - LİCE EİH,,unchanged,
Hat,5824,154kV ARDEŞEN - ARHAVİ HAVZA EİH,,unchanged,
Hat,5826,154kV AĞRI1 - İPEKTEPE RES EİH,,removed-from-source,
Hat,5827,154kV İPEKTEPE RES - ARKOZ ÇİMENTO EİH,,unchanged,
Hat,5830,154kV YARIMCA1 - KOCAELİ EİH,,unchanged,
Hat,5831,154kV HYUNDAI - ENERJİSA KÖSEKÖY EİH,,unchanged,
Hat,5832,154kV DDY ÇAYDOĞAN - YERKÖY EİH,,unchanged,
Hat,5837,154kV MİHMANDAR - İNCİRLİK EİH,,unchanged,
Hat,5838,154kV İKİZLER - MİHMANDAR EİH,,unchanged,
Hat,5839,154kV ÜÇPINAR RES - SEYİT ONBAŞI EİH,,unchanged,
Hat,5840,154kV SEYİT ONBAŞI - KOCALAR RES EİH,,unchanged,
Hat,5841,154kV SEYİT ONBAŞI - KORU RES EİH,,unchanged,
Hat,5843,154kV SEYİT ONBAŞI - ÇAN HAVZA EİH,,unchanged,
Hat,5846,400kV ÜRGÜP - ELBİSTAN TES EİH,,unchanged,
Hat,5847,400kV GÖLBAŞI - KAYSERİ KAPASİTÖR KUZEY EİH,,unchanged,
Hat,5848,400kV GÖLBAŞI - KAYSERİ KAPASİTÖR GÜNEY EİH,,unchanged,
Hat,5849,400kV KANGAL TES - KEBAN ŞALT EİH,,unchanged,
Hat,5850,400kV KEBAN HES - KEBAN ŞALT - II EİH,,updated,Direk | Güzergah | Karakteristik | Pozitif Empedans (ohm) | Pozitif Kapasitans (μS) | Pozitif Reaktans (ohm) | Pozitif Rezistans (ohm) | Sıfır Empedans (ohm) | Sıfır Kapasitans (μS) | Sıfır Reaktans (ohm) | Sıfır Rezistans (ohm)
Hat,5851,400kV KEBAN HES - KEBAN ŞALT - I EİH,,updated,Direk | Güzergah
Hat,5852,400kV KEBAN HES - KEBAN ŞALT - III EİH,,unchanged,
Hat,5853,400kV KARAKOÇAN - KEBAN ŞALT EİH,,unchanged,
Hat,5854,400kV ELBİSTAN TES - KEBAN ŞALT EİH,,unchanged,
Hat,5855,400kV KEBAN ŞALT - KARAKAYA HES - II (DOĞU) EİH,,updated,Direk | Güzergah | Karakteristik | Pozitif Empedans (ohm) | Pozitif Kapasitans (μS) | Pozitif Reaktans (ohm) | Pozitif Rezistans (ohm) | Sıfır Empedans (ohm) | Sıfır Kapasitans (μS) | Sıfır Reaktans (ohm) | Sıfır Rezistans (ohm) | Toplam Uzunluk (km)
Hat,5856,400kV KEBAN ŞALT - KARAKAYA HES - I (BATI) EİH,,updated,Direk | Güzergah | Karakteristik | Pozitif Empedans (ohm) | Pozitif Kapasitans (μS) | Pozitif Reaktans (ohm) | Pozitif Rezistans (ohm) | Sıfır Empedans (ohm) | Sıfır Kapasitans (μS) | Sıfır Reaktans (ohm) | Sıfır Rezistans (ohm)
Hat,5857,400kV KAYSERİ KAPASİTÖR - KEBAN ŞALT - I (KUZEY) EİH,,unchanged,
Hat,5858,400kV KAYSERİ KAPASİTÖR - KEBAN ŞALT - II (GÜNEY) EİH,,unchanged,
Hat,5859,400kV BAĞIŞTAŞ - KEBAN ŞALT EİH,,unchanged,
Hat,5860,154kV KÖMÜRHAN - KEBAN ŞALT EİH,,unchanged,
Hat,5861,154kV YAZIHAN HAVZA - KEBAN ŞALT EİH,,unchanged,
Hat,5863,154kV ARAPGİR - KEBAN ŞALT EİH,,unchanged,
Hat,5864,154kV HANKENDİ - KEBAN ŞALT EİH,,unchanged,
Hat,5865,154kV KUZOVA - KEBAN ŞALT EİH,,unchanged,
Hat,5866,154kV KEBAN ŞALT -> KEBAN TM - ELAZIĞ EİH,,unchanged,
Hat,5868,154kV ACIDERE - DENİZLİ2 EİH,,unchanged,
Hat,5869,154kV ACIDERE - DENİZLİ ÇİMENTO EİH,,unchanged,
Hat,5870,154kV YALOVA - ÇAKIL RES EİH,,unchanged,
Hat,5871,154kV ÇAKIL RES -> GEMLİK - KARAMÜRSEL EİH,,unchanged,
Hat,5872,154kV GEMLİK -> ÇAKIL RES - KARAMÜRSEL EİH,,unchanged,
Hat,5873,154kV KARAMÜRSEL -> ÇAKIL RES - GEMLİK EİH,,removed-from-source,
Hat,5874,154kV BAĞYURDU - KEMALPAŞA EİH,,unchanged,
Hat,5875,154kV KEMALPAŞA - SALİHLİ3 JES EİH,,unchanged,
Hat,5876,154kV İSMETPAŞA - ÇERKEŞ RES EİH,,unchanged,
Hat,5877,154kV SÖĞÜTSEN - ÇERKEŞ RES EİH,,unchanged,
Hat,5879,154kV HACIBEY RES - ŞİLE RES EİH,,unchanged,
Hat,5882,154kV GÜNPINARI ÇİMENTO - ÇARŞAMBA EİH,,unchanged,
Hat,5883,154kV GÜNPINARI ÇİMENTO - FATSA EİH,,unchanged,
Hat,5887,154kV ESKİŞEHİR2 - ALPU EİH,,unchanged,
Hat,5888,154kV ÇİFTELER - ALPU EİH,,unchanged,
Hat,5889,154kV ERCİYES RES - YEŞİLHİSAR EİH,,unchanged,
Hat,5890,154kV ERCİYES RES - ÇAMLICA1 HES EİH,,unchanged,
Hat,5891,154kV ORHANGAZİ - İZNİK EİH,,unchanged,
Hat,5892,154kV PAŞALAR - İZNİK EİH,,unchanged,
Hat,5893,154kV BOYABAT - HAMSİ RES EİH,,unchanged,
Hat,5894,154kV METAFOR RES - GÖYNÜK HAVZA EİH,,unchanged,
Hat,5902,154kV SİNCAN - UZAY OSB EİH,,unchanged,
Hat,5903,154kV UZAY OSB - KAZAN EİH,,unchanged,
Hat,5904,400kV ZETES3 - KARADENİZ DOĞALGAZ GİS EİH,,unchanged,
Hat,5905,400kV BARTIN OSB - KARADENİZ DOĞALGAZ GİS EİH,,unchanged,
Hat,5906,154kV AFYON2 - UŞAK RES EİH,,removed-from-source,
Hat,5907,154kV ALTINTAŞ - AFYON2 EİH,,unchanged,
Hat,5908,400kV ERZİN DGKÇ - SARISEKİ DEMİRÇELİK EİH,,unchanged,
Hat,5909,400kV HATAY - SARISEKİ DEMİRÇELİK EİH,,unchanged,
Hat,5912,154kV BURSA DGKÇS  - YILFERT EİH,,unchanged,
Hat,5913,154kV GEMLİK - YILFERT EİH,,unchanged,
Hat,5914,400kV YENİ DGKÇ - ATAŞEHİR EİH,,updated,Direk | Karakteristik | Pozitif Empedans (ohm) | Pozitif Kapasitans (μS) | Pozitif Reaktans (ohm) | Pozitif Rezistans (ohm) | Sıfır Empedans (ohm) | Sıfır Kapasitans (μS) | Sıfır Reaktans (ohm) | Sıfır Rezistans (ohm)
Hat,5917,154kV ALAÇATI - ÇEŞME - I EİH,,unchanged,
Hat,5918,154kV MARE RES - ÇEŞME EİH,,unchanged,
Hat,5920,154kV KARAKURT HES - KARAKURT HAVZA EİH,,unchanged,
Hat,5921,154kV HORASAN - KARAKURT HES EİH,,unchanged,
Hat,5924,154kV TATARHÖYÜK - KARACA EİH,,unchanged,
Hat,5925,154kV TATARHÖYÜK - ÖDÜLALAN EİH,,unchanged,
Hat,5926,154kV ATATÜRK HES - KARACA EİH,,unchanged,
Hat,5927,154kV İPEKTEPE RES - YAKAAĞZI RES EİH,,unchanged,
Hat,5928,154kV MARDİN OSB - MARDİN1 EİH,,unchanged,
Hat,5929,154kV MARDİN OSB - KIZILTEPE EİH,,updated,Bitiş Trafo Merkezi
Hat,5930,154kV EFELER - BAĞARASI RES EİH,,unchanged,
Hat,5931,154kV 3S KALE JES - EFELER EİH,,unchanged,
Hat,5932,400kV MİSİS OSB - HUNUTLU TES EİH,,updated,Direk | Güzergah
Hat,5934,400kV ADANA - MİSİS OSB EİH,,unchanged,
Hat,5935,154kV ADIGÜZEL - PAMUKKALE EİH,,unchanged,
Hat,5936,154kV DENİZLİ2 - PAMUKKALE - I EİH,,unchanged,
Hat,5938,154kV KAZAN - DAĞYAKA ÇİMENTO EİH,,unchanged,
Hat,5939,154kV BAĞLUM - DAĞYAKA ÇİMENTO EİH,,unchanged,
Hat,5940,154kV SİİRT380 - ALKUMRU HES - I EİH,,unchanged,
Hat,5941,154kV ADAPAZARI - KAYNARCA EİH,,unchanged,
Hat,5942,154kV SAKARYA - FERİZLİ OSB EİH,,unchanged,
Hat,5945,154kV SİİRT380 - ALKUMRU HES - II EİH,,unchanged,
Hat,5947,154kV ÇANAKKALE ÇİMENTO - EZİNE YENİ EİH,,unchanged,
Hat,5950,154kV MENZELET HES - KAHRAMANMARAŞ OSB EİH,,unchanged,
Hat,5951,154kV KILAVUZLU - KAHRAMANMARAŞ OSB EİH,,unchanged,
Hat,5952,154kV ADIYAMAN - GÖZEBAŞI EİH,,unchanged,
Hat,5953,154kV GÖZEBAŞI- ETİ BAKIR ADIYAMAN EİH,,unchanged,
Hat,5954,154kV KAHTA - GÖZEBAŞI EİH,,unchanged,
Hat,5955,154kV KÜÇÜKBAKKALKÖY - BOSTANCI METRO GİS EİH,,unchanged,
Hat,5956,154kV BURSA SANAYİ - GÖRÜKLE EİH,,unchanged,
Hat,5957,154kV BURSA SANAYİ - BEŞEVLER - II EİH,,unchanged,
Hat,5958,400kV GÜRAĞAÇ - TUNÇBİLEK-B TES EİH,,unchanged,
Hat,5959,154kV ŞARKIŞLA - VOTORANTİM EİH,,unchanged,
Hat,5960,400kV YATAĞAN TES - PAMUKKALE EİH,,unchanged,
Hat,5961,154kV DİYARBAKIR3 - BİSMİL2 EİH,,unchanged,
Hat,5963,154kV PAMUKOVA - ADAPAZARI RES EİH,,unchanged,
Hat,5964,154kV BURSA SANAYİ - MUDANYA EİH,,unchanged,
Hat,5965,154kV GÖRÜKLE - MUDANYA EİH,,unchanged,
Hat,5966,154kV ADAPAZARI - SAPANCA EİH,,unchanged,
Hat,5967,154kV KÖSEKÖY - SAPANCA EİH,,unchanged,
Hat,5973,154kV RİZE - İYİDERE EİH,,unchanged,
Hat,5975,154kV RİZE - ARDEŞEN EİH,,unchanged,
Hat,5979,154kV SEYİTÖMER TES - FRİGYA EİH,,updated,Adı | Belirteç
Hat,5980,154kV KÜTAHYA OSB - FRİGYA EİH,,unchanged,
Hat,5981,154kV KILILI - KAPIÇAM EİH,,unchanged,
Hat,5982,154kV KAHRAMANMARAŞ - KAPIÇAM EİH,,updated,Direk | Güzergah
Hat,5983,154kV HABAŞ BİLECİK - PAZARYERİ OSB EİH,,unchanged,
Hat,5984,154kV TUNÇBİLEK-A TES - PAZARYERİ OSB EİH,,unchanged,
Hat,5985,154kV ARSLANBEY - KARAMÜRSEL RES EİH,,unchanged,
Hat,5986,154kV KARAMÜRSEL RES - AKSA YALOVA EİH,,unchanged,
Hat,5988,154kV ÇATES - BARTIN ÇİMENTO EİH,,unchanged,
Hat,5989,154kV BARTIN - BARTIN ÇİMENTO EİH,,unchanged,
Hat,5992,154kV KUYUCAK JES - BUHARKENT OSB EİH,,unchanged,
Hat,6004,154kV KESTEL - BURSA ÇİMENTO EİH,,unchanged,
Hat,6006,400kV ERMENEK HES - MERSİN380 EİH,,unchanged,
Hat,6007,400kV OYMAPINAR - ERMENEK HES EİH,,unchanged,
Hat,6008,154kV ERMENEK HES - DARAN HAVZA EİH,,unchanged,
Hat,6009,154kV ERMENEK HES - OTLUCA EİH,,unchanged,
Hat,6012,154kV OTOSANSİT - KESTEL EİH,,unchanged,
Hat,6013,154kV TURANKÖY - KESTEL EİH,,unchanged,
Hat,6014,154kV BAĞLUM - MACUNKÖY - II EİH,,unchanged,
Hat,6015,154kV MACUNKÖY - OSTİM OSB EİH,,unchanged,
Hat,6016,154kV İBRAHİMLİ - KARTALDAĞI RES EİH,,updated,Direk | Güzergah
Hat,6018,154kV GEYVE RES - TEŞVİKİYE KAĞIT EİH,,unchanged,
Hat,6019,154kV PAŞALAR - TEŞVİKİYE KAĞIT EİH,,unchanged,
Hat,6024,400kV GÜRAĞAÇ - ULUDAĞ GİS EİH,,unchanged,
Hat,6025,154kV GÜNEY ADANA - SASA EİH,,unchanged,
Hat,6027,154kV ŞADILLI RES - ASYAPORT LİMAN EİH,,removed-from-source,
Hat,6030,154kV BAYBURT - GÜMÜŞHANE ÇİMENTO EİH,,unchanged,
Hat,6031,154kV GÜMÜŞHANE - GÜMÜŞHANE ÇİMENTO EİH,,unchanged,
Hat,6038,400kV YUSUFELİ HES -  İSPİR HAVZA EİH,,unchanged,
Hat,6039,400kV BORÇKA HES - YUSUFELİ HES EİH,,unchanged,
Hat,6041,154kV BERKE HES - OSMANİYE OSB - II EİH,,unchanged,
Hat,6043,154kV SİNCAN - BAĞLICA EİH,,unchanged,
Hat,6044,154kV ÜMİTKÖY - BAĞLICA EİH,,unchanged,
Hat,6048,154kV VAN2 - ÖZALP EİH,,unchanged,
Hat,6049,154kV BOR OSB - UĞURLU GES EİH,,unchanged,
Hat,6050,154kV PANCAR OSB - DDY CUMAOVASI EİH,,unchanged,
Hat,6052,154kV VAN2 - ENGİL EİH,,unchanged,
Hat,6053,154kV VAN2 - VAN1 - II EİH,,unchanged,
Hat,6054,154kV GÖNEN - GÖNEN POLİMER EİH,,unchanged,
Hat,6055,154kV BANDIRMA3 RES - GÖNEN POLİMER EİH,,unchanged,
Hat,6058,154kV UĞURLU GES - SÖNMEZ GES EİH,,unchanged,
Hat,6059,154kV SİİRT ÇİMENTO KURTALAN - SİİRT380 EİH,,unchanged,
Hat,6060,154kV TARSUS MOBİL -> YENİ ŞEHİTLİK - NACARLI EİH,,removed-from-source,
Hat,6063,154kV YENİ ŞEHİTLİK -> TARSUS MOBİL - NACARLI EİH,,removed-from-source,
Hat,6064,154kV NACARLI ->TARSUS MOBİL - YENİ ŞEHİTLİK EİH,,removed-from-source,
Hat,6065,154kV SİİRT - SİİRT380 EİH,,unchanged,
Hat,6066,154kV ZEYTİNLİ - ZAFER EİH,,unchanged,
Hat,6067,154kV ZAFER - SASA EİH,,unchanged,
Hat,6068,154kV KURŞUNLU - KORGUN OSB EİH,,unchanged,
Hat,6069,154kV ÇANKIRI - KORGUN OSB EİH,,unchanged,
Hat,6070,154kV ELMALI - ÖZALTIN OTEL GES EİH,,unchanged,
Hat,6072,154kV BOR - SÖNMEZ GES EİH,,unchanged,
Hat,6073,154kV KOLUKISA - ALTINOVA EİH,,unchanged,
Hat,6074,154kV DDY GÖZLÜ - KOLUKISA EİH,,unchanged,
Hat,6075,154kV ÇANAKKALE - ONSEKİZ MART EİH,,unchanged,
Hat,6076,154kV BESNİ OSB - ADIYAMAN ÇİMENTO EİH,,unchanged,
Hat,6077,154kV BESNİ OSB - ARABAN PS EİH,,unchanged,
Hat,6078,154kV UŞAK RES - BANAZ EİH,,unchanged,
Hat,6079,154kV UŞAK RES - AFYON3 EİH,,unchanged,
Hat,6080,154kV IĞDIR - ARALIK EİH,,unchanged,
Hat,6083,154kV TUNCELİ - PERTEK EİH,,unchanged,
Hat,6084,154kV SEYİTÖMER TES - FRİGYA - II EİH,,removed-from-source,
Hat,6086,154kV ERZİNCAN - PÜLÜMÜR EİH,,unchanged,
Hat,6087,154kV ERDEMİR2 -> BÖLÜCEK - GEÇİCİ KARADENİZ EREĞLİ EİH,,updated,Adı
Hat,6088,154kV KARADENİZ EREĞLİ -> ERDEMİR2 - BÖLÜCEK EİH,,removed-from-source,
Hat,6089,154kV BÖLÜCEK -> GEÇİCİ KARADENİZ EREĞLİ - ERDEMİR2 EİH,,updated,Adı
Hat,6090,154kV SAMSUN1 - ATAKUM EİH,,unchanged,
Hat,6091,154kV ONDOKUZMAYIS - ATAKUM EİH,,unchanged,
Hat,6092,154kV ONSEKİZ MART - SEYİT ONBAŞI EİH,,unchanged,
Hat,6096,154kV KARAMAN RES - AKYEL 1 RES EİH,,unchanged,
Hat,6098,154kV AYRANCI GEÇİCİ -> EREĞLİ - KARAMAN BES EİH,,unchanged,
Hat,6099,154kV EREĞLİ -> KARAMAN BES - AYRANCI GEÇİCİ EİH,,unchanged,
Hat,6100,154kV KARAMAN BES -> EREĞLİ - AYRANCI GEÇİCİ EİH,,unchanged,
Hat,6101,400kV BAŞPINAR OSB - ŞEHİTKAMİL OSB - II EİH,,unchanged,
Hat,6103,154kV YENİBOSNA - ATAKÖY GİS EİH,,unchanged,
Hat,6104,154kV VELİEFENDİ - ATAKÖY GİS EİH,,unchanged,
Hat,6105,154kV KEMERBURGAZ RES - ÇERKEZKÖY OSB EİH,,unchanged,
Hat,6106,154kV DENİZLİ RES - PAMUKKALE EİH,,unchanged,
Hat,6107,154kV EMİRDAĞ - İSCEHİSAR EİH,,unchanged,
Hat,6108,154kV TERCAN - PÜLÜMÜR EİH,,unchanged,
Hat,6110,154kV KOCAELİ - KARTEPE SINAİ EİH,,unchanged,
Hat,6112,154kV KÖSEKÖY - KARTEPE SINAİ EİH,,unchanged,
Hat,6113,154kV MENZELET HES - ÇAĞLAYAN HAVZA EİH,,unchanged,
Hat,6114,154kV ATARES-1 RES -  ŞAH RES EİH,,unchanged,
Hat,6116,154kV DİLİSKELESİ GİS - TOSB EİH,,unchanged,
Hat,6118,154kV IŞIKLAR - IŞIKKENT ÇİMENTO EİH,,unchanged,
Hat,6119,154kV BORNOVA - IŞIKKENT ÇİMENTO EİH,,unchanged,
Hat,6120,154kV FETHİYE - SEYDİKEMER EİH,,unchanged,
Hat,6121,154kV SEYDİKEMER - ÖZALTIN GES EİH,,unchanged,
Hat,6122,154kV KORKUTELİ - TEFENNİ EİH,,unchanged,
Hat,6124,154kV İNTEPE RES - AYVACIK EİH,,unchanged,
Hat,6125,154kV İNTEPE RES - ONSEKİZ MART EİH,,unchanged,
Hat,6126,154kV ÇANAKKALE -> HASANOBA RES - ONSEKİZ MART EİH,,unchanged,
Hat,6127,154kV HASANOBA RES -> ÇANAKKALE - ONSEKİZ MART EİH,,unchanged,
Hat,6128,154kV ONSEKİZ MART -> ÇANAKKALE - HASANOBA RES EİH,,unchanged,
Hat,6129,154kV BÜYÜKÇEKMECE - SİLİVRİ EİH,,unchanged,
Hat,6130,154kV BÜYÜKÇEKMECE - ÇATALCA RES EİH,,unchanged,
Hat,6131,154kV ÇATALCA RES -> SELİMPAŞA MOBİL - BOTAŞ EİH,,removed-from-source,
Hat,6132,154kV BOTAŞ -> SELİMPAŞA MOBİL - GELGİT RES EİH,,updated,Adı
Hat,6133,154kV SELİMPAŞA MOBİL -> GELGİT RES - BOTAŞ EİH,,updated,Adı
Hat,6134,400kV AFYON2 - KONYA KUZEY EİH,,unchanged,
Hat,6135,154kV EDEBEY - KESTEL EİH,,unchanged,
Hat,6136,154kV ULUDAĞ GİS - KESTEL EİH,,unchanged,
Hat,6137,154kV DEVECİKONAĞI HES - GÜMÜŞPINAR FERROKROM EİH,,unchanged,
Hat,6138,154kV ORHANELİ - GÜMÜŞPINAR FERROKROM EİH,,unchanged,
Hat,6139,154kV ALAŞEHİR HAVZA - İZDEMİR ARAZİ GES EİH,,updated,Direk | Karakteristik | Pozitif Empedans (ohm) | Pozitif Kapasitans (μS) | Pozitif Reaktans (ohm) | Pozitif Rezistans (ohm) | Sıfır Empedans (ohm) | Sıfır Kapasitans (μS) | Sıfır Reaktans (ohm) | Sıfır Rezistans (ohm)
Hat,6140,154kV KULA - İZDEMİR ARAZİ GES EİH,,unchanged,
Hat,6141,154kV TEMELLİ - BALGAT EİH,,unchanged,
Hat,6142,154kV İMRAHOR - ÇİĞDEM EİH,,unchanged,
Hat,6143,154kV ELAZIĞ - KUZOVA EİH,,unchanged,
Hat,6145,154kV YILDIZ - İNCEK EİH,,unchanged,
Hat,6146,154kV ŞANLIURFA - ŞANLIURFA OSB EİH,,unchanged,
Hat,6151,154kV İSTANBUL F.OİL DGKÇ (B) - HALKALI GİS EİH,,unchanged,
Hat,6152,154kV SULTANMURAT - HALKALI GİS EİH,,unchanged,
Hat,6153,154kV AKÇALAR - ATARES-2 RES EİH,,unchanged,
Hat,6154,154kV BANDIRMA RES - ATARES-2 RES EİH,,unchanged,
Hat,6155,154kV CİZRE - ZAHO (IRAK) EİH,,unchanged,
Hat,6156,154kV SİNOP -  YAKAKENT EİH,,unchanged,
Hat,6157,154kV BAFRA - YAKAKENT EİH,,unchanged,
Hat,6161,154kV ATATÜRK HES - BÖRKENEK ÇİMENTO EİH,,unchanged,
Hat,6162,154kV ADIYAMAN ÇİMENTO - BÖRKENEK ÇİMENTO EİH,,unchanged,
Hat,6163,154kV DENİZLİ2 - DENİZLİ1 EİH,,unchanged,
Hat,6165,154kV KIZILCAHAMAM - KAZAN EİH,,unchanged,
Hat,6167,154kV REŞADİYE - ORDU-4 RES EİH,,unchanged,
Hat,6168,154kV TOPÇAM HES - ORDU-4 RES EİH,,unchanged,
Hat,6170,154kV YAKINKENT - ŞABANÖZÜ OSB EİH,,unchanged,
Hat,6172,154kV KIZILDERE-1 JES -> SARAYKÖY MOBİL-2 - PAMUKKALE EİH,,unchanged,
Hat,6173,154kV PAMUKKALE -> SARAYKÖY MOBİL-2 - KIZILDERE-1 JES EİH,,unchanged,
Hat,6174,154kV SARAYKÖY MOBİL-2 -> KIZILDERE-1 JES - PAMUKKALE EİH,,unchanged,
Hat,6178,154kV ÇİVRİL - ÇİVRİL GES EİH,,unchanged,
Hat,6179,154kV ERZURUM - HINIS EİH,,unchanged,
Hat,6180,400kV ADA1 DGKÇS - TEPEÖREN EİH,,updated,Direk | Güzergah
Hat,6181,400kV ADAPAZARI - TEPEÖREN EİH,,updated,Direk | Güzergah
Hat,6187,154kV ÇARŞAMBA - SAMSUN2 EİH,,unchanged,
Hat,6188,154kV PAMUKKALE -> SARAYKÖY MOBİL-1 - GREENECO JES 5 EİH,,unchanged,
Hat,6189,154kV GREENECO JES 5 -> SARAYKÖY MOBİL-1 - PAMUKKALE EİH,,unchanged,
Hat,6190,154kV SARAYKÖY MOBİL-1 -> GREEENECO JES 5 - PAMUKKALE EİH,,unchanged,
Hat,6191,154kV SELYERİ BAKIR - SAMSUN2 EİH,,unchanged,
Hat,6193,154kV İBRAHİMLİ - ABDULHAMİT HAN EİH,,unchanged,
Hat,6194,154kV SELYERİ BAKIR - SAMSUN3 EİH,,unchanged,
Hat,6195,154kV FEVZİPAŞA - BİSKA TEKSTİL GES EİH,,unchanged,
Hat,6196,154kV KARTALDAĞI RES - BİSKA TEKSTİL GES EİH,,unchanged,
Hat,6197,400kV CENGİZ DGKÇ - SAMSUN2 EİH,,unchanged,
Hat,6199,154kV MALATYA - ÖZAL EİH,,unchanged,
Hat,6200,154kV ERZİN 2 GES - İKİZLER EİH,,unchanged,
Hat,6201,154kV ERZİN 2 GES - OSMANİYE OSB EİH,,unchanged,
Hat,6202,154kV ERENKÖY - MERAM GİS EİH,,unchanged,
Hat,6203,154kV YAZIR - MERAM GİS EİH,,unchanged,
Hat,6207,154kV ABDULHAMİT HAN - ÇÖREKLİ GES EİH,,unchanged,
Hat,6208,154kV YUKARIBURNAZ GES - İKİZLER EİH,,updated,Direk | Güzergah | Karakteristik | Kış Kapasitesi (MVA) | Pozitif Empedans (ohm) | Pozitif Kapasitans (μS) | Pozitif Reaktans (ohm) | Pozitif Rezistans (ohm) | Sıfır Empedans (ohm) | Sıfır Kapasitans (μS) | Sıfır Reaktans (ohm) | Sıfır Rezistans (ohm) | Yaz Kapasitesi (MVA)
Hat,6209,154kV YUKARIBURNAZ GES - İNCİRLİK EİH,,updated,Direk | Güzergah | Karakteristik | Pozitif Empedans (ohm) | Pozitif Kapasitans (μS) | Pozitif Reaktans (ohm) | Pozitif Rezistans (ohm) | Sıfır Empedans (ohm) | Sıfır Kapasitans (μS) | Sıfır Reaktans (ohm) | Sıfır Rezistans (ohm)
Hat,6210,154kV KÖMÜRHAN - ÖZAL EİH,,unchanged,
Hat,6211,154kV ENEZ - BOREAS RES EİH,,unchanged,
Hat,6213,154kV BARTIN - BARTIN OSB EİH,,unchanged,
Hat,6214,154kV GEDİZ - IŞIKLAR RES EİH,,unchanged,
Hat,6215,154kV EMET - IŞIKLAR RES EİH,,unchanged,
Hat,6216,154kV HOPA - MURATLI HES EİH,,unchanged,
Hat,6217,154kV HOPA - MURGUL EİH,,unchanged,
Hat,6218,154kV HOPA - ARDEŞEN EİH,,unchanged,
Hat,6219,154kV MURATLI HES - ARHAVİ HAVZA EİH,,unchanged,
Hat,6220,400kV ALİAĞA2 - BORNOVA380 EİH,,unchanged,
Hat,6221,154kV ETİ BAKIR MAZIDAĞI - ETİ BAKIR2 GES EİH,,unchanged,
Hat,6223,154kV PAMUKKALE - KIZILDERE3 JES - I EİH,,unchanged,
Hat,6224,154kV PAMUKKALE - KIZILDERE3 JES - II EİH,,unchanged,
Hat,6230,154kV İBRAHİMLİ -> ÇÖREKLİ GES - POLATELİ OSB MOBİL EİH,,unchanged,
Hat,6231,154kV ÇÖREKLİ GES -> İBRAHİMLİ - POLATELİ OSB MOBİL EİH,,unchanged,
Hat,6232,154kV POLATELİ OSB MOBİL -> İBRAHİMLİ - ÇÖREKLİ GES EİH,,unchanged,
Hat,6233,154kV İSTANBUL DGKÇ (A) - HADIMKÖY EİH,,unchanged,
Hat,6234,154kV MADEN - ÇAYIRKÖY RES EİH,,unchanged,
Hat,6235,154kV GÜLPINAR RES - OVACIK RES ÇANAKKALE EİH,,unchanged,
Hat,6236,154kV ÇAN HAVZA - OVACIK RES ÇANAKKALE EİH,,unchanged,
Hat,6237,154kV ÇAKIL RES SANAL -> KARAMÜRSEL SANAL - GEMLİK EİH,,removed-from-source,
Hat,6238,154kV KARAMÜRSEL -> KARAMÜRSEL SANAL EİH,,removed-from-source,
Hat,6239,154kV FORD -> KARAMÜRSEL SANAL - ÇAKIL RES EİH,,removed-from-source,
Hat,6245,154kV TELHAMUT - ÇIRÇIP EİH,,unchanged,
Hat,6246,154kV TELHAMUT - PEKMEZLİ EİH,,unchanged,
Hat,6247,154kV ESKİŞEHİR3 - ESKİŞEHİR MOBİL EİH,,unchanged,
Hat,6248,154kV KEBAN ŞALT - ÖZAL EİH,,unchanged,
Hat,6249,154kV MAREN - MORALI JES EİH,,unchanged,
Hat,6250,154kV KUBİLAY JES - MORALI JES EİH,,unchanged,
Hat,6251,154kV GREENECO JES 5 - KABAAĞAÇ JES EİH,,unchanged,
Hat,6252,154kV BUHARKENT OSB - KABAAĞAÇ JES EİH,,unchanged,
Hat,6253,154kV HABİBLER - BAHÇEŞEHİR - I EİH,,unchanged,
Hat,6254,154kV HABİBLER - BAHÇEŞEHİR - II EİH,,unchanged,
Hat,6255,154kV HABİBLER - KÜÇÜKKÖY - I EİH,,unchanged,
Hat,6256,154kV HABİBLER - KÜÇÜKKÖY - II EİH,,unchanged,
Hat,6257,154kV HABİBLER - YENİ HAVALİMANI EİH,,unchanged,
Hat,6258,154kV HABİBLER - İSTAÇ BES EİH,,unchanged,
Hat,6259,154kV BULANIK - ALPASLAN1 HES EİH,,unchanged,
Hat,6260,154kV HINIS - ALPASLAN1 HES EİH,,unchanged,
Hat,6261,154kV AHLAT - ALPASLAN1 HES EİH,,unchanged,
Hat,6264,154kV ÇEKEREK HAVZA - BEYYURDU RES EİH,,unchanged,
Hat,6265,154kV BEYYURDU RES - SORGUN EİH,,unchanged,
Hat,6266,154kV ÇAMSEKİ RES - EZİNE EİH,,unchanged,
Hat,6268,154kV HABAŞ DGKÇ 2 GİS - HABAŞ EİH,,unchanged,
Hat,6270,154kV SARES RES - EZİNE EİH,,unchanged,
Hat,6271,154kV HASANOBA RES - EZİNE EİH,,unchanged,
Hat,6272,154kV EDREMİT - EZİNE EİH,,unchanged,
Hat,6279,154kV ŞARKİKARAAĞAÇ - ŞULE RES EİH,,unchanged,
Hat,6280,154kV YURT ÇİMENTO - KIYIK EİH,,unchanged,
Hat,6281,154kV KIYIK - GÖYNÜK HAVZA EİH,,unchanged,
Hat,6282,154kV KÖSE - GÜZYURDU HAVZA EİH,,unchanged,
Hat,6283,154kV ERZİNCAN - GÜZYURDU HAVZA EİH,,unchanged,
Hat,6284,154kV ORTAKÖY -> ATA RES - KÜTÜKLÜ GEÇİCİ EİH,,unchanged,
Hat,6285,154kV KÜTÜKLÜ GEÇİCİ -> ATA RES - ORTAKÖY EİH,,unchanged,
Hat,6286,154kV ATA RES -> KÜTÜKLÜ GEÇİCİ - ORTAKÖY EİH,,unchanged,
Hat,6287,154kV ŞEREFLİKOÇHİSAR - ATA RES EİH,,unchanged,
Hat,6288,154kV ÜÇPINAR RES - HARMANCIK RES EİH,,unchanged,
Hat,6289,154kV MANAVGAT - KIZILOT EİH,,unchanged,
Hat,6290,154kV BOZÜYÜK - ŞAHİN RES EİH,,updated,NORMAL İŞLETME DURUMU
Hat,6291,154kV KARTAL RES - ŞAHİN RES EİH,,unchanged,
Hat,6292,154kV KAPIÇAM - KÇS ÇİMENTO EİH,,unchanged,
Hat,6293,154kV KANGAL RES - SİVAS RES EİH,,unchanged,
Hat,6294,154kV TEFENNİ - FİNE OTEL GES EİH,,unchanged,
Hat,6295,154kV BOZKURT - FİNE OTEL GES EİH,,unchanged,
Hat,6299,154kV ATAŞEHİR - BOSTANCI METRO GİS EİH,,unchanged,
Hat,6300,154kV YEŞİLIRMAK - TEPEKIŞLA HES,,unchanged,
Hat,6301,154kV YEŞİLIRMAK - KÖKLÜCE HES EİH,,unchanged,
Hat,6302,154kV YEŞİLIRMAK - TOKAT EİH,,unchanged,
Hat,6303,154kV HABİBLER - KAYABAŞI TOKİ EİH,,unchanged,
Hat,6309,154kV MENEKŞE RES - BEYYURDU RES EİH,,unchanged,
Hat,6310,154kV İÇDAŞ - BİGA EİH,,unchanged,
Hat,6312,154kV TAHTALI - ÇEŞME HAVZA EİH,,unchanged,
Hat,6313,154kV ALAÇATI - ÇEŞME HAVZA - II EİH,,unchanged,
Hat,6314,154kV ALAÇATI - MAZI RES EİH,,unchanged,
Hat,6315,154kV URLA1 - MAZI RES EİH,,unchanged,
Hat,6316,154kV İKİZLER - DÖRTYOL EİH,,unchanged,
Hat,6317,154kV ATAKAŞ - DÖRTYOL EİH,,unchanged,
Hat,6318,154kV KAŞ - KALKAN EİH,,unchanged,
Hat,6319,154kV FETHİYE - KALKAN EİH,,unchanged,
Hat,6320,154kV TEPEÖREN - AHMETLİ EİH,,unchanged,
Hat,6321,154kV ŞİLE - AHMETLİ EİH,,unchanged,
Hat,6327,154kV RST GES -> KADIKÖY GES - AMR GES EİH,,unchanged,
Hat,6328,154kV AMR GES -> KADIKÖY GES - RST GES EİH,,unchanged,
Hat,6329,154kV KADIKÖY GES -> AMR GES - RST GES EİH,,unchanged,
Hat,6336,154kV KADIKÖY GES - DÜZLÜK GES EİH,,unchanged,
Hat,6337,154kV DÜZLÜK GES - DERELİ GES EİH,,unchanged,
Hat,6338,154kV ÇUMRA - DİANA OTEL GES EİH,,unchanged,
Hat,6339,154kV KARAMAN - DİANA OTEL GES EİH,,unchanged,
Hat,6340,154kV CEYHAN2 - OSMANİYE2 EİH,,removed-from-source,
Hat,6341,154kV KARABÜK OSB - KARDEMİR EİH,,unchanged,
Hat,6342,154kV ULUCAK - BORNOVA380 EİH,,unchanged,
Hat,6343,154kV ULUCAK - ŞEMİKLER GİS EİH,,unchanged,
Hat,6344,154kV META NİKEL - GÖK RES 2 EİH,,unchanged,
Hat,6345,154kV KARS - KARAKURT HES EİH,,unchanged,
Hat,6346,154kV PAŞALAR - OSMANELİ ÇELİK EİH,,unchanged,
Hat,6347,154kV PAMUKOVA - OSMANELİ ÇELİK EİH,,unchanged,
Hat,6348,400kV ÇOBANBEYLİ - ATATÜRK HES EİH,,unchanged,
Hat,6349,154kV BANDIRMA - MANYAS EİH,,unchanged,
Hat,6351,154kV BANDIRMA - ERDEK EİH YENİ HAT,,unchanged,
Hat,6352,154kV ERDEK - EDİNCİK RES EİH,,unchanged,
Hat,6353,154kV DERELİ GES - DİKMEN1 EİH,,unchanged,
Hat,6355,154kV ZELİHA RES - YENİ RES EİH,,unchanged,
Hat,6356,154kV ATATÜRK HES - ADIYAMAN EİH,,unchanged,
Hat,6357,154kV GEÇİCİ KARADENİZ EREĞLİ -> BÖLÜCEK - ERDEMİR2 EİH,,unchanged,
Hat,6358,400kV İZMİR HAVZA - UYGAR RES EİH,,unchanged,
Hat,6360,154kV RİZE - YUKARI MANAHOZ EİH,,unchanged,
Hat,6361,154kV ÇAYKARA HAVZA - ÇAYKARA HES EİH,,updated,Direk | Güzergah | Karakteristik | Pozitif Empedans (ohm) | Pozitif Kapasitans (μS) | Pozitif Reaktans (ohm) | Pozitif Rezistans (ohm) | Sıfır Empedans (ohm) | Sıfır Kapasitans (μS) | Sıfır Reaktans (ohm) | Sıfır Rezistans (ohm) | Toplam Uzunluk (km)
Hat,6366,154kV KARLICA RES - BAYBURT EİH,,unchanged,
Hat,6367,154kV KARLICA RES - SOĞANLI RES EİH,,unchanged,
Hat,6368,154kV YAYSUN GES - ATAHAN GES EİH,,unchanged,
Hat,6369,154kV ATAHAN GES - UĞURLU GES EİH,,unchanged,
Hat,6370,154kV ÖMERLİ RES - ÇANTA RES EİH,,unchanged,
Hat,6371,154kV SİLİVRİ - ÖMERLİ RES EİH,,unchanged,
Hat,6372,154kV TÜRKGÜCÜ - ÇORLU - II EİH,,updated,Adı | Bitiş Trafo Merkezi
Hat,6373,154kV BAŞPINAR OSB -> GAZİANTEP - ŞEHİTKAMİL OSB EİH,,unchanged,
Hat,6374,154kV ŞEHİTKAMİL OSB -> GAZİANTEP - BAŞPINAR OSB EİH,,unchanged,
Hat,6375,154kV GAZİANTEP -> BAŞPINAR OSB - ŞEHİTKAMİL OSB EİH,,unchanged,
Hat,6376,154kV ALAKOVA - MERAM GİS EİH,,unchanged,
Hat,6379,154kV BAŞPINAR OSB - ÇÖÇELLİ EİH,,unchanged,
Hat,6381,154kV ARAPGİR HAVZA - SARIÇİÇEK RES EİH,,unchanged,
Hat,6382,154kV DEMİRDAĞ - SARIÇİÇEK RES EİH,,unchanged,
Hat,6383,154kV TÜRKGÜCÜ - ÇORLU - I EİH,,updated,Adı | Bitiş Trafo Merkezi
Hat,6384,154kV DALAMAN - MUĞLA GÜNEY EİH,,removed-from-source,
Hat,6385,154kV KIZILDERE1 JES - SAZAK GES EİH,,unchanged,
Hat,6386,154kV ALAŞEHİR - SAZAK GES EİH,,unchanged,
Hat,6387,154kV MARMARA PAMUKLU DGKÇ - TÜRKGÜCÜ EİH,,removed-from-source,
Hat,6388,154kV OBA MOBİL -> ALANYA - MAHMUTLAR EİH,,unchanged,
Hat,6389,154kV ALANYA  -> OBA MOBİL - MAHMUTLAR EİH,,unchanged,
Hat,6390,154kV MAHMUTLAR -> OBA MOBİL - ALANYA EİH,,unchanged,
Hat,6391,154kV ÇAYIRHAN TES - NALLIHAN EİH,,unchanged,
Hat,6392,154kV SARIYAR HES - NALLIHAN - II EİH,,unchanged,
Hat,6393,154kV BOLU1 - NALLIHAN EİH,,unchanged,
Hat,6394,154kV SARIYAR HES - NALLIHAN - I EİH,,unchanged,
Hat,6395,154kV MUDURNU - NALLIHAN EİH,,unchanged,
Hat,6396,154kV MAV BİYOKÜTLE - NALLIHAN EİH,,unchanged,
Hat,6397,154kV  ÇERKEZKÖY - ULAŞ EİH,,removed-from-source,
Hat,6398,154kV  ESENYURT - GÜNEŞLİ EİH,,unchanged,
Hat,6399,154kV YENİBOSNA - GÜNEŞLİ EİH,,unchanged,
Hat,6400,154kV SOMA B - KIRKAĞAÇ RES EİH,,unchanged,
Hat,6401,154kV SOMA B - GÖK RES 2 EİH,,unchanged,
Hat,6402,154kV MADEN - KÖPRÜBAŞI MADEN EİH,,unchanged,
Hat,6403,154kV ERGANİ ÇİMENTO - KÖPRÜBAŞI MADEN EİH,,unchanged,
Hat,6404,154kV ARABAN PS - ETİ5 GES EİH,,unchanged,
Hat,6405,154kV SARIL PS - ETİ5 GES EİH,,unchanged,
Hat,6406,400kV TEMELLİ - İGA GES EİH,,updated,Direk | Güzergah
Hat,6407,400kV İGA GES - AFYON2 EİH,,updated,Direk
Hat,6408,154kV MAMAK - KAYAŞ - I EİH,,unchanged,
Hat,6409,154kV ARALIK - BABEK (NAHCİVAN) EİH,,unchanged,
Hat,6410,154kV IĞDIR - ARPAÇAY (NAHCİVAN) EİH,,unchanged,
Hat,6411,154kV MAMAK - KAYAŞ - III EİH,,updated,NORMAL İŞLETME DURUMU
Hat,6412,154kV DENİZLİ RES - HACIHIDIRLAR RES EİH,,unchanged,
Hat,6416,154kV BODRUM 1 -> YENİKÖY TES - YALIKAVAK MOBİL EİH,,unchanged,
Hat,6417,154kV YENİKÖY TES -> BODRUM 1 - YALIKAVAK MOBİL EİH,,unchanged,
Hat,6418,154kV YALIKAVAK MOBİL -> BODRUM 1 - YENİKÖY  TES EİH,,unchanged,
Hat,6419,400kV HAMİTABAT DGKÇ - ENKA KIRKLARELİ DGKÇS - I EİH,,updated,Direk | Güzergah | Karakteristik | Pozitif Empedans (ohm) | Pozitif Kapasitans (μS) | Pozitif Reaktans (ohm) | Pozitif Rezistans (ohm) | Sıfır Empedans (ohm) | Sıfır Kapasitans (μS) | Sıfır Reaktans (ohm) | Sıfır Rezistans (ohm)
Hat,6420,154kV PELİT RES - SİVAS RES EİH,,unchanged,
Hat,6421,154kV MALATYA - BEYDAĞI EİH,,unchanged,
Hat,6422,154kV BEYDAĞI - ETİ BAKIR ADIYAMAN EİH,,unchanged,
Hat,6423,154kV KUŞADASI GİS -> SÖKE RES - YAYLAKÖY MOBİL EİH,,unchanged,
Hat,6424,154kV YAYLAKÖY MOBİL -> KUŞADASI GİS - SÖKE RES EİH,,unchanged,
Hat,6425,154kV SÖKE RES -> KUŞADASI GİS - YAYLAKÖY MOBİL EİH,,unchanged,
Hat,6426,154kV SİİRT380 - KIRTEPE MADEN EİH,,unchanged,
Hat,6427,154kV AKŞAR NAZAR HES - KIRTEPE MADEN EİH,,unchanged,
Hat,6428,154kV SİNCİK HAVZA - ÖZAL EİH,,unchanged,
Hat,6429,154kV ÜMRANİYE - FİNANS GİS EİH,,unchanged,
Hat,6430,154kV KÜÇÜKBAKKALKÖY - FİNANS GİS EİH,,updated,Karakteristik | Kış Kapasitesi (MVA) | Pozitif Empedans (ohm) | Pozitif Kapasitans (μS) | Pozitif Reaktans (ohm) | Pozitif Rezistans (ohm) | Sıfır Empedans (ohm) | Sıfır Kapasitans (μS) | Sıfır Reaktans (ohm) | Sıfır Rezistans (ohm) | Yaz Kapasitesi (MVA)
Hat,6431,154kV ÇEKEREK HAVZA - KARALIK RES EİH,,unchanged,
Hat,6432,154kV AKKÖPRÜ - KAYAŞ EİH,,unchanged,
Hat,6433,154kV BİRECİK - KARKAMIŞ - I EİH,,unchanged,
Hat,6434,154kV BİRECİK - KARKAMIŞ - II EİH,,unchanged,
Hat,6435,154kV KARKAMIŞ HES - KARKAMIŞ - I EİH,,unchanged,
Hat,6436,154kV KARKAMIŞ HES - KARKAMIŞ - II EİH,,unchanged,
Hat,6437,154kV SURUÇ - KARKAMIŞ EİH,,unchanged,
Hat,6438,154kV TUFANBEYLİ - YAMANLI2 HES  EİH,,updated,Direk | Güzergah
Hat,6439,400kV YUMURTALIK DEMİRÇELİK GİS - ERZİN EİH,,unchanged,
Hat,6440,400kV YUMURTALIK DEMİRÇELİK GİS - SUGÖZÜ TES EİH,,unchanged,
Hat,6441,154kV ÇOLAKOĞLU - MAKİNA OSB EİH,,unchanged,
Hat,6442,154kV ARKOZ ÇİMENTO - ETİBAKIR AĞRI GES EİH,,updated,Direk | Güzergah
Hat,6443,154kV DOĞUBAYAZIT - ETİBAKIR AĞRI GES EİH,,updated,Direk | Güzergah
Hat,6444,154kV MUŞ - MUŞ-4 RES EİH,,unchanged,
Hat,6446,154kV AYBASTI RES - KEPEZKAYA HAVZA EİH,,unchanged,
Hat,6447,400kV TEPEÖREN - DERİ OSB EİH,,updated,Güzergah | Karakteristik | Pozitif Empedans (ohm) | Pozitif Kapasitans (μS) | Pozitif Reaktans (ohm) | Pozitif Rezistans (ohm) | Sıfır Empedans (ohm) | Sıfır Kapasitans (μS) | Sıfır Reaktans (ohm) | Sıfır Rezistans (ohm) | Toplam Uzunluk (km)
Hat,6448,154kV ASELSAN MOBİL - EMİRLER EİH,,unchanged,
Hat,6449,154kV ALAŞEHİR - KESTANEDERESİ RES EİH,,updated,Direk | Güzergah
Hat,6450,154kV İÇMELER - DERİ OSB - I EİH,,unchanged,
Hat,6451,154kV İÇMELER - DERİ OSB - II EİH,,unchanged,
Hat,6452,154kV DERİ OSB - TOSB EİH,,unchanged,
Hat,6453,154kV TUZLA - DERİ OSB EİH,,unchanged,
Hat,6454,400kV ALİAĞA2 - BOZKÖY GİS EİH,,unchanged,
Hat,6455,400kV İZDEMİR TES - BOZKÖY GİS EİH,,unchanged,
Hat,6456,154kV BÜSAN - HOTAMIŞ EİH,,unchanged,
Hat,6460,154kV KIRLIK - KADIKÖY GES EİH,,unchanged,
Hat,6461,400kV SEYDİŞEHİR (YENİ) - AFYON2 EİH,,updated,NORMAL İŞLETME DURUMU
Hat,6462,400kV AKSA ANTALYA 380 - SEYDİŞEHİR (YENİ) EİH,,unchanged,
Hat,6463,154kV SENDİREMEKE -> TAKSAN - ÇİNKUR EİH,,unchanged,
Hat,6464,154kV ÇİNKUR -> TAKSAN - SENDİREMEKE EİH,,unchanged,
Hat,6465,154kV TAKSAN -> SENDİREMEKE - ÇİNKUR EİH,,unchanged,
Hat,6467,154kV NİZİP OSB MOBİL -> BELKIS - KİLİS EİH,,unchanged,
Hat,6468,154kV KİLİS -> BELKIS - NİZİP OSB MOBİL EİH,,unchanged,
Hat,6469,154kV BELKIS -> KİLİS - NİZİP OSB MOBİL EİH,,unchanged,
Hat,6470,400kV SEYDİŞEHİR (YENİ) - ETİ ALÜMİNYUM - III EİH,,updated,Direk | Güzergah
Hat,6471,154kV AKBELEN - MERSİN1 GİS EİH,,unchanged,
Hat,6472,154kV MERSİN TERMİK -  MERSİN1 GİS EİH,,unchanged,
Hat,6473,154kV KARLICA RES - ŞEKERSU RES EİH,,unchanged,
Hat,6474,154kV ÇORUM1 RES - MERZİFON EİH,,unchanged,
Hat,6475,154kV KARGI - ÇORUM1 RES EİH,,unchanged,
Hat,6476,154kV ESKİŞEHİR OSB - ACIBADEM ESKİŞEHİR GES EİH,,unchanged,
Hat,6477,154kV SEYDİŞEHİR (YENİ) - AKDAĞ RES EİH,,unchanged,
Hat,6478,400kV KARATAY - SEYDİŞEHİR (YENİ) EİH,,unchanged,
Hat,6480,154kV ALİBEY HÖYÜĞÜ - SEYDİŞEHİR (YENİ) EİH,,unchanged,
Hat,6482,154kV MERAM GİS - SEYDİŞEHİR EİH,,unchanged,
Hat,6483,400kV İKİTELLİ - DELİKLİKAYA - II EİH,,updated,Direk | Güzergah
Hat,6484,400kV İSTANBUL DGKÇ (A) - DELİKLİKAYA EİH,,updated,Güzergah
Hat,6485,154kV KAYABAŞI TOKİ - DELİKLİKAYA EİH,,unchanged,
Hat,6486,154kV HABİBLER - DELİKLİKAYA EİH,,unchanged,
Hat,6487,154kV İKİTELLİ - DELİKLİKAYA - I EİH,,unchanged,
Hat,6488,154kV İKİTELLİ - DELİKLİKAYA - II EİH,,unchanged,
Hat,6489,400kV DERİNER HES - ARTVİN HES EİH,,unchanged,
Hat,6490,400kV BORÇKA HES - DERİNER HES EİH,,unchanged,
Hat,6494,154kV NEZİHE BEREN JES - DAMPINAR RES EİH,,unchanged,
Hat,6495,400kV CİZRE -> SİLOPİ TES - ÇETİN HES EİH,,unchanged,
Hat,6496,400kV ÇETİN HES -> CİZRE - SİLOPİ TES EİH,,updated,Direk | Güzergah | Karakteristik | Pozitif Empedans (ohm) | Pozitif Kapasitans (μS) | Pozitif Reaktans (ohm) | Sıfır Empedans (ohm) | Sıfır Kapasitans (μS) | Sıfır Reaktans (ohm) | Sıfır Rezistans (ohm)
Hat,6497,400kV SİLOPİ TES -> CİZRE - ÇETİN HES EİH,,updated,Direk | Güzergah | Karakteristik | Pozitif Empedans (ohm) | Pozitif Kapasitans (μS) | Pozitif Reaktans (ohm) | Pozitif Rezistans (ohm) | Sıfır Empedans (ohm) | Sıfır Kapasitans (μS) | Sıfır Reaktans (ohm) | Sıfır Rezistans (ohm)
Hat,6498,154kV ETİ BOR KIRKA - KIRKA EİH,,unchanged,
Hat,6499,154kV ETİ BOR KIRKA - KÜMAŞ EİH,,unchanged,
Hat,6500,400kV GELİBOLU - İKİTELLİ EİH,,unchanged,
Hat,6501,400kV İKİTELLİ - DELİKLİKAYA - I EİH,,unchanged,
Hat,6502,154kV ŞAPDAĞI RES - ARMUTÇUK RES EİH,,updated,Direk | Güzergah
Hat,6504,400kV HAMİTABAT DGKÇ - ENKA KIRKLARELİ DGKÇS - II EİH,,updated,Direk | Güzergah
Hat,6505,400kV ENKA KIRKLARELİ DGKÇS - ALİBEYKÖY EİH,,updated,Direk | Güzergah
Hat,6506,154kV ZARA - TTSİVASZARA GES EİH,,unchanged,
Hat,6507,154kV OYÇİM GES - SİNCAN EİH,,unchanged,
Hat,6508,154kV OYÇİM GES - BEYPAZARI EİH,,unchanged,
Hat,6509,400kV SEYDİŞEHİR (YENİ) -> EREĞLİ - ADANA EİH,,unchanged,
Hat,6510,154kV AKSEKİ - SEYDİŞEHİR (YENİ) EİH,,unchanged,
Hat,6511,154kV MANAVGAT - SEYDİŞEHİR (YENİ) EİH,,unchanged,
Hat,6512,400kV SEYDİŞEHİR (YENİ) - OYMAPINAR EİH,,unchanged,
Hat,6513,154kV DARENDE - HASAN ÇELEBİ EİH,,unchanged,
Hat,6514,154kV DARENDE - MALATYA GES EİH,,added,
Hat,6515,154kV PÜLÜMÜR - TUNCELİ EİH,,unchanged,
Hat,6516,154kV YENİŞEHİR -> TAŞÇILAR ÇİMENTO - HABAŞ BİLECİK EİH,,unchanged,
Hat,6517,154kV TAŞÇILAR ÇİMENTO -> YENİŞEHİR - HABAŞ BİLECİK EİH,,unchanged,
Hat,6518,154kV HABAŞ BİLECİK -> TAŞÇILAR ÇİMENTO - YENİŞEHİR EİH,,unchanged,
Hat,6519,154kV KIRKAĞAÇ RES - AKHİSAR GİS EİH,,updated,Adı
Hat,6522,154kV KARACADAĞ PS - KADIKÖY GES EİH,,unchanged,
Hat,6523,154kV KANİJE RES - MALKARA EİH,,unchanged,
Hat,6524,154kV SARIKAYA RES - MALKARA EİH,,unchanged,
Hat,6525,154kV IĞDIR - HOŞHABER DGES EİH,,unchanged,
Hat,6526,400kV SOMA B TES - İZMİR HAVZA EİH,,unchanged,
Hat,6527,400kV KÖYLÜKÖY - SOMA B TES EİH,,removed-from-source,
Hat,6529,154kV GERES RES - AKHİSAR GİS EİH,,updated,Adı
Hat,6530,154kV BEYLİKDÜZÜ - BAHÇEŞEHİR - II EİH,,unchanged,
Hat,6531,154kV ANTALYA SERBEST BÖLGE -> OVACIK - FİNİKE EİH,,removed-from-source,
Hat,6533,154kV FİNİKE -> OVACIK - ANTALYA SERBEST BÖLGE EİH,,removed-from-source,
Hat,6537,154kV VİRANŞEHİR - DÜZLÜK GES EİH,,added,
Hat,6540,154kV BEYLİKDÜZÜ - BAHÇEŞEHİR - I EİH,,unchanged,
Hat,6542,154kV KEŞAN - MALKARA EİH,,unchanged,
Hat,6543,66kV REYHANLI - AFRİN - II (SURİYE) EİH,,updated,NORMAL İŞLETME DURUMU
Hat,6544,66kV REYHANLI - HAREM - II (SURİYE) EİH,,removed-from-source,
Hat,6546,400kV MERSİN380 -> KARATAY - AKKUYU NGS GİS EİH,,updated,NORMAL İŞLETME DURUMU
Hat,6547,400kV KARATAY -> MERSİN380 - AKKUYU NGS GİS EİH,,updated,Karakteristik | Pozitif Empedans (ohm) | Pozitif Kapasitans (μS) | Pozitif Reaktans (ohm) | Pozitif Rezistans (ohm) | Sıfır Empedans (ohm) | Sıfır Kapasitans (μS) | Sıfır Reaktans (ohm) | Sıfır Rezistans (ohm) | Toplam Uzunluk (km)
Hat,6548,400kV AKKUYU NGS GİS -> MERSİN380 - KARATAY EİH,,unchanged,
Hat,6551,154kV ÜMİTKÖY -> ALCI OSB MOBİL - TEMELLİ EİH,,unchanged,
Hat,6552,154kV TEMELLİ -> ALCI OSB MOBİL - ÜMİTKÖY EİH,,unchanged,
Hat,6553,154kV ALCI OSB MOBİL -> ÜMİTKÖY - TEMELLİ EİH,,updated,NORMAL İŞLETME DURUMU
Hat,6554,154kV ELAZIĞ - PERTEK EİH,,unchanged,
Hat,6555,154kV MALKARA - ASYAPORT LİMAN EİH,,added,
Hat,6556,154kV KAPIÇAM - DDY NARLI EİH,,removed-from-source,
Hat,6557,154kV ÇİMKO -> GASKİ2 - NARLI MOBİL EİH,,removed-from-source,
Hat,6558,154kV GASKİ2 -> ÇİMKO - NARLI MOBİL EİH,,removed-from-source,
Hat,6559,154kV NARLI MOBİL -> ÇİMKO - GASKİ 2  EİH,,removed-from-source,
Hat,6561,400kV SOMA B TES - SOMA KOLİN TES EİH,,updated,Direk | Güzergah
Hat,6562,154kV BANDIRMA - BİGA EİH,,updated,Direk | Güzergah
Hat,6564,154kV ÇERKEZKÖY - VİZE HAVZA EİH,,unchanged,
Hat,6565,154kV KIYIKÖY RES (TEKİRDAĞ) -  VİZE HAVZA EİH,,unchanged,
Hat,6566,154kV KADİRLİ OSB - KADİRLİ EİH,,unchanged,
Hat,6567,154kV KADİRLİ OSB - KOZAN EİH,,unchanged,
Hat,6568,400kV MORSAN -> ALİAĞA-2 - SOMA-B EİH,,removed-from-source,
Hat,6569,400kV ALİAĞA2 -> MORSAN - SOMA-B EİH,,removed-from-source,
Hat,6570,400kV SOMA-B TES -> ALİAĞA-2 - MORSAN EİH,,removed-from-source,
Hat,6571,154kV HORASAN GES - HORASAN EİH,,unchanged,
Hat,6572,154kV HORASAN GES - KARAKURT HAVZA EİH,,unchanged,
Hat,6573,400kV SEYDİŞEHİR (YENİ) - ETİ ALÜMİNYUM - II EİH,,updated,Direk | Güzergah | NORMAL İŞLETME DURUMU
Hat,6574,154kV MERSİN380 - ÇAMLIYAYLA HAVZA EİH,,updated,Adı | NORMAL İŞLETME DURUMU
Hat,6575,154kV ÇAN HAVZA - BAYRAMİÇ BAKIR EİH,,updated,NORMAL İŞLETME DURUMU
Hat,6576,154kV BAYRAMİÇ BAKIR - GAZİ-9 RES EİH,,updated,NORMAL İŞLETME DURUMU
Hat,6577,154kV VARSAK -> KORKUTELİ - DÖŞEMEALTI EİH,,updated,NORMAL İŞLETME DURUMU
Hat,6578,154kV KORKUTELİ -> VARSAK - DÖŞEMEALTI EİH,,updated,NORMAL İŞLETME DURUMU
Hat,6579,154kV DÖŞEMEALTI -> VARSAK - KORKUTELİ EİH,,updated,NORMAL İŞLETME DURUMU
Hat,6580,154kV MANİSA - AKHİSAR GİS EİH,,updated,Direk | Güzergah | Karakteristik | NORMAL İŞLETME DURUMU | Pozitif Empedans (ohm) | Pozitif Kapasitans (μS) | Pozitif Reaktans (ohm) | Pozitif Rezistans (ohm) | Sıfır Empedans (ohm) | Sıfır Kapasitans (μS) | Sıfır Reaktans (ohm) | Sıfır Rezistans (ohm) | Toplam Uzunluk (km)
Hat,6581,154kV YENİ ŞEHİTLİK - TARSUS OSB EİH,,added,
Hat,6582,154kV NACARLI - TARSUS OSB EİH,,added,
Hat,6584,400kV ALİAĞA2 - MORSAN EİH,,added,
Hat,6585,400kV SOMA B - MORSAN EİH,,added,
Hat,6586,154kV MANCARLIK GİS - ANTALYA GİS EİH,,added,
Hat,6587,400kV ÜMRANİYE - ATAŞEHİR KABLO EİH,,added,
Hat,6588,154kV ŞANLIURFA - RASA MEDT EİH,,added,
Hat,6589,154kV TÜRKELİ - BOZKURT HAVZA EİH,,added,
Hat,6590,154kV TÜRKELİ - AYANCIK EİH,,added,
Hat,6591,154kV META NİKEL - GÖRDES EİH,,added,
Hat,6592,154kV DEMİRCİ - GÖRDES EİH,,added,
Hat,6593,400kV DİLİSKELESİ GİS - BANDIRMA DGKÇS 2 EİH,,added,
Hat,6594,154kV ELMACIK RES -> HAMİTABAT DGKÇS - KIRKLARELİ EİH,,added,
Hat,6595,154kV HAMİTABAT DGKÇS -> ELMACIK RES - KIRKLARELİ EİH,,added,
Hat,6596,154kV KIRKLARELİ -> ELMACIK RES - HAMİTABAT DGKÇS EİH,,added,
Hat,6598,66kV REYHANLI - SARMADA (SURİYE) EİH,,added,
Hat,6599,154kV YAKAAĞZI RES - BİM AĞRI GES EİH,,added,
Hat,6600,154kV ERZİN - OSMANİYE 2 EİH,,added,
Hat,6601,400kV ERMENEK - SEYDİŞEHİR (YENİ) EİH,,added,
Hat,6606,154kV GASKİ2 - NARLI(YENİ) EİH,,added,
Hat,6607,154kV ÇİMKO - NARLI(YENİ) EİH,,added,
Hat,6609,154kV ADIYAMAN GÖLBAŞI - NARLI(YENİ) - II EİH,,added,
Hat,6617,154kV AKHİSAR RES - AKHİSAR GİS EİH,,added,
Hat,6618,154kV DALAMAN - MUĞLA GÜNEY EİH,,added,
Hat,6619,154kV SEYİTÖMER TES - KÜTAHYA (YENİ) EİH,,added,
Hat,6620,154kV KÜTAHYA (YENİ) - FRİGYA EİH,,added,
Hat,6621,154kV ULAŞ - ÇORLU EİH,,added,
Hat,6622,154kV ÇERKEZKÖY - ÇORLU EİH,,added,
Hat,6623,154kV MARMARA PAMUKLU DGKÇ - ÇORLU EİH,,added,
Hat,6624,154kV BÜYÜKKARIŞTIRAN - TÜRKGÜCÜ EİH,,added,
Hat,6625,400kV SOMA B TES - ÇAN HAVZA EİH,,added,
Hat,6626,400kV KÖYLÜKÖY - SOMA B TES EİH,,added,
Hat,6627,154kV ALTINTAŞ - ÇUMRA GES EİH,,added,
Hat,6628,154kV AFYON2 -> UŞAK RES - KARAHİSAR MOBİL EİH,,added,
Hat,6629,154kV UŞAK RES -> AFYON2 - KARAHİSAR MOBİL EİH,,added,
Hat,6630,154kV KARAHİSAR MOBİL -> AFYON2 - UŞAK RES EİH,,added,
Hat,6633,154kV ŞADILLI RES - MALKARA EİH,,added,
Hat,6635,220kV KARS - GÜMRİ (ERMENİSTAN) EİH,,added,
Hat,6636,154kV ANTALYA SERBEST BÖLGE - FİNİKE EİH,,added,
Hat,6637,154kV ANTALYA SERBEST BÖLGE - OVACIK HAVZA EİH,,added,
Hat,6638,154kV GÖNEN - IHLAMUR RES EİH,,added,
Hat,6639,154kV ÇAN HAVZA - IHLAMUR RES EİH,,added,
Hat,6640,154kV KAROVA RES - ARTURNA RES EİH,,added,
Hat,6641,154kV DEVREK - ZONGULDAK EİH,,added,
Hat,6642,154kV KAPIÇAM - NARLI (YENİ) EİH,,added,
Hat,6643,154kV TOSYALI OSMANİYE GES - İKİZLER EİH,,added,
Hat,6644,154kV TOSYALI OSMANİYE GES - OSMANİYE OSB EİH,,added,
Hat,6645,400kV BORNOVA380 - İZMİR HAVZA EİH,,added,
Hat,6649,154kV MUĞLA GÜNEY -> MARMARİS 1 - DALAMAN EİH,,added,
Hat,6650,154kV MARMARİS 1 -> MUĞLA GÜNEY - DALAMAN EİH,,added,
Hat,6651,154kV DALAMAN -> MUĞLA GÜNEY - MARMARİS 1 EİH,,added,
Hat,6653,154kV ADIYAMAN GÖLBAŞI - NARLI(YENİ) - I EİH,,added,
Hat,6654,154kV AĞRI1 - DİYADİN EİH,,added,
Hat,6655,154kV DİYADİN - İPEKTEPE RES EİH,,added,
Hat,6657,154kV MERSİN3 -> TAŞUCU - ŞÖNT TAŞUCU SANAL EİH,,added,
Hat,6658,154kV MERSİN2 -> ERDEMLİ - ŞÖNT ERDEMLİ SANAL EİH,,added,
Hat,6659,154kV ERDEMLİ -> MERSİN2 - ŞÖNT ERDEMLİ SANAL EİH,,added,
Hat,6660,154kV TAŞUCU -> MERSİN3 - ŞÖNT TAŞUCU SANAL EİH,,added,
Hat,6661,154kV ŞÖNT ERDEMLİ - ŞÖNT TAŞUCU EİH,,added,
Hat,6662,154kV KARAMÜRSEL (YENİ) -> ÇAKIL RES - GEMLİK EİH,,added,
Hat,6663,154kV FORD - KARAMÜRSEL (YENİ) EİH,,added,
Hat,6664,154kV EDİRNE ÇİMENTO - LALAPAŞA ÇİMENTO EİH,,added,
Hat,6665,154kV KIRKLARELİ - LALAPAŞA ÇİMENTO EİH,,added,
Hat,6666,154kV ALİBEY HÖYÜĞÜ - ALAKOVA EİH,,added,
Hat,6667,154kV KARAKOÇAN - YENİ DGES EİH,,added,
Hat,6668,154kV BİNGÖL - YENİ DGES EİH,,added,
Hat,6669,154kV ÇATALCA RES - GELGİT RES EİH,,added,
Hat,6670,154kV GELGİT RES -> SELİMPAŞA MOBİL - BOTAŞ EİH,,added,
Hat,6671,154kV ADAPAZARI RES - GÖLPAZARI EİH,,added,
Hat,6672,154kV DİYARBAKIR3 -> DİYARBAKIR4 - KARACADAĞ OSB,,added,
Hat,6673,154kV DİYARBAKIR4 -> DİYARBAKIR3 - KARACADAĞ OSB,,added,
Hat,6674,154kV KARACADAĞ OSB -> DİYARBAKIR3 - DİYARBAKIR4 - I,,added,
Hat,6675,154kV GÖRDES - İZDEMİR ARAZİ GES EİH,,added,
Hat,6677,154kV KIRKLARELİ-KIRKLARELİ OSB EİH,,added,
Hat,6678,154kV PINARHİSAR-KIRKLARELİ OSB EİH,,added,
Hat,6682,154kV KORGAN HAVZA-AKKUŞ HAVZA EİH,,added,
Hat,6683,400kV KONYA KUZEY - SULTANİYE GES EİH,,added,
Hat,6684,154kV UŞAK OSB - BANAZ EİH,,added,
Hat,6685,154kV KÜÇÜKBAKKALKÖY - FİKİRTEPE GİS EİH,,added,
Hat,6686,154kV KADIKÖY - FİKİRTEPE GİS EİH,,added,
Hat,6687,154kV ETİ GÜMÜŞ - KÜTAHYA (YENİ) EİH,,added,
Hat,6688,154kV GÜRAĞAÇ - KÜTAHYA (YENİ) EİH,,added,
Hat,6689,154kV UŞAK RES - KARMA OSB EİH,,added,
Hat,6690,154kV FİNE OTEL GES - GULSAN GES EİH,,added,
Hat,6691,400kV DERİ OSB - KROMANÇELİK GİS EİH,,added,
Trafo,2340,A-OTR-2,DAVUTPAŞA,unchanged,
Trafo,2341,A-OTR-1,KÖYLÜKÖY,unchanged,
Trafo,2343,A-TR-1,DAVUTPAŞA,unchanged,
Trafo,2344,B-TR-4,DAVUTPAŞA,unchanged,
Trafo,2345,B-OTR-3,DAVUTPAŞA,unchanged,
Trafo,2348,TR-B,SİNOP,updated,Normal İşletme Durumu
Trafo,2351,OTR-1,ATATÜRK HES,unchanged,
Trafo,2353,TR-A,ATATÜRK HES,removed-from-source,
Trafo,2356,TR-B,SEYHAN HES,unchanged,
Trafo,2367,TR-A,AĞRI1,unchanged,
Trafo,2368,TR-B,AĞRI1,unchanged,
Trafo,2369,TR-B,ADIYAMAN,unchanged,
Trafo,2370,A-OTR-1,KIZILTEPE SERKAN AY,updated,Trafo Merkezi
Trafo,2376,A-OTR-1,AĞRI2,unchanged,
Trafo,2378,B-OTR-4,KIZILTEPE SERKAN AY,updated,Trafo Merkezi
Trafo,2379,B-OTR-4,AĞRI2,unchanged,
Trafo,2381,C-TR-6,KIZILTEPE SERKAN AY,updated,Trafo Merkezi
Trafo,2383,TR-A,KIZILTEPE SERKAN AY,updated,Trafo Merkezi
Trafo,2385,OTR-1,ALTINKAYA HES,unchanged,
Trafo,2391,TR-A,KEMER ANTALYA,updated,Normal İşletme Durumu
Trafo,2392,TR-B,KEMER ANTALYA,updated,Normal İşletme Durumu
Trafo,2394,TR-A,AŞKALE ÇİMENTO,unchanged,
Trafo,2395,TR-A,BAĞIŞLI,unchanged,
Trafo,2397,TR-B,BAĞIŞLI,unchanged,
Trafo,2398,A-OTR-1,ALİAĞA2,unchanged,
Trafo,2401,A-OTR-2,ALİAĞA2,unchanged,
Trafo,2404,TR-A,YURT ÇİMENTO,unchanged,
Trafo,2405,TR-A,KALKANDERE,updated,Normal İşletme Durumu
Trafo,2406,A-OTR-3,BAŞKALE,unchanged,
Trafo,2407,A-OTR-4,BAŞKALE,removed-from-source,
Trafo,2414,A-OTR-1,BORÇKA HES,unchanged,
Trafo,2419,TR-A,ÇARŞAMBA,unchanged,
Trafo,2420,A-OTR-1,TİREBOLU,unchanged,
Trafo,2422,A-OTR-2,TİREBOLU,unchanged,
Trafo,2426,A-OTR-1,ADANA,unchanged,
Trafo,2430,TR-A,ÇILDIR HES,unchanged,
Trafo,2441,TR-B,TİREBOLU,unchanged,
Trafo,2443,TR-A,ERZURUM,unchanged,
Trafo,2444,TR-B,ERZURUM,unchanged,
Trafo,2446,OTR-1,KARAKAYA HES,unchanged,
Trafo,2448,A-OTR-1,HİLVAN,unchanged,
Trafo,2450,A-TR-2,HİLVAN,updated,Normal İşletme Durumu
Trafo,2455,A-OTR-1,DİYARBAKIR3,unchanged,
Trafo,2457,B-OTR-3,DİYARBAKIR3,unchanged,
Trafo,2459,C-TR-5,DİYARBAKIR3,unchanged,
Trafo,2461,TR-B,DİYARBAKIR3,unchanged,
Trafo,2462,C-TR-5,BATMAN2,unchanged,
Trafo,2463,C-TR-6,BATMAN2,unchanged,
Trafo,2464,A-OTR-1,BATMAN2,unchanged,
Trafo,2466,B-OTR-3,BATMAN2,unchanged,
Trafo,2467,B-OTR-4,BATMAN2,unchanged,
Trafo,2468,B-OTR-3,SIRRIN,unchanged,
Trafo,2469,B-OTR-4,SIRRIN,unchanged,
Trafo,2471,TR-A,SIRRIN,unchanged,
Trafo,2473,OTR-1,BİRECİK HES,unchanged,
Trafo,2474,TR,BİRECİK HES,unchanged,
Trafo,2475,A-OTR-1,BAŞPINAR OSB,unchanged,
Trafo,2476,A-OTR-2,BAŞPINAR OSB,unchanged,
Trafo,2477,B-OTR-3,BAŞPINAR OSB,unchanged,
Trafo,2478,B-OTR-4,BAŞPINAR OSB,unchanged,
Trafo,2479,C-TR-5,BAŞPINAR OSB,unchanged,
Trafo,2482,TR-B,BAŞPINAR OSB,unchanged,
Trafo,2483,TR-C,BAŞPINAR OSB,unchanged,
Trafo,2485,A-OTR-1,VARSAK,unchanged,
Trafo,2486,A-OTR-2,VARSAK,unchanged,
Trafo,2489,B-OTR-4,VARSAK,unchanged,
Trafo,2490,C-TR-6,VARSAK,unchanged,
Trafo,2491,C-TR-5,VARSAK,unchanged,
Trafo,2492,TR-A,VARSAK,unchanged,
Trafo,2493,OTR-1,DENİZLİ4,unchanged,
Trafo,2494,OTR-2,DENİZLİ4,unchanged,
Trafo,2495,TR-3,DENİZLİ4,unchanged,
Trafo,2497,TR-4,DENİZLİ4,unchanged,
Trafo,2498,A-OTR-1,AFYON2,removed-from-source,
Trafo,2499,A-OTR-2,AFYON2,unchanged,
Trafo,2501,B-OTR-4,AFYON2,unchanged,
Trafo,2502,A-OTR-1,KURŞUNLU,unchanged,
Trafo,2504,A-OTR-2,KURŞUNLU,unchanged,
Trafo,2507,TR-A,AFYON2,unchanged,
Trafo,2522,A-OTR-1,OYMAPINAR,unchanged,
Trafo,2523,OTR-2,OYMAPINAR,unchanged,
Trafo,2525,TR-B,VARSAK,unchanged,
Trafo,2530,TR,ÇAYIRHAN TES,unchanged,
Trafo,2535,A-OTR-2,SİNCAN,unchanged,
Trafo,2537,B-OTR-4,SİNCAN,unchanged,
Trafo,2538,TR-A,SİNCAN,unchanged,
Trafo,2540,A-OTR-1,TEMELLİ,unchanged,
Trafo,2541,B-OTR-4,TEMELLİ,updated,Normal İşletme Durumu
Trafo,2544,B-OTR-3,BAĞLUM,unchanged,
Trafo,2550,TR-B,ANKARA SANAYİ,unchanged,
Trafo,2551,TR-A,BALGAT,unchanged,
Trafo,2572,TR-B,MACUNKÖY,unchanged,
Trafo,2574,TR-A,MALTEPE ANKARA,updated,Normal İşletme Durumu
Trafo,2575,TR-D,MALTEPE ANKARA,unchanged,
Trafo,2576,TR-B,MALTEPE ANKARA,updated,Normal İşletme Durumu
Trafo,2580,TR-B,OVACIK,unchanged,
Trafo,2584,TR-A,ÜMİTKÖY,unchanged,
Trafo,2588,TR-A,İMRAHOR,unchanged,
Trafo,2589,TR-B,İMRAHOR,unchanged,
Trafo,2590,TR-A,HASKÖY,unchanged,
Trafo,2593,TR-1,ÇİMPOR,unchanged,
Trafo,2595,TR-A,ETİ SODA,unchanged,
Trafo,2596,A-OTR-1,KAYSERİ KAPASİTÖR,unchanged,
Trafo,2601,TR-A,KAYSERİ2,unchanged,
Trafo,2603,TR-A,KAYSERİ3,unchanged,
Trafo,2604,TR-B,KAYSERİ3,unchanged,
Trafo,2606,A-OTR-2,KARATAY,unchanged,
Trafo,2607,B-OTR-3,KARATAY,unchanged,
Trafo,2608,B-OTR-4,KARATAY,unchanged,
Trafo,2614,TR-A,YAZIR,unchanged,
Trafo,2615,TR-B,YAZIR,unchanged,
Trafo,2616,TR-A,KAYACIK,unchanged,
Trafo,2617,TR-B,KAYACIK,unchanged,
Trafo,2627,TR-B,KARAPINAR,unchanged,
Trafo,2632,TR-A,GÜNEYSINIR,unchanged,
Trafo,2633,TR-A,KEPEZKAYA HAVZA,unchanged,
Trafo,2634,A-OTR-1,YEŞİLHİSAR,unchanged,
Trafo,2635,A-OTR-2,YEŞİLHİSAR,unchanged,
Trafo,2653,TR-A,MİSLİOVA,unchanged,
Trafo,2656,TR-B,NEVŞEHİR,unchanged,
Trafo,2659,TR-C,PETLAS,updated,Normal İşletme Durumu
Trafo,2660,TR-A,PETLAS,unchanged,
Trafo,2661,TR-B,PETLAS,unchanged,
Trafo,2670,TR-A,TÜMOSAN,unchanged,
Trafo,2671,TR-B,TÜMOSAN,unchanged,
Trafo,2680,TR-C,KAYSERİ3,unchanged,
Trafo,2683,A-OTR-1,BAĞLUM,unchanged,
Trafo,2685,TR-2,ÇİMPOR,unchanged,
Trafo,2686,TR-B,HASKÖY,unchanged,
Trafo,2687,TR-C,SİNCAN,unchanged,
Trafo,2695,TR-A,DERİNKUYU,unchanged,
Trafo,2696,TR-A,KARAPINAR,unchanged,
Trafo,2701,TR-C,KAYACIK,unchanged,
Trafo,2702,TR-B,KALECİK,unchanged,
Trafo,2707,TR-A,AKORSAN,unchanged,
Trafo,2711,TR-A,AS ÇİMENTO,unchanged,
Trafo,2712,TR-B,AS ÇİMENTO,unchanged,
Trafo,2713,TR-C,AS ÇİMENTO,unchanged,
Trafo,2714,TR-A,BUCAK,unchanged,
Trafo,2717,OTR-1,ELBİSTAN TES,unchanged,
Trafo,2718,OTR-2,ELBİSTAN TES,unchanged,
Trafo,2720,TR-B,ELBİSTAN TES,unchanged,
Trafo,2729,TR-A,BURDUR,unchanged,
Trafo,2735,TR-A,DENİZLİ ÇİMENTO,unchanged,
Trafo,2737,TR-A,DENİZLİ2,unchanged,
Trafo,2752,TR-A,TOKAT,unchanged,
Trafo,2755,TR-A,GÖLTAŞ ÇİMENTO,unchanged,
Trafo,2757,TR-A,TOKAT OSB,unchanged,
Trafo,2759,TR-A,BARLA,removed-from-source,
Trafo,2760,TR-B,BARLA,unchanged,
Trafo,2761,TR-A,AMASYA,unchanged,
Trafo,2767,TR-A,UŞAK,unchanged,
Trafo,2768,TR-B,UŞAK,unchanged,
Trafo,2769,TR-A,UŞAK OSB,unchanged,
Trafo,2770,TR-B,UŞAK OSB,unchanged,
Trafo,2771,TR-C,ÇAYSEKA,unchanged,
Trafo,2778,TR-A,ALANYA,unchanged,
Trafo,2779,TR-B,ALANYA,unchanged,
Trafo,2781,TR-A,ALARA,unchanged,
Trafo,2782,TR-A,ILGIN,unchanged,
Trafo,2783,TR-A,BEYŞEHİR,unchanged,
Trafo,2785,TR-A,TRABZON,unchanged,
Trafo,2786,TR-B,TRABZON,unchanged,
Trafo,2794,TR-A,MANCARLIK GİS,unchanged,
Trafo,2795,TR-B,MANCARLIK GİS,unchanged,
Trafo,2796,TR-A,LARA,unchanged,
Trafo,2797,TR-B,LARA,unchanged,
Trafo,2798,TR-B,KUNDU,unchanged,
Trafo,2799,TR-A,SERİK,unchanged,
Trafo,2800,TR-B,SERİK,unchanged,
Trafo,2801,TR-A,YAVRUDOĞAN,unchanged,
Trafo,2802,TR-A,MANAVGAT,unchanged,
Trafo,2803,TR-B,MANAVGAT,unchanged,
Trafo,2805,TR-A,MAHMUTLAR,unchanged,
Trafo,2806,TR-A,GAZİPAŞA,unchanged,
Trafo,2814,TR-A,ARTOVA ÇİMENTO,unchanged,
Trafo,2815,TR-A,KARAKAYA HES,unchanged,
Trafo,2816,TR-B,KARAKAYA HES,unchanged,
Trafo,2820,BCT 1-2,ELBİSTAN-B TES 154,unchanged,
Trafo,2822,BCT 3-4,ELBİSTAN-B TES 154,updated,Normal İşletme Durumu
Trafo,2823,BCT 1-4,ELBİSTAN-B TES 154,unchanged,
Trafo,2824,TR-A,ALACA,unchanged,
Trafo,2826,TR-1,BEYKENT OSB,unchanged,
Trafo,2838,TR-A,MALATYA,unchanged,
Trafo,2840,TR-A,KEBAN TM,unchanged,
Trafo,2841,TR-B,KEBAN TM,unchanged,
Trafo,2842,TR-A,HANKENDİ,unchanged,
Trafo,2843,TR-A,ELAZIĞ,unchanged,
Trafo,2844,TR-B,ELAZIĞ,unchanged,
Trafo,2847,OTR-3,KOVADA 2 HES,unchanged,
Trafo,2850,TR-C,ÜMİTKÖY,unchanged,
Trafo,2851,TR-B,OSTİM OSB,unchanged,
Trafo,2854,TR-A,DİNAR,unchanged,
Trafo,2857,TR-A,HAZAR1,unchanged,
Trafo,2864,TR-A,MALORSA,unchanged,
Trafo,2865,TR-B,MALORSA,unchanged,
Trafo,2866,TR-A,BİZNA HAVZA,unchanged,
Trafo,2868,TR-A,DOĞANKÖY,unchanged,
Trafo,2870,TR-A,DİYARBAKIR4,unchanged,
Trafo,2871,TR-B,DİYARBAKIR4,unchanged,
Trafo,2872,TR-A,DİYARBAKIR2,unchanged,
Trafo,2875,TR-A,BİSMİL1,unchanged,
Trafo,2877,TR-A,PS4,unchanged,
Trafo,2878,TR-B,PS4,unchanged,
Trafo,2879,TR-C,PS4,unchanged,
Trafo,2880,TR-A,ETİFOSFAT,unchanged,
Trafo,2882,TR-A,MARDİN1,unchanged,
Trafo,2888,TR-B,PS3,unchanged,
Trafo,2889,TR-C,PS3,unchanged,
Trafo,2890,TR-A,PS3/A,unchanged,
Trafo,2891,TR-B,PS3/A,unchanged,
Trafo,2895,TR-A,SİLOPİ TES,unchanged,
Trafo,2896,TR-B,ŞIRNAK,unchanged,
Trafo,2897,TR-A,ULUDERE,unchanged,
Trafo,2898,TR-A,DODAN,unchanged,
Trafo,2900,TR-B,BATMAN1,unchanged,
Trafo,2910,TR-B,BİNGÖL,unchanged,
Trafo,2913,TR-B,KAYSERİ2,unchanged,
Trafo,2914,TR-A,SİİRT1,unchanged,
Trafo,2915,TR-B,SİİRT1,unchanged,
Trafo,2918,TR-B,ÇIRÇIP,unchanged,
Trafo,2923,TR-E,DİKMEN1,updated,Normal İşletme Durumu
Trafo,2927,TR-A,VİRANŞEHİR,unchanged,
Trafo,2928,TR-B,VİRANŞEHİR,unchanged,
Trafo,2931,TR-B,KARACADAĞ PS,unchanged,
Trafo,2933,TR-A,ARABAN PS,unchanged,
Trafo,2935,TR-A,SARIL PS,unchanged,
Trafo,2936,TR-B,SARIL PS,unchanged,
Trafo,2937,TR-C,SARIL PS,unchanged,
Trafo,2940,TR-A,AKÇAKALE,unchanged,
Trafo,2951,TR-B,ŞANLIURFA OSB,unchanged,
Trafo,2952,TR-A,KARACA,updated,Normal İşletme Durumu
Trafo,2953,TR-B,TATARHÖYÜK,unchanged,
Trafo,2957,TR-B,BELKIS,unchanged,
Trafo,2960,TR-A,İBRAHİMLİ,unchanged,
Trafo,2961,TR-B,İBRAHİMLİ,unchanged,
Trafo,2962,TR-A,YEŞİLVADİ,unchanged,
Trafo,2966,TR-A,ÇÖÇELLİ,unchanged,
Trafo,2968,TR-1,ÇİMKO,unchanged,
Trafo,2969,TR-2,ÇİMKO,unchanged,
Trafo,2970,TR-3,ÇİMKO,unchanged,
Trafo,2971,TR-4,ÇİMKO,unchanged,
Trafo,2978,TR-A,KAHRAMANMARAŞ,unchanged,
Trafo,2979,TR-B,KAHRAMANMARAŞ,unchanged,
Trafo,2980,TR-C,KAHRAMANMARAŞ,unchanged,
Trafo,2982,TR,KISIK HES,unchanged,
Trafo,2984,TR-B,KIZÖREN,unchanged,
Trafo,2986,A-OTR-2,ADANA,unchanged,
Trafo,2989,B-OTR-3,ADANA,unchanged,
Trafo,2991,A-OTR-1,SUGÖZÜ TES,unchanged,
Trafo,2993,A-OTR-1,ANDIRIN,unchanged,
Trafo,2994,A-OTR-2,ANDIRIN,unchanged,
Trafo,2995,TR-B,BAFRA,unchanged,
Trafo,2996,A-OTR-1,İSDEMİR TES,unchanged,
Trafo,2998,A-OTR-2,İSDEMİR TES,unchanged,
Trafo,2999,A-OTR-1,KOZAN HAVZA,unchanged,
Trafo,3000,A-OTR-2,KOZAN HAVZA,unchanged,
Trafo,3011,TR-B,ÇANKIRI,unchanged,
Trafo,3012,TR-B,SUNGURLU OSB,updated,Normal İşletme Durumu
Trafo,3017,B-OTR-3,KOZAN HAVZA,unchanged,
Trafo,3024,TR-A,ALTINEKİN,unchanged,
Trafo,3026,TR-1,TOSÇELİK,unchanged,
Trafo,3027,TR-2,TOSÇELİK,unchanged,
Trafo,3028,TR-3,TOSÇELİK,unchanged,
Trafo,3029,TR-4,TOSÇELİK,unchanged,
Trafo,3030,TR-1,TOSYALI METALURJİ,unchanged,
Trafo,3031,TR-2,TOSYALI METALURJİ,unchanged,
Trafo,3032,A-OTR-1,ADAPAZARI,unchanged,
Trafo,3034,A-OTR-2,ADAPAZARI,unchanged,
Trafo,3037,B-OTR-3,ADAPAZARI,unchanged,
Trafo,3038,B-OTR-4,ADAPAZARI,unchanged,
Trafo,3039,TR-A,ADAPAZARI,unchanged,
Trafo,3049,TR-B,AKBELEN,unchanged,
Trafo,3057,TR-A,ANDIRIN,unchanged,
Trafo,3073,TR-A,CUMHURİYET,unchanged,
Trafo,3075,TR-E,CUMHURİYET,unchanged,
Trafo,3076,TR-B,HATAY,unchanged,
Trafo,3077,A-TR-1,KÜÇÜKBAKKALKÖY,unchanged,
Trafo,3078,B-TR-3,KÜÇÜKBAKKALKÖY,unchanged,
Trafo,3081,A-OTR-2,KÜÇÜKBAKKALKÖY,unchanged,
Trafo,3082,B-OTR-4,KÜÇÜKBAKKALKÖY,unchanged,
Trafo,3083,TR-A,KÜÇÜKBAKKALKÖY,unchanged,
Trafo,3084,TR-1,BATI ADANA,unchanged,
Trafo,3086,TR-B,KÜÇÜKBAKKALKÖY,unchanged,
Trafo,3089,TR-2,BATI ADANA,unchanged,
Trafo,3090,TR-3,BATI ADANA,updated,Normal İşletme Durumu
Trafo,3091,TR-4,BATI ADANA,unchanged,
Trafo,3092,TR-5,BATI ADANA,unchanged,
Trafo,3095,TR-A,CEYHAN1,unchanged,
Trafo,3096,TR-B,CEYHAN1,unchanged,
Trafo,3100,TR,ÇİMSA,unchanged,
Trafo,3105,TR-A,ERDEMLİ,unchanged,
Trafo,3107,TR-A,FEKE HAVZA,unchanged,
Trafo,3109,TR-B,GÜNEY ADANA,unchanged,
Trafo,3119,TR-C,İSKENDERUN2,unchanged,
Trafo,3120,TR-A,İSKENDERUN3,unchanged,
Trafo,3121,TR-B,İSKENDERUN3,unchanged,
Trafo,3123,TR,MURAT HES,unchanged,
Trafo,3124,TR-A,MERCAN HES,unchanged,
Trafo,3126,TR-C,KARAİSALI,unchanged,
Trafo,3129,TR-A,KOZAN HAVZA,unchanged,
Trafo,3130,TR-B,KARAHAN,updated,Normal İşletme Durumu
Trafo,3135,TR-A,MERSİN2,unchanged,
Trafo,3141,TR-A,MİSİS,unchanged,
Trafo,3147,TR,ÇAMLICA3 HES,unchanged,
Trafo,3150,TR-A,OSMANİYE OSB,unchanged,
Trafo,3151,TR-A,PAYAS,unchanged,
Trafo,3152,TR-B,PAYAS,unchanged,
Trafo,3158,TR-A,AKSU RES,unchanged,
Trafo,3159,TR-B,AKSU RES,unchanged,
Trafo,3165,TR-A,YENİCE HES,unchanged,
Trafo,3166,TR-B,YENİ ŞEHİTLİK,updated,Normal İşletme Durumu
Trafo,3170,TR,AKOCAK HES,unchanged,
Trafo,3171,TR-B,BÜYÜKBAKKALKÖY,unchanged,
Trafo,3173,TR-B(İC İHT),ÇOLAKOĞLU,unchanged,
Trafo,3180,TR-A,BEŞEVLER,unchanged,
Trafo,3182,TR-B,BEŞEVLER,unchanged,
Trafo,3184,TR-C,ÇORUM1,unchanged,
Trafo,3188,TR-A,SÖĞÜTSEN,unchanged,
Trafo,3189,TR-B,ÇAYCUMA,updated,Normal İşletme Durumu
Trafo,3191,TR-1,BEYKOZ,unchanged,
Trafo,3193,TR-2,BEYKOZ,unchanged,
Trafo,3201,TR-C,DEMİRTAŞ,unchanged,
Trafo,3203,TR-A,ZONGULDAK,unchanged,
Trafo,3205,TR-A,DİLER ÇELİK,updated,Bağlantı Türü
Trafo,3206,TR-B,DİLER ÇELİK,updated,Bağlantı Türü
Trafo,3207,TR-B,ZONGULDAK,unchanged,
Trafo,3215,TR-A,DİLİSKELESİ GİS,unchanged,
Trafo,3217,TR-B,DİLİSKELESİ GİS,unchanged,
Trafo,3219,TR-B,BOZÜYÜK,unchanged,
Trafo,3220,TR-A,DUDULLU,unchanged,
Trafo,3221,TR-B,DUDULLU,unchanged,
Trafo,3222,TR-A,GÖLCÜK,unchanged,
Trafo,3223,TR-C,DUDULLU,unchanged,
Trafo,3224,TR-D,DUDULLU,unchanged,
Trafo,3225,TR-A,BOLU ÇİMENTO,unchanged,
Trafo,3227,TR-B,BOLU ÇİMENTO,unchanged,
Trafo,3228,OTR-1,HAMİTABAT DGKÇ,unchanged,
Trafo,3229,OTR-2,HAMİTABAT DGKÇ,unchanged,
Trafo,3231,TR-A,YÜREĞİR,unchanged,
Trafo,3232,TR-B,YÜREĞİR,unchanged,
Trafo,3234,TR-A,YAMANLI3 HES,unchanged,
Trafo,3235,TR-B,YAMANLI3 HES,unchanged,
Trafo,3238,TR-4,İSDEMİR TES,unchanged,
Trafo,3239,TR-5,İSDEMİR TES,unchanged,
Trafo,3240,TR-6,İSDEMİR TES,unchanged,
Trafo,3243,TR-A,ENERJİSA KÖSEKÖY,unchanged,
Trafo,3245,TR-A,YARIMCA2,updated,Normal İşletme Durumu
Trafo,3246,A-OTR-1,İSTANBUL DGKÇ (A),unchanged,
Trafo,3249,TR-A,BOSEN,unchanged,
Trafo,3251,TR-B,BOSEN,unchanged,
Trafo,3253,TR-D,BOSEN,unchanged,
Trafo,3263,TR-A,VANİKÖY,unchanged,
Trafo,3264,TR-B,ENTEK KÖSEKÖY,unchanged,
Trafo,3265,TR-B,VANİKÖY,unchanged,
Trafo,3266,TR-C,ENTEK KÖSEKÖY,unchanged,
Trafo,3268,A-OTR-1,ALİBEYKÖY,unchanged,
Trafo,3271,A-OTR-2,ALİBEYKÖY,unchanged,
Trafo,3272,OTR-1,ATIŞALANI,unchanged,
Trafo,3274,OTR-3,ATIŞALANI,unchanged,
Trafo,3279,A-OTR-1,İKİTELLİ,unchanged,
Trafo,3280,A-OTR-10,ÜMRANİYE,unchanged,
Trafo,3283,B-OTR-3,İKİTELLİ,unchanged,
Trafo,3284,B-OTR-4,İKİTELLİ,unchanged,
Trafo,3285,C-TR-5,İKİTELLİ,unchanged,
Trafo,3286,B-OTR-12,ÜMRANİYE,unchanged,
Trafo,3287,C-TR-6,İKİTELLİ,unchanged,
Trafo,3288,A-OTR-1,HABİBLER,unchanged,
Trafo,3289,B-OTR-3,HABİBLER,unchanged,
Trafo,3292,B-OTR-4,HABİBLER,unchanged,
Trafo,3293,OTR-1,YILDIZTEPE,unchanged,
Trafo,3294,B-OTR-13,ÜMRANİYE,unchanged,
Trafo,3295,OTR-2,YILDIZTEPE,unchanged,
Trafo,3296,TR-3,YILDIZTEPE,unchanged,
Trafo,3297,B-OTR-3,ZEKERİYAKÖY,unchanged,
Trafo,3298,A-TR-1,ZEKERİYAKÖY,unchanged,
Trafo,3300,TR-D(66),ERDEMİR1,unchanged,
Trafo,3301,A-TR-1,YENİBOSNA,unchanged,
Trafo,3302,A-OTR-2,YENİBOSNA,unchanged,
Trafo,3304,B-TR-3,YENİBOSNA,unchanged,
Trafo,3305,TR-E(66),ERDEMİR1,unchanged,
Trafo,3306,B-OTR-4,YENİBOSNA,unchanged,
Trafo,3307,TR-5,ÜMRANİYE,unchanged,
Trafo,3309,TR-1,KAPTANÇELİK,unchanged,
Trafo,3310,TR-6,ÜMRANİYE,unchanged,
Trafo,3311,TR-2,KAPTANÇELİK,updated,Nötr Direnç (ohm)
Trafo,3312,TR-3,KAPTANÇELİK,unchanged,
Trafo,3313,TR-A,ÜMRANİYE,unchanged,
Trafo,3315,TR-B,ÜMRANİYE,unchanged,
Trafo,3316,TR-A,ÇERKEZKÖY OSB,unchanged,
Trafo,3317,TR-B,ÇERKEZKÖY OSB,unchanged,
Trafo,3318,TR-C,BOTAŞ,unchanged,
Trafo,3319,TR-A,BOTAŞ,unchanged,
Trafo,3320,TR-B,BOTAŞ,unchanged,
Trafo,3321,TR-A,BÜYÜKÇEKMECE,unchanged,
Trafo,3322,TR-B,BÜYÜKÇEKMECE,unchanged,
Trafo,3323,TR-A,BÜYÜKKARIŞTIRAN,unchanged,
Trafo,3324,TR-B,BÜYÜKKARIŞTIRAN,unchanged,
Trafo,3325,TR-A,ÇERKEZKÖY,unchanged,
Trafo,3326,OTR-1,KARADENİZ EREĞLİ,removed-from-source,
Trafo,3328,TR-C,ÇERKEZKÖY,unchanged,
Trafo,3333,TR-A,KARADENİZ EREĞLİ,removed-from-source,
Trafo,3335,TR-B,KARADENİZ EREĞLİ,removed-from-source,
Trafo,3338,TR-A,ULAŞ,unchanged,
Trafo,3341,TR-A,KIYIKÖY,unchanged,
Trafo,3342,TR-A,AKÇANSA,unchanged,
Trafo,3343,TR-B,AKÇANSA,unchanged,
Trafo,3344,TR-A,SİLİVRİ,unchanged,
Trafo,3345,TR-B,SİLİVRİ,unchanged,
Trafo,3354,TR-B,ESKİŞEHİR2,unchanged,
Trafo,3355,TR-C,ESKİŞEHİR2,unchanged,
Trafo,3356,TR-A,YENİŞEHİR,unchanged,
Trafo,3357,TR-B,YENİŞEHİR,unchanged,
Trafo,3360,TR-A,ESKİŞEHİR3,unchanged,
Trafo,3362,TR-B,ESKİŞEHİR3,unchanged,
Trafo,3363,TR-A,ETİ GÜMÜŞ,unchanged,
Trafo,3364,TR-A (THH-1),TÜPRAŞ,unchanged,
Trafo,3365,TR-A,FORD,updated,Normal İşletme Durumu
Trafo,3366,TR-B,FORD,unchanged,
Trafo,3367,TR-A,TUZLA,unchanged,
Trafo,3368,TR-B,TUZLA,unchanged,
Trafo,3369,TR-C,TUZLA,unchanged,
Trafo,3370,TR-D,TUZLA,unchanged,
Trafo,3371,A-OTR-1,BURSA DGKÇS,unchanged,
Trafo,3372,A-OTR-2,BURSA DGKÇS,unchanged,
Trafo,3375,TR-A,YILDIRIM,unchanged,
Trafo,3376,TR-B,YILDIRIM,unchanged,
Trafo,3378,A-OTR-1,BURSA SANAYİ,unchanged,
Trafo,3379,A-OTR-2,BURSA SANAYİ,unchanged,
Trafo,3380,A-OTR-2,GÜRAĞAÇ,unchanged,
Trafo,3381,B-OTR-3,BURSA SANAYİ,unchanged,
Trafo,3384,B-OTR-4,BURSA SANAYİ,unchanged,
Trafo,3391,TR-A,GEBZE OSB,unchanged,
Trafo,3392,TR-B,GEBZE OSB,unchanged,
Trafo,3393,TR-A,BURSA SANAYİ,unchanged,
Trafo,3395,TR-B,BURSA SANAYİ,unchanged,
Trafo,3397,TR-C,BURSA SANAYİ,unchanged,
Trafo,3398,TR-B,GEMLİK,unchanged,
Trafo,3401,TR-D,BURSA SANAYİ,unchanged,
Trafo,3403,TR-D,GEMLİK,unchanged,
Trafo,3406,TR-C,GEMLİK,unchanged,
Trafo,3416,TR-A,EDİRNE ÇİMENTO,unchanged,
Trafo,3418,TR-A,KIRKLARELİ,unchanged,
Trafo,3421,TR-B,GÖRÜKLE,unchanged,
Trafo,3426,TR-G,BURSA SANAYİ,unchanged,
Trafo,3427,TR-C,GÖZTEPE,unchanged,
Trafo,3430,TR-A,GÖZTEPE,unchanged,
Trafo,3431,TR-B,GÖZTEPE,unchanged,
Trafo,3432,TR-H,BURSA SANAYİ,unchanged,
Trafo,3433,TR-1,GÖYNÜK,unchanged,
Trafo,3434,TR-I,BURSA SANAYİ,unchanged,
Trafo,3435,TR-J,BURSA SANAYİ,unchanged,
Trafo,3436,TR-K,BURSA SANAYİ,unchanged,
Trafo,3437,TR-A,MODERN ENERJİ DGKÇ,unchanged,
Trafo,3438,TR-A,TUNÇBİLEK A TES,unchanged,
Trafo,3439,TR-B (TR-23),TUNÇBİLEK A TES,unchanged,
Trafo,3442,TR-B,MODERN ENERJİ DGKÇ,unchanged,
Trafo,3443,TR-C,MODERN ENERJİ DGKÇ,unchanged,
Trafo,3444,TR-A,TRAKYA ÇİMENTO,unchanged,
Trafo,3445,TR-A,ÇATALCA RES,unchanged,
Trafo,3446,TR-A,MARMARA PAMUKLU DGKÇ,unchanged,
Trafo,3447,TR-A,AMBARLI TM,unchanged,
Trafo,3448,TR-B,AMBARLI TM,unchanged,
Trafo,3449,TR-C,AMBARLI TM,unchanged,
Trafo,3450,TR-D,AMBARLI TM,unchanged,
Trafo,3451,TR-A,ALİBEYKÖY,unchanged,
Trafo,3452,TR-B,ALİBEYKÖY,unchanged,
Trafo,3456,TR-A (OBTO1),TUNÇBİLEK B TES,unchanged,
Trafo,3459,TR-C,İKİTELLİ,unchanged,
Trafo,3460,TR-A,TOYOTASA,unchanged,
Trafo,3461,TR-B,TOYOTASA,unchanged,
Trafo,3462,TR-B,İKİTELLİ,unchanged,
Trafo,3463,TR-A,İÇMELER,unchanged,
Trafo,3464,TR-D,İKİTELLİ,unchanged,
Trafo,3465,TR-A,HABİBLER,unchanged,
Trafo,3466,TR-B,HABİBLER,unchanged,
Trafo,3468,TR-B,İÇMELER,unchanged,
Trafo,3470,TR-A,SULTANMURAT,unchanged,
Trafo,3473,A-OTR-1,TEPEÖREN,unchanged,
Trafo,3474,TR-A,İNEGÖL,unchanged,
Trafo,3477,TR-B,İNEGÖL,unchanged,
Trafo,3481,TR-A,BAĞCILAR,unchanged,
Trafo,3482,TR-B,BAĞCILAR,unchanged,
Trafo,3483,TR-C,BAĞCILAR,unchanged,
Trafo,3484,TR-A,SİLAHTAR,unchanged,
Trafo,3486,TR-A,YENİBOSNA,unchanged,
Trafo,3490,TR-B,YENİBOSNA,unchanged,
Trafo,3492,TR-D,VELİEFENDİ,unchanged,
Trafo,3495,TR-A,YENİKAPI,unchanged,
Trafo,3496,TR-B,YENİKAPI,unchanged,
Trafo,3497,TR-C,YENİKAPI,unchanged,
Trafo,3498,TR-D,YENİKAPI,unchanged,
Trafo,3499,TR-C,ETİLER,unchanged,
Trafo,3500,TR-A,ETİLER,unchanged,
Trafo,3501,TR-B,ETİLER,unchanged,
Trafo,3502,TR-B,LEVENT,unchanged,
Trafo,3503,TR-C,LEVENT,unchanged,
Trafo,3504,TR-D,LEVENT,unchanged,
Trafo,3505,TR-C,ŞİŞLİ,unchanged,
Trafo,3507,TR-A,İSAKÖY,unchanged,
Trafo,3508,TR-B,ŞİŞLİ,unchanged,
Trafo,3511,TR-B,HADIMKÖY,unchanged,
Trafo,3512,TR-B,İSAKÖY,unchanged,
Trafo,3513,TR-C,İSAKÖY,unchanged,
Trafo,3516,B-OTR-3,TEPEÖREN,unchanged,
Trafo,3517,B-OTR-4,TEPEÖREN,unchanged,
Trafo,3520,TR-C,TEPEÖREN,unchanged,
Trafo,3521,TR-A,İZMİT,unchanged,
Trafo,3522,TR-D,TEPEÖREN,unchanged,
Trafo,3524,TR-B,İZMİT,unchanged,
Trafo,3529,TR-A,SOĞANLIK,unchanged,
Trafo,3530,TR-B,SOĞANLIK,unchanged,
Trafo,3534,OTR-1,SEYİTÖMER TES,unchanged,
Trafo,3535,TR-A,SEYİTÖMER TES,unchanged,
Trafo,3536,TR-A,SELİMİYE,unchanged,
Trafo,3537,TR-B,SELİMİYE,unchanged,
Trafo,3538,TR-C,SELİMİYE,unchanged,
Trafo,3546,TR-A,BEYLİKDÜZÜ,unchanged,
Trafo,3547,TR-B,BEYLİKDÜZÜ,unchanged,
Trafo,3548,TR-C,BEYLİKDÜZÜ,unchanged,
Trafo,3549,TR-D,BEYLİKDÜZÜ,unchanged,
Trafo,3552,TR-A,MASLAK,unchanged,
Trafo,3555,TR-A,TAŞOLUK,unchanged,
Trafo,3556,TR-B,TAŞOLUK,unchanged,
Trafo,3557,TR-A,BAHÇEŞEHİR,unchanged,
Trafo,3558,TR-B,BAHÇEŞEHİR,unchanged,
Trafo,3561,TR-C,KASIMPAŞA,unchanged,
Trafo,3563,TR-A,KÜÇÜKKÖY,unchanged,
Trafo,3564,TR-C,KÜÇÜKKÖY,unchanged,
Trafo,3566,TR-B,KÜÇÜKKÖY,unchanged,
Trafo,3567,TR-A,ALTINTEPE,unchanged,
Trafo,3568,TR-B,ALTINTEPE,unchanged,
Trafo,3569,TR-D,ALTINTEPE,unchanged,
Trafo,3578,TR-A,PAŞALAR,unchanged,
Trafo,3579,TR-A,KARACABEY,unchanged,
Trafo,3582,A-OTR-1,PAŞAKÖY,unchanged,
Trafo,3583,A-OTR-2,PAŞAKÖY,unchanged,
Trafo,3584,TR-A,KARAMÜRSEL,removed-from-source,
Trafo,3585,B-OTR-3,PAŞAKÖY,unchanged,
Trafo,3586,TR-B,KARAMÜRSEL,removed-from-source,
Trafo,3588,TR-B,PAŞAKÖY,unchanged,
Trafo,3592,TR-A,KARTAL GİS,unchanged,
Trafo,3593,TR-A,OTOSANSİT,unchanged,
Trafo,3594,TR-B,OTOSANSİT,unchanged,
Trafo,3598,A-OTR-1,OSMANCA,removed-from-source,
Trafo,3611,TR-C,NUH ÇİMENTO,unchanged,
Trafo,3613,TR-D,NUH ÇİMENTO,unchanged,
Trafo,3615,TR-B,HEREKE,unchanged,
Trafo,3616,TR-A,KÖSEKÖY,unchanged,
Trafo,3619,TR-C,KÖSEKÖY,unchanged,
Trafo,3623,TR-B,KROMAN ÇELİK,unchanged,
Trafo,3626,TR-A,KURTKÖY,unchanged,
Trafo,3627,TR-B,KURTKÖY,unchanged,
Trafo,3628,TR-E,MELEN,unchanged,
Trafo,3629,TR-C,KURTKÖY,unchanged,
Trafo,3631,TR-A,KÜTAHYA,removed-from-source,
Trafo,3633,TR-A,KUZULUK,updated,Normal İşletme Durumu
Trafo,3645,TR-B,ENERJİSA KÖSEKÖY,unchanged,
Trafo,3653,A-OTR-2,ILICA ZEKİ GÜRGEN,unchanged,
Trafo,3654,B-OTR-4,ILICA ZEKİ GÜRGEN,unchanged,
Trafo,3657,TR-C,GEBZE OSB,unchanged,
Trafo,3658,TR-D,GEBZE OSB,unchanged,
Trafo,3659,TR-A,HAYRAT HAVZA,unchanged,
Trafo,3667,TR-A,HAKKARİ,unchanged,
Trafo,3670,TR-A,KAYADÜZÜ RES,unchanged,
Trafo,3677,A-OTR-1,ELGÜN,unchanged,
Trafo,3678,B-OTR-3,ELGÜN,unchanged,
Trafo,3679,TR-A,ELGÜN,unchanged,
Trafo,3680,TR-B,ELGÜN,unchanged,
Trafo,3682,C-TR-6,ELGÜN,unchanged,
Trafo,3683,TR-A,DİYARBAKIR1,unchanged,
Trafo,3686,TR-A,KARAKEÇİLİ,unchanged,
Trafo,3688,TR-B,ADIYAMAN ÇİMENTO,unchanged,
Trafo,3690,TR-A,ÇÖLLOLAR,unchanged,
Trafo,3691,TR-B,ÇÖLLOLAR,unchanged,
Trafo,3706,TR-A,SARIGÜZEL HES,unchanged,
Trafo,3710,TR-B,KARAKEÇİLİ,unchanged,
Trafo,3713,A-OTR-1,ERZİN,unchanged,
Trafo,3718,B-OTR-3,ERZİN,unchanged,
Trafo,3721,TR-A,KASTAMONU,unchanged,
Trafo,3722,TR-B,KASTAMONU,unchanged,
Trafo,3726,TR-A,KILIÇKAYA HES,unchanged,
Trafo,3727,TR-A,YAĞLIDERE,unchanged,
Trafo,3728,TR-B,YAĞLIDERE,unchanged,
Trafo,3733,TR-B,YENİDERE HAVZA,unchanged,
Trafo,3734,TR-C,YENİDERE HAVZA,unchanged,
Trafo,3741,TR-A,OBRUK HES,unchanged,
Trafo,3743,TR-B,ORDU,unchanged,
Trafo,3744,TR-A,SAMSUN1,unchanged,
Trafo,3745,TR-B,SAMSUN1,unchanged,
Trafo,3752,TR-B,SAMSUN3,unchanged,
Trafo,3753,TR-A,UMUT HES,unchanged,
Trafo,3754,TR-A,KAYAKÖPRÜ HES,unchanged,
Trafo,3755,TR-A,MERSİN TERMİK,unchanged,
Trafo,3764,TR-A,IĞDIR,unchanged,
Trafo,3770,TR-B,İYİDERE,unchanged,
Trafo,3774,TR-A,KARS,unchanged,
Trafo,3775,TR-B,KARS,unchanged,
Trafo,3776,TR-A,KUZGUN HES,updated,Normal İşletme Durumu
Trafo,3784,TR-A,NARİNKALE HAVZA,unchanged,
Trafo,3785,TR-B,NARİNKALE HAVZA,unchanged,
Trafo,3795,TR-A,SARMAŞIK1-2 HES,unchanged,
Trafo,3796,TR-A,REŞADİYE HES,unchanged,
Trafo,3797,TR-A,TATVAN,unchanged,
Trafo,3799,TR-B,TATVAN,removed-from-source,
Trafo,3801,TR-A,ŞEBİNKARAHİSAR,unchanged,
Trafo,3807,A-OTR-1,VAN2,unchanged,
Trafo,3808,B-OTR-3,VAN2,unchanged,
Trafo,3809,TR-A,VAN2,updated,Normal İşletme Durumu
Trafo,3811,TR-B,VAN2,unchanged,
Trafo,3812,TR-A,VAN1,unchanged,
Trafo,3813,TR-B,VAN1,unchanged,
Trafo,3822,TR-A,FIRAT PLASTİK,unchanged,
Trafo,3823,TR-B,FIRAT PLASTİK,unchanged,
Trafo,3826,TR-B,İNCEK,updated,Normal İşletme Durumu
Trafo,3828,A-OTR-1,ILICA ZEKİ GÜRGEN,unchanged,
Trafo,3829,TR-G,ÇOLAKOĞLU,unchanged,
Trafo,3838,TR-R,ÇOLAKOĞLU,unchanged,
Trafo,3839,A-OTR-3,ALİAĞA2,unchanged,
Trafo,3840,A-OTR-4,ALİAĞA2,unchanged,
Trafo,3841,A-OTR-5,ALİAĞA2,unchanged,
Trafo,3842,A-OTR-6,ALİAĞA2,unchanged,
Trafo,3848,A-OTR-2,GERMENCİK,unchanged,
Trafo,3850,A-OTR-1,IŞIKLAR,unchanged,
Trafo,3853,B-OTR-3,IŞIKLAR,unchanged,
Trafo,3859,TR-A,İÇDAŞ,unchanged,
Trafo,3860,TR-B,İÇDAŞ,unchanged,
Trafo,3862,TR-D,İÇDAŞ,unchanged,
Trafo,3863,TR-2,İÇDAŞ,unchanged,
Trafo,3865,A-OTR-2,UZUNDERE,unchanged,
Trafo,3867,B-OTR-4,UZUNDERE,unchanged,
Trafo,3868,TR-A,UZUNDERE,unchanged,
Trafo,3869,A-OTR-1,YATAĞAN TES,unchanged,
Trafo,3871,A-OTR-3,YATAĞAN TES,unchanged,
Trafo,3872,TR-A,YATAĞAN TES,unchanged,
Trafo,3873,TR-C,YATAĞAN TES,unchanged,
Trafo,3874,TR-D,YATAĞAN TES,unchanged,
Trafo,3875,A-OTR-1,YENİKÖY TES,unchanged,
Trafo,3877,TR-C,YENİKÖY TES,unchanged,
Trafo,3879,TR-B OBS-2,YENİKÖY TES,unchanged,
Trafo,3882,TR-C,SOMA B TES,unchanged,
Trafo,3883,TR-D,SOMA B TES,unchanged,
Trafo,3884,TR-E,SOMA B TES,unchanged,
Trafo,3885,TR-1,BEKİRLİ TES,unchanged,
Trafo,3886,A-OTR-1,MORSAN,unchanged,
Trafo,3895,C-OTR-6,ADAPAZARI,unchanged,
Trafo,3897,C-TR-5,ADAPAZARI,unchanged,
Trafo,3899,TR-A,ORHANGAZİ,unchanged,
Trafo,3901,TR-A,ERDEMİR1,unchanged,
Trafo,3902,TR-B,ERDEMİR1,unchanged,
Trafo,3903,TR-C,ERDEMİR1,unchanged,
Trafo,3904,TR-A,ERDEMİR2,unchanged,
Trafo,3905,TR-B,ERDEMİR2,unchanged,
Trafo,3906,TR-C,İÇMELER,unchanged,
Trafo,3907,TR-D,İÇMELER,unchanged,
Trafo,3909,TR-5,ÇEŞME HAVZA,unchanged,
Trafo,3912,TR-6,ÇEŞME HAVZA,unchanged,
Trafo,3915,TR-1,KEMERKÖY TES,unchanged,
Trafo,3916,TR-2,KEMERKÖY TES,unchanged,
Trafo,3918,TR-1,MMK METALURJİ,unchanged,
Trafo,3919,TR-2,MMK METALURJİ,updated,Normal İşletme Durumu
Trafo,3920,TR-3,MMK METALURJİ,unchanged,
Trafo,3921,TR-4,MMK METALURJİ,unchanged,
Trafo,3923,TR-A,BOZÜYÜK OSB,unchanged,
Trafo,3925,TR-A,METRİSTEPE RES,unchanged,
Trafo,3927,A-OTR-1,ESKİŞEHİR3,unchanged,
Trafo,3928,B-OTR-3,ESKİŞEHİR3,unchanged,
Trafo,3930,TR-1,MALTEPE İSTANBUL,unchanged,
Trafo,3931,TR-3,MALTEPE İSTANBUL,unchanged,
Trafo,3934,TR-A,AKBÜK RES,unchanged,
Trafo,3940,TR-1,ŞAH RES,unchanged,
Trafo,3944,TR-2,ŞAH RES,unchanged,
Trafo,3945,TR-1,ŞAMLI RES,unchanged,
Trafo,3946,TR-A,ŞEMİKLER GİS,unchanged,
Trafo,3947,TR-C,ŞEMİKLER GİS,unchanged,
Trafo,3948,TR-D,ŞEMİKLER GİS,unchanged,
Trafo,3951,TR-A,TİRE,unchanged,
Trafo,3958,TR-A,ÜNİVERSİTE,unchanged,
Trafo,3959,TR-B,ÜNİVERSİTE,unchanged,
Trafo,3960,TR-D,ÜNİVERSİTE,unchanged,
Trafo,3966,TR-A,BANDIRMA RES,updated,Trafo Merkezi
Trafo,3967,TR-A,SALİHLİ,unchanged,
Trafo,3969,TR-A,SAMURLU RES,unchanged,
Trafo,3970,TR-A,SARES RES,unchanged,
Trafo,3975,TR-A,ALÇUK,unchanged,
Trafo,3976,TR-B,ALÇUK,unchanged,
Trafo,3979,TR-A,ALSANCAK GİS,unchanged,
Trafo,3980,TR-B,ALSANCAK GİS,unchanged,
Trafo,3982,TR-D,ALSANCAK GİS,unchanged,
Trafo,3986,TR-1,ALİAĞA RES,unchanged,
Trafo,3987,TR-2,ALİAĞA RES,unchanged,
Trafo,3989,TR-B,ALMAK VEYSİ AKYÜZ,unchanged,
Trafo,3993,TR-A,SAYALAR RES,unchanged,
Trafo,3994,TR-A,SEYİTALİ RES,unchanged,
Trafo,3998,TR-A,SOMA 1 RES,unchanged,
Trafo,3999,TR-A,ASLANLAR,unchanged,
Trafo,4001,TR-B,ASLANLAR,unchanged,
Trafo,4005,TR-B,SÖKE,unchanged,
Trafo,4006,TR-4,ATAER DGKÇS,unchanged,
Trafo,4007,TR-5,ATAER DGKÇS,unchanged,
Trafo,4009,TR-A,AYDIN,unchanged,
Trafo,4014,TR-A,BALIKESİR,unchanged,
Trafo,4016,TR-A,BALIKESİR OSB,unchanged,
Trafo,4017,TR-A,MANİSA SALİH KOCABEKİR,unchanged,
Trafo,4018,TR-B,MANİSA SALİH KOCABEKİR,unchanged,
Trafo,4023,TR-A,MARMARİS 1,unchanged,
Trafo,4024,TR-B,MARMARİS 1,unchanged,
Trafo,4026,TR-A,MAZI RES,unchanged,
Trafo,4029,TR-A,MUĞLA,unchanged,
Trafo,4030,TR-A,NAZİLLİ,unchanged,
Trafo,4031,TR-B,NAZİLLİ,unchanged,
Trafo,4032,TR-A,ÖDEMİŞ,unchanged,
Trafo,4036,TR-A,PANCAR OSB,unchanged,
Trafo,4038,TR-21,PETKİM DGKÇS,unchanged,
Trafo,4039,TR-22,PETKİM DGKÇS,unchanged,
Trafo,4042,TR-B,PİYALE GİS,unchanged,
Trafo,4043,TR-1,POYRAZ RES BALIKESİR,unchanged,
Trafo,4044,TR-A,KAPIDAĞ RES,unchanged,
Trafo,4045,TR-A,KARABAĞLAR,unchanged,
Trafo,4046,TR-D,KARABAĞLAR,unchanged,
Trafo,4047,TR-B,KARABAĞLAR,unchanged,
Trafo,4048,TR-C,KARABAĞLAR,unchanged,
Trafo,4049,TR-A,KARŞIYAKA GİS,unchanged,
Trafo,4050,TR-B,KARŞIYAKA GİS,unchanged,
Trafo,4051,TR-A,KEMALPAŞA,unchanged,
Trafo,4052,TR-B,KEMALPAŞA,unchanged,
Trafo,4056,TR-1,KOCADAĞ RES,unchanged,
Trafo,4057,TR-1,KOZBEYLİ RES,unchanged,
Trafo,4059,TR-B,KUŞADASI GİS,unchanged,
Trafo,4061,TR-1,LODOS RES,unchanged,
Trafo,4062,TR-2,LODOS RES,unchanged,
Trafo,4068,TR-A,GÜZELYALI GİS,unchanged,
Trafo,4069,TR-B,GÜZELYALI GİS,unchanged,
Trafo,4072,TR-B,BALIKESİR SEKA,unchanged,
Trafo,4075,TR-1,BALIKESİR RES,unchanged,
Trafo,4076,TR-2,BALIKESİR RES,unchanged,
Trafo,4080,TR-B,MANYAS,unchanged,
Trafo,4082,TR-A,BERGAMA,unchanged,
Trafo,4090,TR-A,BODRUM 1,unchanged,
Trafo,4091,TR-B,BODRUM 1,unchanged,
Trafo,4094,TR-E,BODRUM 1,unchanged,
Trafo,4096,TR-A,BORNOVA BÜLENT KUAS,unchanged,
Trafo,4097,TR-B,BORNOVA BÜLENT KUAS,unchanged,
Trafo,4099,TR-C,BORNOVA BÜLENT KUAS,unchanged,
Trafo,4100,TR-A,BOSTANLI GİS,unchanged,
Trafo,4101,TR-B,BOSTANLI GİS,unchanged,
Trafo,4103,TR-A,BUCA,removed-from-source,
Trafo,4104,TR-B,BUCA,unchanged,
Trafo,4105,TR-C,BUCA,unchanged,
Trafo,4106,TR-A,BOZYAKA,unchanged,
Trafo,4107,TR-B,BOZYAKA,unchanged,
Trafo,4108,TR-C,BOZYAKA,unchanged,
Trafo,4112,TR-A,ÇAMSEKİ RES,unchanged,
Trafo,4118,TR-C,ÇANAKKALE ÇİMENTO,unchanged,
Trafo,4119,TR,ÇATALBÜK RES,unchanged,
Trafo,4127,TR-D,DEMİRKÖPRÜ HES,unchanged,
Trafo,4129,TR-B,DERBENT,unchanged,
Trafo,4132,TR-A,DÜZOVA RES,unchanged,
Trafo,4135,TR-3,HABAŞ DGKÇS,unchanged,
Trafo,4136,TR-4,HABAŞ DGKÇS,unchanged,
Trafo,4137,TR-A,HATAY GİS,unchanged,
Trafo,4138,TR-B,HATAY GİS,unchanged,
Trafo,4139,TR-C,HİLAL,unchanged,
Trafo,4140,TR-D,HİLAL,unchanged,
Trafo,4141,TR-A,HİLAL,unchanged,
Trafo,4143,TR-B,ILICA GİS,unchanged,
Trafo,4144,TR-1,YUNTDAĞI RES,unchanged,
Trafo,4145,TR-1,İNTEPE RES,unchanged,
Trafo,4147,TR-C,EBSO,unchanged,
Trafo,4148,TR-D,EBSO,unchanged,
Trafo,4156,TR-3,ENERJİSA ÇANAKKALE RES,unchanged,
Trafo,4160,TR-A,EREGE METAL,unchanged,
Trafo,4161,TR-B,EREGE METAL,unchanged,
Trafo,4163,TR-A,FETHİYE,unchanged,
Trafo,4166,TR-A,MARDİN ÇİMENTO,unchanged,
Trafo,4167,TR-B,MARDİN ÇİMENTO,unchanged,
Trafo,4169,TR-A,BODRUM 2,unchanged,
Trafo,4172,TR-5,TEPEÖREN,unchanged,
Trafo,4173,TR-6,TEPEÖREN,unchanged,
Trafo,4175,TR-A,GEYCEK RES,unchanged,
Trafo,4177,TR-B,GEYCEK RES,unchanged,
Trafo,4181,TR-D,SAMSUN OSB DGKÇ,unchanged,
Trafo,4182,TR-B,ETİ SODA,unchanged,
Trafo,4187,TR-2,BEYKENT OSB,unchanged,
Trafo,4188,TR-A,TURANKÖY,unchanged,
Trafo,4190,TR-A,YALNIZ ARDIÇ,unchanged,
Trafo,4191,TR-1,KARABURUN HAVZA,unchanged,
Trafo,4193,TR-A,ÇAMOLUK,unchanged,
Trafo,4195,TR,SİNCİK RES,unchanged,
Trafo,4197,TR-C,FORD,updated,Normal İşletme Durumu
Trafo,4198,TR-B,ULAŞ,unchanged,
Trafo,4199,TR-A,META NİKEL,unchanged,
Trafo,4200,TR-B,META NİKEL,unchanged,
Trafo,4205,TR-A,AKSU YEDİGÖL HES,unchanged,
Trafo,4216,TR-1,SOMA RES,unchanged,
Trafo,4221,TR-A,ZORLU ENERJİ DGKÇ,unchanged,
Trafo,4222,TR-C,ZORLU ENERJİ DGKÇ,unchanged,
Trafo,4226,TR-B,KADIKÖY,unchanged,
Trafo,4227,TR-C,KADIKÖY,unchanged,
Trafo,4228,TR-A,ÖDÜLALAN,unchanged,
Trafo,4229,TR-B,ÖDÜLALAN,unchanged,
Trafo,4230,TR-A,KIŞLAKÖY,unchanged,
Trafo,4232,TR-A,ÇİMSA ESKİŞEHİR,unchanged,
Trafo,4233,TR-B,ÇİMSA ESKİŞEHİR,unchanged,
Trafo,4237,TR-A,ŞANLIURFA,unchanged,
Trafo,4238,TR-A,KILILI,unchanged,
Trafo,4243,TR-B,BULANIK,unchanged,
Trafo,4245,TR-1,YENİ ŞENBÜK RES,unchanged,
Trafo,4246,TR-A,ATİK RES,unchanged,
Trafo,4248,TR-1,DAĞPAZARI RES,unchanged,
Trafo,4249,TR-A,MERSİN RES,unchanged,
Trafo,4250,TR-A,BELEN RES,unchanged,
Trafo,4253,TR-B,BELEN RES,unchanged,
Trafo,4254,TR-A,ZİYARET RES,unchanged,
Trafo,4255,TR-B,ZİYARET RES,unchanged,
Trafo,4256,TR-A,KOZLU,unchanged,
Trafo,4257,TR-A,ALİBEY HÖYÜĞÜ,unchanged,
Trafo,4261,TR-C,KANDİL HES,unchanged,
Trafo,4262,TR-C,DİYARBAKIR4,unchanged,
Trafo,4263,TR-1,HASANBEYLİ RES,unchanged,
Trafo,4264,A-OTR-1,MERSİN380,unchanged,
Trafo,4269,B-OTR-3,MERSİN380,unchanged,
Trafo,4271,TR-A,MERSİN380,unchanged,
Trafo,4277,TR-A,KUZEYTEPE,unchanged,
Trafo,4278,TR-B,KUZEYTEPE,unchanged,
Trafo,4279,TR-A,BURGAZ RES,unchanged,
Trafo,4284,TR-A,SARIKAYA RES,unchanged,
Trafo,4285,TR-A,BOREAS RES,unchanged,
Trafo,4287,TR-1,AKHİSAR RES,unchanged,
Trafo,4288,TR-A,ALBAY ÇİĞİLTEPE RES,unchanged,
Trafo,4289,TR-B,ALBAY ÇİĞİLTEPE RES,unchanged,
Trafo,4291,TR-A,GÖKÇEDAĞ RES,unchanged,
Trafo,4293,TR-B,GÖKÇEDAĞ RES,unchanged,
Trafo,4295,A-OTR,KEPEZ 1 HES,unchanged,
Trafo,4299,TR-B,KULEÖNÜ,updated,Normal İşletme Durumu
Trafo,4300,TR-A,AKKUYU GEÇİCİ,unchanged,
Trafo,4311,TR-1,AÇS İNCİRLİK,unchanged,
Trafo,4313,TR-2,AÇS İNCİRLİK,unchanged,
Trafo,4314,TR-3,AÇS İNCİRLİK,unchanged,
Trafo,4315,TR-1,AÇS PAYAS,unchanged,
Trafo,4321,TR-1,DDY OSMANİYE,unchanged,
Trafo,4322,TR-2,DDY OSMANİYE,unchanged,
Trafo,4331,TR-C,MANİSA OSB,unchanged,
Trafo,4332,TR-A,UZUNDERE2 HES,unchanged,
Trafo,4333,TR-A,UZUNDERE1 HES,unchanged,
Trafo,4335,A-OTR-2,OSMANCA,unchanged,
Trafo,4336,TR-4,TUFANBEYLİ TES,unchanged,
Trafo,4337,TR-C,BALGAT,unchanged,
Trafo,4338,TR-3,İZDEMİR TES,unchanged,
Trafo,4340,TR-A,KADIKÖY,unchanged,
Trafo,4343,A-OTR-2,İSTANBUL DGKÇ (A),unchanged,
Trafo,4345,TR-B,DÜZOVA RES,unchanged,
Trafo,4348,TR-A,MURADİYE HES,unchanged,
Trafo,4349,TR-A,KUZOVA,unchanged,
Trafo,4350,TR-B,KUZOVA,unchanged,
Trafo,4354,TR-D,BAŞPINAR OSB,unchanged,
Trafo,4355,TR-A,AKSARAY OSB,unchanged,
Trafo,4356,TR-B,AKSARAY OSB,unchanged,
Trafo,4360,TR-A,GERES RES,unchanged,
Trafo,4362,TR-A,GAZİEMİR GİS,unchanged,
Trafo,4365,C-OTR-6,KOZAN HAVZA,unchanged,
Trafo,4366,D-OTR-8,KOZAN HAVZA,unchanged,
Trafo,4372,TR-D,IŞIKLAR,unchanged,
Trafo,4376,C-TR-5,MAKİNA OSB,unchanged,
Trafo,4377,C-TR-6,MAKİNA OSB,unchanged,
Trafo,4378,TR-A,MARDİN2,unchanged,
Trafo,4380,TR-A,DİKMEN2,unchanged,
Trafo,4381,TR-B,DİKMEN2,unchanged,
Trafo,4385,TR-A,AVANOS2,unchanged,
Trafo,4387,TR-A,LEVENT,unchanged,
Trafo,4391,TR-A,ÇANTA RES,unchanged,
Trafo,4392,TR-A,KÜMBET MOBİL,unchanged,
Trafo,4393,TR-A,ATLAS TES,updated,Bağlantı Türü
Trafo,4397,TR-B,ADIGÜZEL HES,unchanged,
Trafo,4398,A-OTR-2,IŞIKLAR,unchanged,
Trafo,4399,TR-D,MANİSA OSB,unchanged,
Trafo,4403,TR-A,KUŞADASI GİS,unchanged,
Trafo,4406,TR-A,ARSLANBEY,unchanged,
Trafo,4407,TR-B,ARSLANBEY,unchanged,
Trafo,4408,TR-A,BİLORSA,unchanged,
Trafo,4411,TR-A,TRAKYA DÖKÜM,unchanged,
Trafo,4413,TR-4,KAVŞAKBENDİ HES,unchanged,
Trafo,4418,TR-A,KAYSERİ4,unchanged,
Trafo,4419,TR-B,KAYSERİ4,unchanged,
Trafo,4420,TR,GÖK RES 2,unchanged,
Trafo,4424,TR-A,SIZIR,unchanged,
Trafo,4425,TR-B,ERCİŞ,unchanged,
Trafo,4426,TR-B,MİLAS,unchanged,
Trafo,4427,TR-B,AYDIN,unchanged,
Trafo,4429,B-TR-4,HİLVAN,unchanged,
Trafo,4434,TR-A,ÇİNE HES,unchanged,
Trafo,4436,TR-A,KIYIKÖY RES (KIRKLARELİ),unchanged,
Trafo,4437,A-OTR-1,HATAY,unchanged,
Trafo,4438,B-OTR-3,HATAY,unchanged,
Trafo,4439,TR-B,DOĞUBAYAZIT,unchanged,
Trafo,4441,TR,YUNUS EMRE TES,unchanged,
Trafo,4443,TR-C,ÇIRÇIP,unchanged,
Trafo,4445,TR-B,OSMANİYE OSB,unchanged,
Trafo,4447,TR-A,KAVAKLI RES,unchanged,
Trafo,4450,TR-A,YILDIZTEPE,unchanged,
Trafo,4452,TR-B,MELEN,unchanged,
Trafo,4453,TR-A,ESTERGON,unchanged,
Trafo,4454,TR-A,ŞADILLI RES,unchanged,
Trafo,4455,B-OTR-3,SİNCAN,unchanged,
Trafo,4459,TR-1,ETİKROM,unchanged,
Trafo,4460,TR-2,ETİKROM,unchanged,
Trafo,4464,TR-A,SERAP HES,unchanged,
Trafo,4471,TR-A,ELMALI,unchanged,
Trafo,4472,TR-A,YAMANLI2 HES,unchanged,
Trafo,4473,TR-A,EDİNCİK RES,unchanged,
Trafo,4475,A-OTR-1,ŞEHİTKAMİL OSB,unchanged,
Trafo,4476,A-TR-2,ŞEHİTKAMİL OSB,unchanged,
Trafo,4477,B-TR-3,ŞEHİTKAMİL OSB,unchanged,
Trafo,4478,TR-C,KIŞLAKÖY,unchanged,
Trafo,4484,TR-C,MASLAK,unchanged,
Trafo,4485,TR-B,AFYON2,unchanged,
Trafo,4486,TR-A,KARABÜK,unchanged,
Trafo,4490,TR-B,KARDEMİR,unchanged,
Trafo,4491,TR-C,KARDEMİR,unchanged,
Trafo,4492,TR-D,KARDEMİR,unchanged,
Trafo,4495,TR-A,KARABÜK OSB,unchanged,
Trafo,4499,TR-A,BAĞYURDU,unchanged,
Trafo,4500,TR-A,ESAN,unchanged,
Trafo,4501,TR-A,BATI ÇİMENTO,unchanged,
Trafo,4502,TR-A,KÜMAŞ,unchanged,
Trafo,4503,TR-B,KÜMAŞ,unchanged,
Trafo,4507,TR-B,YEŞİLVADİ,unchanged,
Trafo,4508,TR-A,ADIYAMAN,unchanged,
Trafo,4510,A-OTR-2,KIZILTEPE SERKAN AY,updated,Trafo Merkezi
Trafo,4511,TR-B,SAYALAR RES,unchanged,
Trafo,4513,TR-C,PS3/A,unchanged,
Trafo,4514,TR-A,ÇERÇİKAYA RES,unchanged,
Trafo,4515,TR-A,KUZEY ADANA,unchanged,
Trafo,4516,TR-1,MEDCEM,unchanged,
Trafo,4517,TR-2,MEDCEM,unchanged,
Trafo,4518,TR-3,MEDCEM,unchanged,
Trafo,4519,TR 1-A,SASA,unchanged,
Trafo,4520,TR 1-B,SASA,unchanged,
Trafo,4528,TR-B,SİİRT ÇİMENTO KURTALAN,unchanged,
Trafo,4530,TR-A,URLA2,unchanged,
Trafo,4533,A-OTR-1,CİZRE,unchanged,
Trafo,4534,B-OTR-3,CİZRE,unchanged,
Trafo,4535,HV START-UP,SİLOPİ TES,unchanged,
Trafo,4541,TR,BATI SÖKE,unchanged,
Trafo,4542,TR-B,ALİAĞA OSB,unchanged,
Trafo,4545,TR-B,AKÇAKALE,unchanged,
Trafo,4547,TR-A,HARMANLIK RES,unchanged,
Trafo,4549,TR-A,KULEÖNÜ,unchanged,
Trafo,4555,TR-B,KARTAL GİS,unchanged,
Trafo,4556,A-TR-1,KARTAL GİS,unchanged,
Trafo,4557,B-TR-3,KARTAL GİS,unchanged,
Trafo,4558,A-OTR-2,KARTAL GİS,unchanged,
Trafo,4559,B-OTR-4,KARTAL GİS,unchanged,
Trafo,4560,TR-B,UZUNKÖPRÜ,unchanged,
Trafo,4562,TR-A,BAYBURT,unchanged,
Trafo,4565,TR-A,BANDIRMA RES,unchanged,
Trafo,4567,TR-A,ARAÇ,unchanged,
Trafo,4568,TR-A,KOVANLIK HAVZA,unchanged,
Trafo,4569,TR-B (THH-2),TÜPRAŞ,unchanged,
Trafo,4570,TR-C(THH-1A),TÜPRAŞ,unchanged,
Trafo,4571,TR-D(THH-1B),TÜPRAŞ,unchanged,
Trafo,4573,TR-B,ANAMUR,unchanged,
Trafo,4574,TR-A,SİİRT ÇİMENTO KURTALAN,unchanged,
Trafo,4575,OTR-2,SOMA B TES,unchanged,
Trafo,4576,TR-B,HAYRAT HAVZA,unchanged,
Trafo,4577,TR-A,AFYON3,unchanged,
Trafo,4581,TR-A,KORU RES,unchanged,
Trafo,4582,TR-1,SEBENOBA RES,unchanged,
Trafo,4583,TR,KIRDEMİR,unchanged,
Trafo,4584,TR-B,ÇUMRA,unchanged,
Trafo,4585,TR-B,BURDUR,unchanged,
Trafo,4586,TR-A,OSMANİYE,unchanged,
Trafo,4589,TR-D,MODERN ENERJİ DGKÇ,unchanged,
Trafo,4591,TR-A,MAÇKA HAVZA,unchanged,
Trafo,4592,TR-D,İNCİRLİK,unchanged,
Trafo,4593,TR-B,ALAŞEHİR,unchanged,
Trafo,4594,TR-A,GÖLMARMARA,unchanged,
Trafo,4596,B-OTR-4,DİYARBAKIR3,unchanged,
Trafo,4599,TR-1,MUT RES,unchanged,
Trafo,4600,TR-5,PAŞAKÖY,unchanged,
Trafo,4601,TR-A,ELİF HAVZA,unchanged,
Trafo,4602,TR-B,ELİF HAVZA,unchanged,
Trafo,4603,TR-B,YAZGÜNEŞİ,unchanged,
Trafo,4605,TR-C,MANCARLIK GİS,unchanged,
Trafo,4607,TR-A,LİMAK ÇİMENTO,unchanged,
Trafo,4608,TR-B,LİMAK ÇİMENTO,updated,Normal İşletme Durumu
Trafo,4609,TR-A,MELEN,unchanged,
Trafo,4610,A-OTR-2,MORSAN,unchanged,
Trafo,4611,TR-A,ÇATALAN HES,unchanged,
Trafo,4612,TR-A,TEFENNİ,unchanged,
Trafo,4613,TR-A,DATÇA RES,unchanged,
Trafo,4616,TR-1,DİLEK RES,unchanged,
Trafo,4617,TR-B,KARAMAN OSB,unchanged,
Trafo,4619,A-OTR-2,ZEKERİYAKÖY,unchanged,
Trafo,4620,TR-A,SEYHAN HES,unchanged,
Trafo,4621,TR-B,YAKAKÖY,unchanged,
Trafo,4622,TR-A,KIYIKÖY RES (TEKİRDAĞ),unchanged,
Trafo,4623,TR-A,SÜLOĞLU RES,unchanged,
Trafo,4624,TR-A,ALAKOVA,unchanged,
Trafo,4625,TR-1,KUYUCAK RES,unchanged,
Trafo,4627,TR-A,KAYABAŞI TOKİ,unchanged,
Trafo,4628,TR-B,KAYABAŞI TOKİ,unchanged,
Trafo,4629,TR-A,KULA,unchanged,
Trafo,4630,TR-B,ADAPAZARI,unchanged,
Trafo,4631,A-OTR-1,TORTUM,unchanged,
Trafo,4632,B-OTR-3,TORTUM,unchanged,
Trafo,4633,TR-A,TORTUM,unchanged,
Trafo,4634,TR-B,TORTUM,unchanged,
Trafo,4635,A-OTR-2,İÇDAŞ,unchanged,
Trafo,4640,TR-C,MARDİN1,unchanged,
Trafo,4641,TR-A,İSKENDERUN1,unchanged,
Trafo,4642,TR-A,DARENDE,unchanged,
Trafo,4643,TR-A,ESKİŞEHİR OSB,unchanged,
Trafo,4645,TR-A,OSMANCA,unchanged,
Trafo,4646,A-OTR-1,MAKİNA OSB,unchanged,
Trafo,4647,B-OTR-3,MAKİNA OSB,unchanged,
Trafo,4649,TR-B,MAKİNA OSB,unchanged,
Trafo,4651,OTR-3,GELİBOLU,unchanged,
Trafo,4652,C-TR-5,ANTALYA SERBEST BÖLGE,unchanged,
Trafo,4653,A-OTR-1,ANTALYA SERBEST BÖLGE,unchanged,
Trafo,4654,B-OTR-3,ANTALYA SERBEST BÖLGE,unchanged,
Trafo,4656,TR-B,YARIMCA1,unchanged,
Trafo,4659,TR-D,DEMİRTAŞ,unchanged,
Trafo,4661,A-OTR-2,ALTINORDU,unchanged,
Trafo,4662,B-OTR-4,ALTINORDU,unchanged,
Trafo,4664,TR,BAĞARASI RES,unchanged,
Trafo,4665,TR-B,ARSİN,unchanged,
Trafo,4667,TR-A,SİVRİHİSAR,unchanged,
Trafo,4673,TR-A,SIR HES,unchanged,
Trafo,4676,TR-A,POYRAZGÖLÜ RES,unchanged,
Trafo,4678,TR,BİGA RES,unchanged,
Trafo,4680,TR-B,MALATYA,unchanged,
Trafo,4684,TR-A,BARTIN,unchanged,
Trafo,4685,TR-A,ÇAYKARA HAVZA,unchanged,
Trafo,4686,POTA_TR-4,İSDEMİR TES,unchanged,
Trafo,4687,POTA_TR-5,İSDEMİR TES,unchanged,
Trafo,4688,TR-GPP1,İSDEMİR TES,unchanged,
Trafo,4689,TR-GPP2,İSDEMİR TES,unchanged,
Trafo,4691,TR-B,BİSMİL1,unchanged,
Trafo,4693,TR-A,KANİJE RES,unchanged,
Trafo,4695,OTR-2,BABAESKİ,unchanged,
Trafo,4696,TR-B,SÖĞÜT,unchanged,
Trafo,4697,TR-E,DUDULLU,unchanged,
Trafo,4699,GTR-1,İSDEMİR TES,unchanged,
Trafo,4700,GTR-2,İSDEMİR TES,unchanged,
Trafo,4703,GTR-5,İSDEMİR TES,unchanged,
Trafo,4704,TR-A,ERYAMAN,unchanged,
Trafo,4705,TR-B,ERYAMAN,unchanged,
Trafo,4708,TR-D,İNEGÖL,unchanged,
Trafo,4712,TR-A,OYKA,unchanged,
Trafo,4716,TR-A,GEZENDE HES,unchanged,
Trafo,4717,TR-A,CAMİŞ MERSİN,unchanged,
Trafo,4719,TR-A,YALOVA RES,unchanged,
Trafo,4721,TR-A,YAHYALI RES,updated,Normal İşletme Durumu
Trafo,4723,TR-B,FERROKROM ELAZIĞ,unchanged,
Trafo,4725,TR-1,FUAT RES,unchanged,
Trafo,4727,TR-A,SYCS ÇİMENTO,unchanged,
Trafo,4728,TR-B,SYCS ÇİMENTO,unchanged,
Trafo,4731,TR-B,FATSA,unchanged,
Trafo,4732,TR-A,BİTLİS,unchanged,
Trafo,4733,TR-B,ALARA,unchanged,
Trafo,4741,TR-GR5 YOLVE,TUNÇBİLEK A TES,unchanged,
Trafo,4742,A-OTR-1,KARATAY,unchanged,
Trafo,4743,TR-C,BOSEN,unchanged,
Trafo,4744,TR-C,MERSİN2,unchanged,
Trafo,4745,TR-A,KURTKAYASI RES,unchanged,
Trafo,4747,B-OTR-3,ALİBEYKÖY,unchanged,
Trafo,4748,TR-B,AKBÜK RES,unchanged,
Trafo,4749,TR-A,KIRLIK,unchanged,
Trafo,4751,TR-D,MİSİS,unchanged,
Trafo,4753,TR-B,KIRKLARELİ,unchanged,
Trafo,4754,TR-A,YALOVA,unchanged,
Trafo,4755,TR-A,KAVAK ÇİMENTO,unchanged,
Trafo,4756,TR-A,AKDAĞ ÇİMENTO,unchanged,
Trafo,4757,TR-B,AKDAĞ ÇİMENTO,updated,Normal İşletme Durumu
Trafo,4758,TR-1,DDY PAYAS,unchanged,
Trafo,4759,TR-2,DDY PAYAS,unchanged,
Trafo,4761,A-OTR-1,TÜRKGÜCÜ,unchanged,
Trafo,4762,B-OTR-3,TÜRKGÜCÜ,unchanged,
Trafo,4763,TR-A,TÜRKGÜCÜ,unchanged,
Trafo,4764,TR-B,ENGİL,unchanged,
Trafo,4765,TR-A,ULUBORLU RES,unchanged,
Trafo,4768,TR-A,DENİZLİ1,unchanged,
Trafo,4769,A-OTR-1,İSPİR HAVZA,unchanged,
Trafo,4770,B-OTR-3,İSPİR HAVZA,unchanged,
Trafo,4771,C-TR-5,İSPİR HAVZA,unchanged,
Trafo,4772,TR-A,İSPİR HAVZA,unchanged,
Trafo,4773,TR-B,İSPİR HAVZA,unchanged,
Trafo,4775,TR-D,KIŞLAKÖY,unchanged,
Trafo,4776,TR-A,DORA 3 JES,unchanged,
Trafo,4777,A-OTR-2,KALKANDERE,unchanged,
Trafo,4778,TR-A,POYRAZ RES SUSURLUK,unchanged,
Trafo,4780,TR-A,ENGİL,unchanged,
Trafo,4782,TR-A,BİSMİL2,unchanged,
Trafo,4783,TR-B,BİSMİL2,unchanged,
Trafo,4784,A-OTR-1,ÇOLAKOĞLU400,unchanged,
Trafo,4785,A-OTR-2,ÇOLAKOĞLU400,unchanged,
Trafo,4790,TR-A,DOĞANKENT HES,unchanged,
Trafo,4791,TR-B,YAVRUDOĞAN,unchanged,
Trafo,4792,TR-2,İNTEPE RES,unchanged,
Trafo,4793,TR-A,KARAMAN,unchanged,
Trafo,4795,TR-A,AMASYA RES,unchanged,
Trafo,4796,TR-A,AFYON ÇİMENTO,unchanged,
Trafo,4797,TR-B,AFYON ÇİMENTO,unchanged,
Trafo,4798,TR-B,LADİK,unchanged,
Trafo,4799,A-OTR-1,KOCAELİ,unchanged,
Trafo,4800,B-OTR-3,KOCAELİ,unchanged,
Trafo,4802,TR-1,SARITEPE RES,unchanged,
Trafo,4803,TR-2,SARITEPE RES,unchanged,
Trafo,4804,TR-A,KOCAELİ,unchanged,
Trafo,4805,TR-B,KOCAELİ,unchanged,
Trafo,4807,C-TR-5,KOCAELİ,updated,Normal İşletme Durumu
Trafo,4808,A-OTR-1,KAYABAŞI,unchanged,
Trafo,4809,TR-E,KARDEMİR,unchanged,
Trafo,4810,B-OTR-3,KAYSERİ KAPASİTÖR,unchanged,
Trafo,4811,TR-A,ÇAMLIYAYLA HAVZA,updated,Normal İşletme Durumu
Trafo,4814,TR-4,PAMUKÖREN JES,unchanged,
Trafo,4815,TR-A,ÇİĞDEM,unchanged,
Trafo,4816,TR-B,ÇİĞDEM,unchanged,
Trafo,4817,TR-A,VİTRA KARO,unchanged,
Trafo,4818,TR-B,VİTRA KARO,unchanged,
Trafo,4820,TR-A,ASAŞ ALÜMİNYUM,unchanged,
Trafo,4821,TR-B,ASAŞ ALÜMİNYUM,unchanged,
Trafo,4822,TR-B,KUZEY ADANA,unchanged,
Trafo,4823,TR-A,NİĞDE ÇİMSA,unchanged,
Trafo,4824,TR-B,NİĞDE ÇİMSA,unchanged,
Trafo,4825,TR-A,ATAKAŞ,unchanged,
Trafo,4826,TR-A,KIRŞEHİR,unchanged,
Trafo,4827,TR-A,OSTİM OSB,unchanged,
Trafo,4829,B-OTR-3,ANDIRIN,unchanged,
Trafo,4830,B-OTR-4,ANDIRIN,unchanged,
Trafo,4831,TR-5,ANDIRIN,updated,Normal İşletme Durumu
Trafo,4833,TR-C,BÜYÜKKARIŞTIRAN,unchanged,
Trafo,4834,TR-A,BÖLÜCEK,unchanged,
Trafo,4835,TR-A,SİİRT380,unchanged,
Trafo,4836,TR-B,SİİRT380,unchanged,
Trafo,4837,A-OTR-1,SİİRT380,unchanged,
Trafo,4838,B-OTR-3,SİİRT380,unchanged,
Trafo,4842,TR-A,ZELİHA RES,unchanged,
Trafo,4843,C-TR-5,KIZILTEPE SERKAN AY,updated,Trafo Merkezi
Trafo,4844,TR-A,PEKMEZLİ,unchanged,
Trafo,4846,TR-A,SIDDIK,unchanged,
Trafo,4848,TR-A,HENDEK,unchanged,
Trafo,4849,TR-A,VELİMEŞE,unchanged,
Trafo,4850,TR-B,VELİMEŞE,unchanged,
Trafo,4851,TR-B,YUMURTALIK,unchanged,
Trafo,4857,A-OTR-2,BAĞLUM,unchanged,
Trafo,4859,TR-B,KEŞAN,unchanged,
Trafo,4860,TR-A,AKYAZI,unchanged,
Trafo,4862,TR-A,AYVALIK,unchanged,
Trafo,4865,TR-B,BODRUM 2,unchanged,
Trafo,4867,TR-A,BEREKETLİ RES,unchanged,
Trafo,4868,TR-A,PINARHİSAR,updated,Normal İşletme Durumu
Trafo,4870,TR-A,BANDIRMA 3 RES,unchanged,
Trafo,4872,TR-A,KAYSERİ1,unchanged,
Trafo,4873,TR-B,KAYSERİ1,unchanged,
Trafo,4875,TR-B,ALTINOLUK,unchanged,
Trafo,4878,TR-B,GÖBEL,unchanged,
Trafo,4879,TR-A,DORUK HES,unchanged,
Trafo,4880,TR-B,BİTLİS,unchanged,
Trafo,4882,TR-B,ARABAN PS,unchanged,
Trafo,4883,TR-1,ELMALI RES,unchanged,
Trafo,4885,TR-B,DARAN HAVZA,unchanged,
Trafo,4886,TR-B,KIRIKKALE,unchanged,
Trafo,4887,TR-A,KIŞLADAĞ,unchanged,
Trafo,4888,TR-B,KIŞLADAĞ,unchanged,
Trafo,4889,TR-C,KIŞLADAĞ,unchanged,
Trafo,4890,TR-D,KIRIKKALE,updated,Normal İşletme Durumu
Trafo,4892,TR-B,TARSUS,unchanged,
Trafo,4894,A-OTR-1,BAĞIŞTAŞ,unchanged,
Trafo,4895,B-OTR-3,BAĞIŞTAŞ,unchanged,
Trafo,4898,TR-C,ÖZKAN DEMİRÇELİK,unchanged,
Trafo,4899,TR-B,ÖZKAN DEMİRÇELİK,unchanged,
Trafo,4902,TR-B,MASLAK,unchanged,
Trafo,4904,TR-A,YENİ ŞEHİTLİK,updated,Normal İşletme Durumu
Trafo,4905,TR-C,AYDIN,unchanged,
Trafo,4906,A-OTR-2,TEPEÖREN,unchanged,
Trafo,4907,TR-E,AMBARLI TM,unchanged,
Trafo,4908,TR-B,MERSİN TERMİK,unchanged,
Trafo,4909,TR-C,KIRLIK,unchanged,
Trafo,4916,TR-A,YAHYALI BAK RES,unchanged,
Trafo,4918,TR-B,YAHYALI BAK RES,unchanged,
Trafo,4919,C-OTR-5,BURSA SANAYİ,unchanged,
Trafo,4920,A-OTR-2,TÜRKGÜCÜ,unchanged,
Trafo,4921,A-OTR-1,GÜRAĞAÇ,unchanged,
Trafo,4922,TR-1,FATMA RES,unchanged,
Trafo,4923,TR-B,REFAHİYE,unchanged,
Trafo,4924,TR-A,BÜYÜKDÜZ HAVZA,updated,Normal İşletme Durumu
Trafo,4926,A-OTR-1,SİNCAN,unchanged,
Trafo,4928,TR-A,KIRKAĞAÇ RES,unchanged,
Trafo,4929,TR-A,MEHMETHAN JES,unchanged,
Trafo,4930,TR-B,CİZRE,unchanged,
Trafo,4931,A-OTR-2,İKİTELLİ,unchanged,
Trafo,4933,TR-B,DİYARBAKIR1,unchanged,
Trafo,4937,TR-B,KASIMLAR HES,unchanged,
Trafo,4939,TR-A,GÜLNAR HAVZA,unchanged,
Trafo,4940,TR-B,GÜLNAR HAVZA,unchanged,
Trafo,4942,TR-A,TALAS,unchanged,
Trafo,4943,TR-B,TALAS,unchanged,
Trafo,4947,TR-A,SELÇUKLU,unchanged,
Trafo,4949,B-OTR-4,ADANA,unchanged,
Trafo,4950,TR-A,REŞADİYE,unchanged,
Trafo,4951,TR-B,REŞADİYE,unchanged,
Trafo,4952,A-OTR-2,YATAĞAN TES,unchanged,
Trafo,4953,TR-C,ALBAY ÇİĞİLTEPE RES,unchanged,
Trafo,4954,A-OTR-2,REŞADİYE,unchanged,
Trafo,4955,B-OTR-3,REŞADİYE,unchanged,
Trafo,4956,TR-2,KULP1 HES,unchanged,
Trafo,4957,TR-A,BATMAN HES,unchanged,
Trafo,4959,TR-2,MARE RES,unchanged,
Trafo,4960,TR-1,KINIK RES,unchanged,
Trafo,4961,C-TR-5,SİNCAN,unchanged,
Trafo,4965,TR-A,SFC ENTEGRE,unchanged,
Trafo,4968,B-OTR-3,AFYON2,removed-from-source,
Trafo,4971,TR-C,İBRAHİMLİ,unchanged,
Trafo,4972,A-OTR-2,YENİKÖY TES,unchanged,
Trafo,4973,TR-E,ETİ SODA,unchanged,
Trafo,4974,TR-A,DARAN HAVZA,unchanged,
Trafo,4975,TR-A,DENİZLİ4,unchanged,
Trafo,4976,TR-A,YÜKSEKOVA,unchanged,
Trafo,4978,B-OTR-3,VARSAK,unchanged,
Trafo,4982,TR-A,AİRRES4,unchanged,
Trafo,4984,TR-A,ESENYURT,unchanged,
Trafo,4986,TR-B,ESENYURT,unchanged,
Trafo,4987,TR-B,GAZİEMİR GİS,unchanged,
Trafo,4988,TR-A,ARDANUÇ,unchanged,
Trafo,4989,TR-B,BALIKESİR,unchanged,
Trafo,4990,TR-A,ERKİLET,unchanged,
Trafo,4991,TR-B,MAHMUTLAR,unchanged,
Trafo,4992,TR-A,CENAL TES,unchanged,
Trafo,4993,TR-18,HABAŞ DGKÇS 2 GİS,unchanged,
Trafo,4996,TR-C,MAÇKA HAVZA,unchanged,
Trafo,4997,TR-15,HABAŞ DGKÇS 2 GİS,unchanged,
Trafo,4998,TR-5,TOSÇELİK,unchanged,
Trafo,4999,B-OTR-2,BORÇKA HES,unchanged,
Trafo,5001,TR-B,ÇAYKARA HAVZA,unchanged,
Trafo,5002,TR-16,HABAŞ DGKÇS 2 GİS,unchanged,
Trafo,5004,TR-D,HACILAR,unchanged,
Trafo,5005,TR-A,BELEK GİS,unchanged,
Trafo,5006,TR-B,SIRRIN,unchanged,
Trafo,5009,A-OTR-1,İÇDAŞ,unchanged,
Trafo,5010,TR-B,GÜMÜŞHANE,unchanged,
Trafo,5012,TR-16,PETKİM DGKÇS,unchanged,
Trafo,5017,TR-C,HACILAR,unchanged,
Trafo,5018,TR-A,HACILAR,unchanged,
Trafo,5020,TR-A,BERGRES RES,unchanged,
Trafo,5022,TR-A,ALTINOLUK,unchanged,
Trafo,5023,B-OTR-4,KALKANDERE,unchanged,
Trafo,5024,OTR-1,ÇAYIRHAN TES,unchanged,
Trafo,5025,TR-A,ABDULHAMİT HAN,unchanged,
Trafo,5026,TR-B,ABDULHAMİT HAN,unchanged,
Trafo,5027,TR-A,KUNDU,unchanged,
Trafo,5028,TR-A,KONYA ÇİMENTO,unchanged,
Trafo,5029,TR-B,KONYA ÇİMENTO,unchanged,
Trafo,5030,A-OTR-2,KAYABAŞI,unchanged,
Trafo,5031,B-OTR-3,KURŞUNLU,unchanged,
Trafo,5032,B-OTR-4,KURŞUNLU,removed-from-source,
Trafo,5034,TR-A,SÖĞÜT,unchanged,
Trafo,5035,TR-B,SİLVAN,unchanged,
Trafo,5036,TR-A,TİRE RES,unchanged,
Trafo,5042,TR-2,DEÇEKO,unchanged,
Trafo,5044,TR-B,DEMİRDAĞ,unchanged,
Trafo,5045,TR-1,KANGAL RES,unchanged,
Trafo,5046,TR-2,KANGAL RES,unchanged,
Trafo,5047,TR-1 (ST1-2),KANGAL TES,unchanged,
Trafo,5048,TR-2 (ST-3),KANGAL TES,unchanged,
Trafo,5050,OTR,KANGAL TES,unchanged,
Trafo,5053,TR-A,SİVAS OSB,unchanged,
Trafo,5055,TR-A,VOTORANTİM,unchanged,
Trafo,5056,TR-B,VOTORANTİM,updated,Normal İşletme Durumu
Trafo,5061,TR-A,BİNGÖL,unchanged,
Trafo,5062,TR-A,SUSURLUK RES,unchanged,
Trafo,5063,B-OTR-3,UZUNDERE,unchanged,
Trafo,5068,TR-A,ATIŞALANI,unchanged,
Trafo,5069,B-OTR-4,YEŞİLHİSAR,unchanged,
Trafo,5071,TR-A,EDREMİT,unchanged,
Trafo,5072,TR-3,KARABURUN HAVZA,unchanged,
Trafo,5076,TR-B,SURUÇ,unchanged,
Trafo,5078,TR-GR2,İÇDAŞ,removed-from-source,
Trafo,5079,TR-A,KİPAŞ MENSUCAT,unchanged,
Trafo,5080,A-OTR-2,HABİBLER,unchanged,
Trafo,5082,OTR-1,BABAESKİ,unchanged,
Trafo,5083,B-OTR-4,OSMANCA,unchanged,
Trafo,5084,TR-B,İSKENDERUN2,unchanged,
Trafo,5085,TR-2,KİLLİK RES,unchanged,
Trafo,5086,TR-B,BALIKESİR OSB,unchanged,
Trafo,5087,TR-A,GÖRÜKLE,unchanged,
Trafo,5090,TR-A,SOMA 2 RES,unchanged,
Trafo,5091,TR-A,BAYAT HAVZA,unchanged,
Trafo,5092,B-OTR-3,YEŞİLHİSAR,unchanged,
Trafo,5093,TR-1,MARE RES,unchanged,
Trafo,5094,D-TR-8,İKİTELLİ,unchanged,
Trafo,5098,A-OTR-1,GÖLBAŞI,unchanged,
Trafo,5099,A-OTR-2,GÖLBAŞI,unchanged,
Trafo,5100,TR-B,KAYADÜZÜ RES,unchanged,
Trafo,5101,TR-A,HEMA,unchanged,
Trafo,5102,TR-B,HEMA,unchanged,
Trafo,5103,TR-A,STAR GİS,unchanged,
Trafo,5104,TR-B,STAR GİS,unchanged,
Trafo,5105,TR-C,ALTINTEPE,unchanged,
Trafo,5106,TR-B,HAZAR1,unchanged,
Trafo,5107,TR-A,ILICA ZEKİ GÜRGEN,unchanged,
Trafo,5113,TR-B,GERKONSAN,unchanged,
Trafo,5116,A-OTR-1,KARAKOÇAN,unchanged,
Trafo,5117,TR-A,KİPAŞ KAĞIT,unchanged,
Trafo,5119,TR-B,KAPIÇAM,unchanged,
Trafo,5122,TR-A,ÜNYE,unchanged,
Trafo,5124,TR-B,OSMANCA,unchanged,
Trafo,5126,TR-3,KANGAL RES,unchanged,
Trafo,5127,TR-A,KÜREKDAĞI RES,unchanged,
Trafo,5128,TR-B,KÜREKDAĞI RES,unchanged,
Trafo,5129,TR-A,ALAŞEHİR HAVZA,unchanged,
Trafo,5130,TR-B,ALAŞEHİR HAVZA,unchanged,
Trafo,5132,TR-B,DİKMEN1,unchanged,
Trafo,5133,A-OTR-1,KAYAŞ,unchanged,
Trafo,5134,B-OTR-3,KAYAŞ,unchanged,
Trafo,5139,TR-B,CİHANBEYLİ,unchanged,
Trafo,5140,TR-B,YUKARI MANAHOZ,unchanged,
Trafo,5141,TR-B,ERZİNCAN,unchanged,
Trafo,5142,TR-B,ÇAĞÇAĞ,unchanged,
Trafo,5144,TR-6,PAŞAKÖY,unchanged,
Trafo,5146,TR-A,POLATLI ÇİMENTO,unchanged,
Trafo,5147,TR-B,POLATLI ÇİMENTO,unchanged,
Trafo,5148,TR-A,KAROVA RES,unchanged,
Trafo,5150,TR-A,ADIYAMAN GÖLBAŞI,unchanged,
Trafo,5151,TR-A,ETİ BAKIR MAZIDAĞI,unchanged,
Trafo,5152,TR-B,ETİ BAKIR MAZIDAĞI,unchanged,
Trafo,5153,TR-A,KELKİT HAVZA,unchanged,
Trafo,5154,TR-B,KELKİT HAVZA,unchanged,
Trafo,5155,PRTR-1,KAZAN DGKÇ,unchanged,
Trafo,5156,PRTR-2,KAZAN DGKÇ,unchanged,
Trafo,5157,PRTR-3,KAZAN DGKÇ,unchanged,
Trafo,5158,PRTR-4,KAZAN DGKÇ,unchanged,
Trafo,5159,PRTR-5,KAZAN DGKÇ,unchanged,
Trafo,5160,PRTR-6,KAZAN DGKÇ,unchanged,
Trafo,5162,TR-A,KONYA OSB,unchanged,
Trafo,5163,TR-B,KONYA OSB,unchanged,
Trafo,5165,TR-A,RB KARESİ,unchanged,
Trafo,5168,TR-C,BÜYÜKÇEKMECE,unchanged,
Trafo,5170,TR-C,NACARLI,unchanged,
Trafo,5171,TR-A,TÜMAD LAPSEKİ,unchanged,
Trafo,5172,TR-B,EREĞLİ KONYA,unchanged,
Trafo,5173,B-OTR-4,MERSİN380,unchanged,
Trafo,5175,TR,PERENCO,unchanged,
Trafo,5176,TR-C,MACUNKÖY,unchanged,
Trafo,5178,TR-B,HENDEK,unchanged,
Trafo,5181,B-OTR-3,KARAKOÇAN,unchanged,
Trafo,5182,TR-A,GASKİ2,updated,Normal İşletme Durumu
Trafo,5183,TR-B,PATNOS,unchanged,
Trafo,5184,TR-A,YENİ HAVALİMANI,unchanged,
Trafo,5185,TR-B,YENİ HAVALİMANI,unchanged,
Trafo,5186,TR-C,YENİ HAVALİMANI,unchanged,
Trafo,5187,TR-A,BÜSAN,unchanged,
Trafo,5188,TR-B,BÜSAN,unchanged,
Trafo,5191,STARTUP,KAZAN DGKÇ,unchanged,
Trafo,5193,TR-C,ÇERKEZKÖY OSB,unchanged,
Trafo,5194,TR-A,AKDAĞ RES,unchanged,
Trafo,5196,B-OTR-4,TÜRKGÜCÜ,unchanged,
Trafo,5197,B-OTR-4,ERZİN,unchanged,
Trafo,5200,B-OTR-4,KAYAŞ,unchanged,
Trafo,5202,A-OTR-3,OYMAPINAR,unchanged,
Trafo,5203,TR-A,ALİAĞA OSB,unchanged,
Trafo,5207,OTR-4,ATIŞALANI,unchanged,
Trafo,5209,TR-A,SİNOP,unchanged,
Trafo,5210,TR-A,İKİZDERE HAVZA,updated,Normal İşletme Durumu
Trafo,5211,TR-B,GASKİ2,updated,Normal İşletme Durumu
Trafo,5213,TR-A,KİĞI HAVZA,unchanged,
Trafo,5214,TR-C,ZONGULDAK,unchanged,
Trafo,5215,TR-A,SAMANDAĞ,unchanged,
Trafo,5221,A-OTR-1,UŞAK 380,unchanged,
Trafo,5222,TR-2,ÇAĞLAYAN İSTANBUL,unchanged,
Trafo,5223,TR-3,ÇAĞLAYAN İSTANBUL,unchanged,
Trafo,5224,TR-A,ÇAĞLAYAN İSTANBUL,unchanged,
Trafo,5225,TR-B,ÇAĞLAYAN İSTANBUL,unchanged,
Trafo,5229,TR-B,SULTANMURAT,unchanged,
Trafo,5230,TR-B,ÇAMSEKİ RES,unchanged,
Trafo,5232,TR-5,GERMENCİK,unchanged,
Trafo,5233,TR-B,TEMELLİ,unchanged,
Trafo,5236,C-TR-6,DİYARBAKIR3,unchanged,
Trafo,5237,TR-A,BAHÇELİEVLER,unchanged,
Trafo,5240,TR-B,AHLAT,unchanged,
Trafo,5242,TR-A,ARKOZ ÇİMENTO,unchanged,
Trafo,5243,TR-A,SOMA ÇİMENTO,unchanged,
Trafo,5244,TR-B,SOMA ÇİMENTO,unchanged,
Trafo,5245,B-OTR-3,GERMENCİK,unchanged,
Trafo,5246,TR-A,DUDULLU METRO,unchanged,
Trafo,5247,TR-B,DUDULLU METRO,unchanged,
Trafo,5248,TR-C,DUDULLU METRO,unchanged,
Trafo,5250,TR-B,ANTALYA SERBEST BÖLGE,unchanged,
Trafo,5251,TR-A,ANAGOLD,unchanged,
Trafo,5252,TR-B,ANAGOLD,unchanged,
Trafo,5253,TR-C,ANAGOLD,unchanged,
Trafo,5254,TR-B,GÜNEYSINIR,unchanged,
Trafo,5256,B-OTR-3,MORSAN,unchanged,
Trafo,5257,TR-A,İSKUR,unchanged,
Trafo,5259,A-OTR-2,DİYARBAKIR3,unchanged,
Trafo,5260,TR-E,SAMSUN OSB DGKÇ,unchanged,
Trafo,5264,TR-A,OSMANGAZİ,unchanged,
Trafo,5265,TR-B,OSMANGAZİ,unchanged,
Trafo,5266,TR-C,OSMANGAZİ,unchanged,
Trafo,5267,TR-A,PİYALE GİS,unchanged,
Trafo,5272,A-OTR-1,BORNOVA380,unchanged,
Trafo,5273,B-OTR-3,BORNOVA380,unchanged,
Trafo,5274,TR-A,ARDIÇLI RES,unchanged,
Trafo,5275,TR-B,ARDIÇLI RES,unchanged,
Trafo,5276,TR-A,DELİKLİKAYA,unchanged,
Trafo,5277,OTR-2,DELİKLİKAYA,unchanged,
Trafo,5278,OTR-6,DELİKLİKAYA,unchanged,
Trafo,5279,TR-1,DELİKLİKAYA,unchanged,
Trafo,5280,TR-3,DELİKLİKAYA,unchanged,
Trafo,5281,TR-A,ILICA GİS,unchanged,
Trafo,5282,TR-A,IŞIKLAR,unchanged,
Trafo,5283,TR-C,BAHÇELİEVLER,unchanged,
Trafo,5284,OTR-1,ILISU HES,unchanged,
Trafo,5285,OTR-2,ILISU HES,unchanged,
Trafo,5286,TR-C,ESENYURT,unchanged,
Trafo,5287,TR-A,AKBÜK,unchanged,
Trafo,5288,B-OTR-3,HİLVAN,unchanged,
Trafo,5290,TR-D,KAYSERİ4,unchanged,
Trafo,5291,TR-C,İKİZLER,unchanged,
Trafo,5295,TR-B,ESTERGON,unchanged,
Trafo,5296,TR-B,ESKİŞEHİR OSB,unchanged,
Trafo,5298,TR-B,ALTINEKİN,unchanged,
Trafo,5301,TR-C,BEŞEVLER,unchanged,
Trafo,5302,TR-C,SİVEREK,unchanged,
Trafo,5303,TR-C,YÜREĞİR,unchanged,
Trafo,5304,B-TR-4,ŞEHİTKAMİL OSB,unchanged,
Trafo,5305,TR-A,ARSİN,unchanged,
Trafo,5306,TR-A,KARMA OSB,unchanged,
Trafo,5308,TR-B,MORSAN,unchanged,
Trafo,5309,TR-A,MİLAS,unchanged,
Trafo,5310,TR-C,YILDIZ,unchanged,
Trafo,5312,TR-B,ORTAKÖY,unchanged,
Trafo,5313,TR-A,DİYARBAKIR3,unchanged,
Trafo,5314,TR-B,EDİRNE ÇİMENTO,unchanged,
Trafo,5316,TR-B,ERGANİ ÇİMENTO,unchanged,
Trafo,5317,TR-B,PEKMEZLİ,unchanged,
Trafo,5318,TR-A,EBER RES,unchanged,
Trafo,5319,TR-B,DENİZLİ1,unchanged,
Trafo,5320,TR-B,SAKARYA,unchanged,
Trafo,5327,TR-A,ETİ BAKIR ADIYAMAN,unchanged,
Trafo,5328,TR-A,ALANBAŞI HAVZA,unchanged,
Trafo,5329,TR-B,ARDEŞEN,unchanged,
Trafo,5337,TR-B,YENİ SİVAS,unchanged,
Trafo,5338,TR-B,BAĞYURDU,unchanged,
Trafo,5339,TR-D,ÇAYSEKA,unchanged,
Trafo,5342,TR-D,VİRANŞEHİR,updated,Normal İşletme Durumu
Trafo,5343,TR-A,DİKİLİ,unchanged,
Trafo,5344,TR-A,BORNOVA380,unchanged,
Trafo,5345,TR-A,YAKUPLU,unchanged,
Trafo,5346,TR-C,YAKUPLU,unchanged,
Trafo,5348,TR-B,AKYURT,unchanged,
Trafo,5349,TR-B,EDREMİT,unchanged,
Trafo,5350,TR-B,CERİT RES,unchanged,
Trafo,5352,TR-B,MUŞ,unchanged,
Trafo,5353,TR-A,ÇIRÇIP,unchanged,
Trafo,5354,TR-C,İNCİRLİK,unchanged,
Trafo,5355,TR-B,MARDİN2,unchanged,
Trafo,5356,TR-A,EDİRNE GİS,unchanged,
Trafo,5357,TR-A,KÖMÜRHAN,unchanged,
Trafo,5358,TR-B,KÖMÜRHAN,unchanged,
Trafo,5359,TR-B,BELEK GİS,unchanged,
Trafo,5361,TR-B,NİĞDE,unchanged,
Trafo,5362,TR-A,GÜNEY ADANA,unchanged,
Trafo,5365,TR-1,YAYSUN GES,unchanged,
Trafo,5366,TR-2,YAYSUN GES,unchanged,
Trafo,5368,TR-B,KARACA,updated,Normal İşletme Durumu
Trafo,5371,TR-B,GÖLKÖY,unchanged,
Trafo,5372,TR-A,BERGAMA VENTO RES,unchanged,
Trafo,5373,TR-A,İSKENDERUN2,unchanged,
Trafo,5374,TR-B,ERKİLET,unchanged,
Trafo,5375,TR-A,ALİBEY RES,unchanged,
Trafo,5377,TR-B,BAĞLAR RES,unchanged,
Trafo,5378,TR-B,AKYAZI,unchanged,
Trafo,5379,TR-A,CERİT RES,unchanged,
Trafo,5380,TR-A,AHLAT,unchanged,
Trafo,5384,TR-A,ERGANİ ÇİMENTO,unchanged,
Trafo,5386,B-OTR-4,ELGÜN,unchanged,
Trafo,5388,TR-E,BURSA SANAYİ,unchanged,
Trafo,5389,OTR-4,DELİKLİKAYA,unchanged,
Trafo,5390,TR-B,YEŞİLHİSAR,unchanged,
Trafo,5391,TR-A,ANAMUR,updated,Normal İşletme Durumu
Trafo,5394,TR-B,SULTANHİSAR JES,unchanged,
Trafo,5395,A-OTR-1,SEYHAN HES,unchanged,
Trafo,5396,TR-A,DİNÇER ÇİMENTO,unchanged,
Trafo,5399,C-TR-6,SİNCAN,unchanged,
Trafo,5400,TR-1,ATAŞEHİR,unchanged,
Trafo,5401,TR-3,ATAŞEHİR,unchanged,
Trafo,5402,TR-A,DAVUTPAŞA,unchanged,
Trafo,5404,A-OTR-1,ÇARŞAMBA,unchanged,
Trafo,5405,A-OTR-2,ÇARŞAMBA,unchanged,
Trafo,5408,TR-B,ÇAMOLUK,unchanged,
Trafo,5409,TR-A,ERENKÖY,unchanged,
Trafo,5410,TR-A,YENİHİSAR RES,unchanged,
Trafo,5412,TR-A,TÜMAD BURHANİYE,unchanged,
Trafo,5416,TR-A,AKBELEN,unchanged,
Trafo,5418,B-TR-4,ZEKERİYAKÖY,unchanged,
Trafo,5420,TR-A,BALIKESİR SEKA,unchanged,
Trafo,5421,TR-B,EDİRNE GİS,unchanged,
Trafo,5422,TR-A,GEMLİK,unchanged,
Trafo,5425,TR-A,ÇEKEREK HAVZA,unchanged,
Trafo,5427,D-TR-7,İKİTELLİ,unchanged,
Trafo,5430,C-OTR-6,KARTAL GİS,unchanged,
Trafo,5433,TR-C,TARSUS,unchanged,
Trafo,5437,TR-E,YATAĞAN TES,unchanged,
Trafo,5438,TR-F,YATAĞAN TES,unchanged,
Trafo,5439,TR-3,BEYKENT OSB,unchanged,
Trafo,5440,TR-5,PAMUKÖREN JES,unchanged,
Trafo,5446,TR-A,TİREBOLU,unchanged,
Trafo,5447,TR-1,SAĞMALCILAR GİS,unchanged,
Trafo,5448,TR-2,SAĞMALCILAR GİS,unchanged,
Trafo,5449,TR-3,SAĞMALCILAR GİS,unchanged,
Trafo,5450,TR-4,SAĞMALCILAR GİS,unchanged,
Trafo,5451,TR-A,KOZLUK,unchanged,
Trafo,5452,TR-B,KOZLUK,unchanged,
Trafo,5454,TR-A,LÜLEBURGAZ,unchanged,
Trafo,5455,TR-C,DAVUTPAŞA,unchanged,
Trafo,5456,TR-B,KARAMAN,unchanged,
Trafo,5457,TR-A,TEKİRDAĞ,unchanged,
Trafo,5458,TR-B,KÜTAHYA,removed-from-source,
Trafo,5459,TR-A,EŞMEKAYA,unchanged,
Trafo,5463,TR-A,SELÇUK,unchanged,
Trafo,5464,TR-C,AKORSAN,unchanged,
Trafo,5466,TR-A,LADİK,unchanged,
Trafo,5467,TR-B,BOZÜYÜK OSB,unchanged,
Trafo,5468,TR-B,YALOVA,unchanged,
Trafo,5469,TR-B,ÇANAKKALE,unchanged,
Trafo,5470,TR-B,KILILI,unchanged,
Trafo,5471,TR-B,ŞANLIURFA,unchanged,
Trafo,5472,TR-A,PAŞAKÖY,unchanged,
Trafo,5473,TR-A,ELBİSTAN TES,unchanged,
Trafo,5474,TR-A,SOMA B TES,unchanged,
Trafo,5476,TR-E,SELİMİYE,unchanged,
Trafo,5477,TR-B,BİLORSA,unchanged,
Trafo,5478,TR-1,KOCALAR RES,unchanged,
Trafo,5481,TR-B,ÇERKEZKÖY,unchanged,
Trafo,5482,TR-B,BAYBURT,unchanged,
Trafo,5484,TR-C,MALORSA,unchanged,
Trafo,5485,TR-C,İNEGÖL,unchanged,
Trafo,5486,TR-B,ÖDEMİŞ,unchanged,
Trafo,5487,TR-C,SULTANMURAT,unchanged,
Trafo,5488,TR-A,ALİAĞA1 GİS,unchanged,
Trafo,5489,TR-B,ALİAĞA1 GİS,unchanged,
Trafo,5490,TR-B,ILICA ZEKİ GÜRGEN,unchanged,
Trafo,5494,TR-A,REFAHİYE,updated,Normal İşletme Durumu
Trafo,5495,TR-B,SELÇUKLU,unchanged,
Trafo,5496,TR-A,SAKARYA,unchanged,
Trafo,5497,YOL VERME,BURSA DGKÇS,unchanged,
Trafo,5498,TR-B,YARDIMCI,unchanged,
Trafo,5499,TR-B,POLAT TES,unchanged,
Trafo,5500,YOL VERME1,SEYİTÖMER TES,unchanged,
Trafo,5502,YOL VERME,ÇATES MUHAMMED DEMİREL,unchanged,
Trafo,5503,TR-A,EREĞLİ KONYA,unchanged,
Trafo,5505,TR-B,PAMUKOVA,unchanged,
Trafo,5508,TR-23,PETKİM DGKÇS,unchanged,
Trafo,5509,TR-3,ÖZLÜCE HES,unchanged,
Trafo,5510,TR-A,ASYAPORT LİMAN,unchanged,
Trafo,5512,TR-D,PS3,unchanged,
Trafo,5513,TR-B,DENİZLİ ÇİMENTO,unchanged,
Trafo,5516,B-OTR-4,RAFİNERİ,unchanged,
Trafo,5517,TR-B,BÖLÜCEK,updated,Normal İşletme Durumu
Trafo,5518,TR-A,ORHANELİ,unchanged,
Trafo,5519,TR-A,RAFİNERİ,unchanged,
Trafo,5521,TR-B,FİNİKE,unchanged,
Trafo,5522,TR-B,ULUCAK,unchanged,
Trafo,5523,TR-1,ÜÇPINAR RES,unchanged,
Trafo,5524,TR-2,ÜÇPINAR RES,unchanged,
Trafo,5527,TR-B,LİCE,unchanged,
Trafo,5529,TR-B,KIZKALESİ,unchanged,
Trafo,5530,TR-A,KÇS ÇİMENTO,unchanged,
Trafo,5531,TR-B,KÇS ÇİMENTO,unchanged,
Trafo,5534,TR-A,DİYARBAKIR OSB,unchanged,
Trafo,5535,TR-B,ÇİVRİL,unchanged,
Trafo,5537,TR-A,MANİSA OSB2,updated,Normal İşletme Durumu
Trafo,5538,TR-B,MANİSA OSB2,updated,Normal İşletme Durumu
Trafo,5539,OTR-1,GELİBOLU,unchanged,
Trafo,5540,TR-B,HAKKARİ,unchanged,
Trafo,5541,TR-B,MURGUL,unchanged,
Trafo,5542,TR-A,MURGUL,unchanged,
Trafo,5543,C-TR-6,KOCAELİ,unchanged,
Trafo,5544,TR-B,ALİBEY HÖYÜĞÜ,unchanged,
Trafo,5545,TR-B,VAKFIKEBİR,unchanged,
Trafo,5547,TR-B,BORÇKA HES,unchanged,
Trafo,5552,TR-A,ALMUS HES,unchanged,
Trafo,5554,TR-B,PAŞALAR,unchanged,
Trafo,5555,TR-A,KÜTAHYA OSB,unchanged,
Trafo,5556,TR-A,KIRIKDAĞ HES,unchanged,
Trafo,5557,A-OTR-1,KONYA KUZEY,unchanged,
Trafo,5558,B-OTR-3,KONYA KUZEY,unchanged,
Trafo,5559,TR-A,KONYA KUZEY,unchanged,
Trafo,5563,A-OTR-1,ULUDAĞ GİS,unchanged,
Trafo,5564,B-OTR-4,ULUDAĞ GİS,unchanged,
Trafo,5565,TR-A,ÖKSÜT MADENCİLİK,unchanged,
Trafo,5566,TR-A,HASANOBA RES,unchanged,
Trafo,5569,TR-D,BAĞCILAR,unchanged,
Trafo,5570,TR-B,ERGAN,unchanged,
Trafo,5571,TR-1,DENİZLİ RES,unchanged,
Trafo,5572,TR-2,DENİZLİ RES,unchanged,
Trafo,5573,TR-C,DİLİSKELESİ GİS,unchanged,
Trafo,5574,TR-A,GEBZE KİMYA,unchanged,
Trafo,5577,TR-B,TURANKÖY,unchanged,
Trafo,5581,TR-A,KOCATEPE RES,unchanged,
Trafo,5582,TR-F,KARDEMİR,unchanged,
Trafo,5584,TR-A,YAMAÇTEPE RES,unchanged,
Trafo,5585,TR-1,DDY AKGEDİK,unchanged,
Trafo,5586,TR-2,DDY AKGEDİK,unchanged,
Trafo,5587,TR-1,DDY DOĞANŞEHİR,unchanged,
Trafo,5588,TR-2,DDY DOĞANŞEHİR,unchanged,
Trafo,5589,TR-1,DDY FEVZİPAŞA,unchanged,
Trafo,5590,TR-2,DDY FEVZİPAŞA,unchanged,
Trafo,5591,TR-1,DDY GÖLBAŞI,unchanged,
Trafo,5592,TR-2,DDY GÖLBAŞI,unchanged,
Trafo,5593,TR-1,DDY HEKİMHAN,unchanged,
Trafo,5594,TR-2,DDY HEKİMHAN,unchanged,
Trafo,5595,TR-1,DDY NARLI,unchanged,
Trafo,5596,TR-2,DDY NARLI,unchanged,
Trafo,5597,TR-1,DDY YAZIHAN,unchanged,
Trafo,5598,TR-2,DDY YAZIHAN,unchanged,
Trafo,5599,TR-1,DDY YAZLAK,unchanged,
Trafo,5600,TR-2,DDY YAZLAK,unchanged,
Trafo,5601,TR-A,AKSU MADENCİLİK,unchanged,
Trafo,5603,TR-A,TEMELLİ,unchanged,
Trafo,5606,TR-A,DOĞUBAYAZIT,unchanged,
Trafo,5608,TR-B,ÇÖÇELLİ,unchanged,
Trafo,5611,A-OTR-1,VİZE HAVZA,unchanged,
Trafo,5612,TR-B,SİNCİK HAVZA,unchanged,
Trafo,5613,TR-A,LİMAK ÇİMENTO KİLİS,unchanged,
Trafo,5614,TR-B,LİMAK ÇİMENTO KİLİS,unchanged,
Trafo,5615,TR-A,MASLAKTEPE RES,unchanged,
Trafo,5617,TR-4,ÖZLÜCE HES,unchanged,
Trafo,5619,TR-A,HASANAĞA,unchanged,
Trafo,5620,TR-B,HASANAĞA,unchanged,
Trafo,5621,TR-1,BARTIN OSB,unchanged,
Trafo,5622,TR-2,BARTIN OSB,unchanged,
Trafo,5623,TR-A,HAVZA RES,unchanged,
Trafo,5624,TR-B,IĞDIR,unchanged,
Trafo,5625,TR-A,ÇAKIL RES,unchanged,
Trafo,5627,TR-B,TATLIPINAR RES,unchanged,
Trafo,5628,TR-A,GÜLPINAR RES,unchanged,
Trafo,5629,TR-B,KİĞI HAVZA,unchanged,
Trafo,5630,TR-A,MERYEM RES,unchanged,
Trafo,5631,TR-A,GÖKSU,unchanged,
Trafo,5632,TR-B,GÖKSU,unchanged,
Trafo,5637,TR-A,MERSİN3,unchanged,
Trafo,5638,OTR-1,TAŞOLUK,unchanged,
Trafo,5639,OTR-2,TAŞOLUK,unchanged,
Trafo,5640,TR-A,ADATOPRAKPINAR,unchanged,
Trafo,5645,TR-C,GERKONSAN,unchanged,
Trafo,5646,TR-A,ÇERKEZKÖY ENERJİ TM,unchanged,
Trafo,5647,TR-B,ÇERKEZKÖY ENERJİ TM,unchanged,
Trafo,5648,TR-B,MERSİN3,updated,Normal İşletme Durumu
Trafo,5649,TR-B,ORHANELİ,updated,Normal İşletme Durumu
Trafo,5650,TR-C,ALİAĞA1 GİS,unchanged,
Trafo,5651,TR-D,ALİAĞA1 GİS,unchanged,
Trafo,5653,TR-A,ŞANLIURFA OSB,unchanged,
Trafo,5654,B-OTR-3,TEMELLİ,updated,Normal İşletme Durumu
Trafo,5655,TR-A,SURUÇ,updated,Normal İşletme Durumu
Trafo,5656,TR-A,KARAKÖPRÜ,unchanged,
Trafo,5658,TR-A,GİRESUN,unchanged,
Trafo,5662,TR-A,YARDIMCI,updated,Normal İşletme Durumu
Trafo,5664,TR-A,KİRAZLI RES,unchanged,
Trafo,5666,TR-A,ÇAĞÇAĞ,unchanged,
Trafo,5667,TR-A,SELİMPAŞA MOBİL,updated,ONAN Gücü (MVA)
Trafo,5671,TR-B,TİRE,unchanged,
Trafo,5672,TR-D,PETLAS,unchanged,
Trafo,5673,TR-A,ALAŞEHİR,unchanged,
Trafo,5674,TR,ILISU HES,unchanged,
Trafo,5676,TR-A,LİCE,unchanged,
Trafo,5679,TR-B,KARACABEY,unchanged,
Trafo,5680,TR-A,ÇORUM2,unchanged,
Trafo,5682,TR-B,DİNAR,unchanged,
Trafo,5683,TR-C,TAŞOLUK,unchanged,
Trafo,5684,C-TR-5,ELGÜN,updated,Normal İşletme Durumu
Trafo,5685,TR-B,BOĞAZLIYAN,unchanged,
Trafo,5686,TR-A,ŞİLE,unchanged,
Trafo,5689,TR-B,KÖSEKÖY,unchanged,
Trafo,5690,B-OTR-3,BÖLÜCEK,unchanged,
Trafo,5694,TR-C,VİRANŞEHİR,unchanged,
Trafo,5695,A-OTR-2,ZEUGMA,unchanged,
Trafo,5696,TR-A,ÇANAKKALE,unchanged,
Trafo,5699,TR-C,ERDEMLİ,unchanged,
Trafo,5700,TR-C,ATIŞALANI,unchanged,
Trafo,5701,TR-A,AKSARAY İSTANBUL,unchanged,
Trafo,5702,TR-B,AKSARAY İSTANBUL,unchanged,
Trafo,5703,TR-C,AKSARAY İSTANBUL,unchanged,
Trafo,5704,TR-D,AKSARAY İSTANBUL,unchanged,
Trafo,5705,TR-B,AKBÜK,unchanged,
Trafo,5706,TR-B,GİRESUN,unchanged,
Trafo,5707,TR-A,İKİTELLİ,unchanged,
Trafo,5708,TR-A,CİZRE,unchanged,
Trafo,5709,TR-B,LÜLEBURGAZ,unchanged,
Trafo,5715,TR-A,ÇİNE,unchanged,
Trafo,5716,TR-B,ÇİNE,unchanged,
Trafo,5717,TR-B,AFYON3,unchanged,
Trafo,5718,TR-B,ALAKOVA,unchanged,
Trafo,5719,B-OTR-4,KÖYLÜKÖY,unchanged,
Trafo,5721,TR-B,EĞİRDİR YUSUF ÖZDEMİR,updated,Normal İşletme Durumu
Trafo,5722,TR-B,EŞMEKAYA,unchanged,
Trafo,5723,TR-A,ISPARTA,unchanged,
Trafo,5724,TR-C,ALSANCAK GİS,unchanged,
Trafo,5726,TR-C,UŞAK OSB,unchanged,
Trafo,5727,TR-B,ERENKÖY,unchanged,
Trafo,5728,TR-B,SELÇUK,unchanged,
Trafo,5730,TR-A,AKYAKA,unchanged,
Trafo,5731,TR-A,KIZILIRMAK,unchanged,
Trafo,5732,TR-B,KIZILIRMAK,unchanged,
Trafo,5733,TR-C,ALÇUK,unchanged,
Trafo,5734,TR-D,ALÇUK,unchanged,
Trafo,5735,TR-B,DİYARBAKIR2,unchanged,
Trafo,5736,TR-A,SARUHANLI,unchanged,
Trafo,5737,A-OTR-2,ELGÜN,unchanged,
Trafo,5738,TR-1,DDY GAZİRAY,unchanged,
Trafo,5739,TR-2,DDY GAZİRAY,unchanged,
Trafo,5740,A-OTR-1,RAFİNERİ,unchanged,
Trafo,5741,B-OTR-4,KAYSERİ KAPASİTÖR,unchanged,
Trafo,5744,TR-C,DİLER ÇELİK,unchanged,
Trafo,5745,TR-A,DENİZLİ3,unchanged,
Trafo,5746,A-OTR-1,ALTINORDU,unchanged,
Trafo,5747,TR-A,BOZDOĞAN,unchanged,
Trafo,5749,A-OTR-1,İZMİR HAVZA,unchanged,
Trafo,5750,B-OTR-4,İZMİR HAVZA,unchanged,
Trafo,5751,TR-A,İZMİR HAVZA,unchanged,
Trafo,5752,TR-B,SENDİREMEKE,unchanged,
Trafo,5754,TR-2,İZDEMİR TES,unchanged,
Trafo,5755,TR-D,SELİMİYE,unchanged,
Trafo,5756,TR-B,KEÇİBORLU,unchanged,
Trafo,5758,B-OTR-3,ÇARŞAMBA,unchanged,
Trafo,5759,TR-B,ALAÇATI,unchanged,
Trafo,5760,TR-A,MEYDANCIK HAVZA,unchanged,
Trafo,5761,TR-B,MEYDANCIK HAVZA,unchanged,
Trafo,5762,"6,3 kV TR-1",ÇAYIRHAN TES,unchanged,
Trafo,5763,"6,3 kV TR-2",ÇAYIRHAN TES,unchanged,
Trafo,5765,TR-A,URLA1,unchanged,
Trafo,5766,TR-B,KARSAK,unchanged,
Trafo,5767,TR-B,BEYŞEHİR,unchanged,
Trafo,5768,TR-A,ALAPLI,unchanged,
Trafo,5769,TR-B,ALAPLI,unchanged,
Trafo,5770,TR-A,BOLU1,unchanged,
Trafo,5771,TR-3,LODOS RES,unchanged,
Trafo,5772,TR-A,UZUNKÖPRÜ,unchanged,
Trafo,5773,TR-A,BANDIRMA,unchanged,
Trafo,5774,TR-B,ZEYTİNLİ,unchanged,
Trafo,5775,OTR-3,KIZILOT,unchanged,
Trafo,5776,TR-A,KIZILOT,unchanged,
Trafo,5777,TR-A,YAZIHAN HAVZA,unchanged,
Trafo,5779,TR-A,KIZKALESİ,unchanged,
Trafo,5782,TR-B,SAMANDAĞ,unchanged,
Trafo,5783,TR-A,ÖRLEMİŞ RES,unchanged,
Trafo,5784,B-OTR-3,BURSA DGKÇS,unchanged,
Trafo,5785,TR-B,KARASU,unchanged,
Trafo,5787,TR-A,YUKARI MANAHOZ,unchanged,
Trafo,5788,TR-A,NACARLI,unchanged,
Trafo,5789,TR-A,YENİDERE HAVZA,unchanged,
Trafo,5790,YOL VERME,ORHANELİ TES,unchanged,
Trafo,5791,TR-B,TÜRKGÜCÜ,unchanged,
Trafo,5792,TR-B,TEFENNİ,unchanged,
Trafo,5793,TR-A,VİZE 2 RES,unchanged,
Trafo,5797,TR-B,KIYIKÖY RES (KIRKLARELİ),unchanged,
Trafo,5798,TR-A,ERCİŞ,unchanged,
Trafo,5799,TR-A,ERZİNCAN,unchanged,
Trafo,5801,TR-A,ADIGÜZEL HES,unchanged,
Trafo,5802,TR-B,ONDOKUZMAYIS,unchanged,
Trafo,5803,TR-A,BAFA RES,unchanged,
Trafo,5805,TR-A,BULANCAK,unchanged,
Trafo,5806,TR-B,BULANCAK,unchanged,
Trafo,5809,TR-A,ULUCAK,unchanged,
Trafo,5810,TR-B,YÜKSEKOVA,unchanged,
Trafo,5811,TR-A,SEYMEN BES,unchanged,
Trafo,5812,TR-B,SARUHANLI,unchanged,
Trafo,5813,TR-A,KARLITEPE RES,unchanged,
Trafo,5814,TR-B,AMASYA,unchanged,
Trafo,5816,TR-A,EVRENCİK RES,unchanged,
Trafo,5817,TR-B,EVRENCİK RES,unchanged,
Trafo,5820,TR-A,BAĞLAMA RES,unchanged,
Trafo,5823,TR-C,GAZİANTEP,unchanged,
Trafo,5824,TR-A,KARAPINAR ACIGÖL GES,unchanged,
Trafo,5825,TR-B,KARAPINAR ACIGÖL GES,unchanged,
Trafo,5826,TR-B,TERME,unchanged,
Trafo,5828,TR-A,BULANIK,unchanged,
Trafo,5829,TR-B,KULA,unchanged,
Trafo,5830,TR-B,ÜMİTKÖY,unchanged,
Trafo,5831,TR-A,NURSAN,unchanged,
Trafo,5832,TR-B,NURSAN,unchanged,
Trafo,5833,TR-A,TEKSİN GES,unchanged,
Trafo,5834,TR-A,KAHTA,unchanged,
Trafo,5835,TR-B,KAHTA,unchanged,
Trafo,5837,TR-6,ANDIRIN,unchanged,
Trafo,5838,TR-A,ACIPAYAM,unchanged,
Trafo,5840,TR-B,TAKSAN,unchanged,
Trafo,5841,TR-A,KUYULUKOYAK RES,unchanged,
Trafo,5842,A-OTR-1,ÇAN HAVZA,unchanged,
Trafo,5843,B-OTR-3,ÇAN HAVZA,unchanged,
Trafo,5844,TR-A,ÇAN HAVZA,unchanged,
Trafo,5845,TR-B,ÇAN HAVZA,unchanged,
Trafo,5846,TR-A,HADIMKÖY,unchanged,
Trafo,5848,TR-A,CUMAYERİ,unchanged,
Trafo,5849,TR-A,EDEBEY,unchanged,
Trafo,5850,TR-B,EDEBEY,unchanged,
Trafo,5851,TR-A,MERSİNLİ RES,unchanged,
Trafo,5852,TR-A,SİBEL RES,unchanged,
Trafo,5853,TR-B,SİBEL RES,unchanged,
Trafo,5854,TR-A,ÇAMINBAŞI RES,unchanged,
Trafo,5858,TR-1,SAROS RES,unchanged,
Trafo,5859,TR-2,SAROS RES,unchanged,
Trafo,5862,TR-A,GÖKZİRVE RES,unchanged,
Trafo,5863,TR-A,GAZİ-9 RES,unchanged,
Trafo,5864,TR-A,TERCAN,unchanged,
Trafo,5865,TR-A,MAREN,updated,Bağlantı Türü
Trafo,5866,TR-A,KUŞADASI RES,unchanged,
Trafo,5867,TR-B,KUŞADASI RES,unchanged,
Trafo,5868,TR-A,PASİNLER HAVZA,unchanged,
Trafo,5870,TR-A,BAHRİBABA,unchanged,
Trafo,5871,TR-B,BAHRİBABA,unchanged,
Trafo,5872,TR-A,GÜNEY-1 RES,unchanged,
Trafo,5873,TR-D,İSAKÖY,unchanged,
Trafo,5874,TR-C,AKYEL 1 RES,updated,Adı
Trafo,5875,TR-B,AKYEL 1 RES,updated,Adı
Trafo,5876,TR-7,SEYİTÖMER TES,unchanged,
Trafo,5877,TR-A,VAN ARISU GES,unchanged,
Trafo,5878,YOL VERME2,SEYİTÖMER TES,unchanged,
Trafo,5879,TR-A,YENİKÖY RES,unchanged,
Trafo,5881,TR-A,PAZARKÖY RES,unchanged,
Trafo,5882,TR-C,YEŞİLVADİ,unchanged,
Trafo,5883,TR-A,KARTAL RES,unchanged,
Trafo,5884,TR-A,ÇİVRİL,unchanged,
Trafo,5885,TR-A,SELİMİYE RES,unchanged,
Trafo,5886,TR-B,GAZİOSMANPAŞA RES,unchanged,
Trafo,5887,TR-A,TAYAKADIN RES,unchanged,
Trafo,5890,TR-C,GEZENDE HES,unchanged,
Trafo,5891,TR-B,YUNAK,unchanged,
Trafo,5896,TR-1,SERTAVUL RES,unchanged,
Trafo,5897,TR-A,ULU RES,unchanged,
Trafo,5898,TR-A,ATAKALE RES,unchanged,
Trafo,5900,TR-A,MADEN,unchanged,
Trafo,5901,TR-A,ŞAPDAĞI RES,unchanged,
Trafo,5904,TR-B,ALACA,unchanged,
Trafo,5905,TR-A,GÖKTEPE RES,unchanged,
Trafo,5906,TR-A,GÜMÜŞHANE,unchanged,
Trafo,5908,TR-A,HINIS,unchanged,
Trafo,5909,TR-A,İSCEHİSAR,unchanged,
Trafo,5910,TR-B,İSCEHİSAR,updated,Normal İşletme Durumu
Trafo,5911,TR-B,KAYAŞ,unchanged,
Trafo,5912,TR-A,ERGAN,unchanged,
Trafo,5914,OTR-2,EREĞLİ KONYA,unchanged,
Trafo,5915,TR-A,ALTINOVA,unchanged,
Trafo,5916,TR-B,GEBZE KİMYA,unchanged,
Trafo,5918,TR-A,AYVACIK,unchanged,
Trafo,5920,TR-A,TAŞPINAR RES,unchanged,
Trafo,5921,TR-B,TAŞPINAR RES,unchanged,
Trafo,5922,TR-B,BAHÇELİEVLER,unchanged,
Trafo,5923,TR-B,AŞKALE,unchanged,
Trafo,5924,TR-B,BAYAT HAVZA,unchanged,
Trafo,5925,TR-A,BOZÜYÜK RES,removed-from-source,
Trafo,5926,TR-B,BOZÜYÜK RES,removed-from-source,
Trafo,5927,TR-B,TAVAS,unchanged,
Trafo,5928,TR-A,ZONGULDAK RES,unchanged,
Trafo,5929,TR-B,ZONGULDAK RES,unchanged,
Trafo,5930,TR-A,ADAPAZARI RES,unchanged,
Trafo,5931,TR-B,ADAPAZARI RES,unchanged,
Trafo,5932,TR-A,ÖMERLİ RES,unchanged,
Trafo,5933,TR-B,ÖMERLİ RES,unchanged,
Trafo,5934,TR-A,ŞİLE RES,unchanged,
Trafo,5936,TR-B,BANDIRMA,unchanged,
Trafo,5937,TR-A,KANDIRA RES,unchanged,
Trafo,5939,TR-A,YAKINKENT,unchanged,
Trafo,5940,TR-A,ARAKLI,unchanged,
Trafo,5941,TR-B,UŞAK 380,unchanged,
Trafo,5942,TR-A,KAYABAŞI,unchanged,
Trafo,5943,TR-A,TATLIPINAR RES,unchanged,
Trafo,5946,TR-B,MAÇKA HAVZA,updated,Normal İşletme Durumu
Trafo,5948,TR-B,FERİZLİ OSB,unchanged,
Trafo,5949,TR-B,KAYSERİ KAPASİTÖR,unchanged,
Trafo,5950,TR-B,SANDIKLI,unchanged,
Trafo,5951,TR-A,YIĞILCA ÇİMENTO,unchanged,
Trafo,5953,TR-A,YENİ SİVAS,unchanged,
Trafo,5954,TR-B,ALANBAŞI HAVZA,unchanged,
Trafo,5955,TR-B,İKİZDERE HAVZA,unchanged,
Trafo,5956,TR-B,GELİBOLU,unchanged,
Trafo,5957,TR-C,BAHÇEŞEHİR,unchanged,
Trafo,5958,TR-B,TAŞUCU,unchanged,
Trafo,5960,TR-B,MİSİS,unchanged,
Trafo,5963,TR-A,SENDİREMEKE,unchanged,
Trafo,5965,TR-B,ÇEKEREK HAVZA,unchanged,
Trafo,5967,TR-A,ARDEŞEN,unchanged,
Trafo,5968,TR-5,BEYKENT OSB,unchanged,
Trafo,5972,B-OTR-4,REŞADİYE,unchanged,
Trafo,5974,TR-A,BOZKURT HAVZA,unchanged,
Trafo,5975,TR-B,PASİNLER HAVZA,unchanged,
Trafo,5976,TR-B,ARDANUÇ,unchanged,
Trafo,5977,TR-B,KAYABAŞI,unchanged,
Trafo,5978,TR-B,GÖYNÜK HAVZA,unchanged,
Trafo,5979,TR-B,BİZNA HAVZA,unchanged,
Trafo,5980,TR-B,CUMAYERİ,unchanged,
Trafo,5983,TR-B,AKŞEHİR,unchanged,
Trafo,5984,TR-B,ALTINOVA,unchanged,
Trafo,5985,B-OTR-3,ALTINORDU,unchanged,
Trafo,5986,TR-B,DEMİRKÖY,unchanged,
Trafo,5987,TR-A,İYİDERE,unchanged,
Trafo,5988,TR-A,ŞARKIŞLA,unchanged,
Trafo,5989,TR-A,ÇATALCA,unchanged,
Trafo,5990,TR-B,ÇATALCA,unchanged,
Trafo,5991,TR-B,VİZE HAVZA,unchanged,
Trafo,5992,B-OTR-4,PAŞAKÖY,unchanged,
Trafo,5993,TR-B,BÜYÜKDÜZ HAVZA,unchanged,
Trafo,5994,TR-B,GÖLPAZARI,unchanged,
Trafo,5995,TR-B,AKYAKA,unchanged,
Trafo,5996,TR-A,ORTAKÖY,unchanged,
Trafo,5997,TR-B,KONYA KUZEY,unchanged,
Trafo,5998,TR-A,MARMARİS 2,unchanged,
Trafo,5999,TR-B,SAFRANBOLU,unchanged,
Trafo,6000,TR-A,ASİLDEMİR ÇELİK,unchanged,
Trafo,6001,TR-B,ASİLDEMİR ÇELİK,unchanged,
Trafo,6003,TR-A,ÇUMRA,unchanged,
Trafo,6004,B-OTR-4,TİREBOLU,unchanged,
Trafo,6005,TR-A,BİRECİK,unchanged,
Trafo,6007,TR-B,KIZILOT,unchanged,
Trafo,6008,TR-D,ÇERKEZKÖY OSB,unchanged,
Trafo,6010,OTR-1,KIZILOT,unchanged,
Trafo,6013,TR-B,MERZİFON,unchanged,
Trafo,6014,TR-A,KARAMAN OSB,unchanged,
Trafo,6015,TR-B,KALKANDERE,unchanged,
Trafo,6016,TR-B,ADATOPRAKPINAR,unchanged,
Trafo,6017,TR-A,KUZEYŞEHİR,unchanged,
Trafo,6018,TR-B,KUZEYŞEHİR,unchanged,
Trafo,6019,TR-A,TAŞLICA,unchanged,
Trafo,6020,TR-B,TAŞLICA,unchanged,
Trafo,6021,TR-D,ELBEYLİ,unchanged,
Trafo,6022,TR-A,KIZÖREN,unchanged,
Trafo,6023,TR-B,BEYPAZARI,unchanged,
Trafo,6024,TR-A,MERZİFON,unchanged,
Trafo,6025,TR-A,FİNİKE,unchanged,
Trafo,6026,TR-A,DİKMEN1,updated,Normal İşletme Durumu
Trafo,6027,TR-D,BALIKESİR SEKA,unchanged,
Trafo,6028,TR-A,DALAMAN,unchanged,
Trafo,6029,TR-B,BARTIN,unchanged,
Trafo,6030,TR-A,KAYNARCA,unchanged,
Trafo,6032,TR-B,ADİLCEVAZ,updated,Normal İşletme Durumu
Trafo,6033,TR-A,TUZGÖLÜ GEÇİCİ,unchanged,
Trafo,6038,TR-B,ÇÖLOVASI,unchanged,
Trafo,6039,TR-A,AKYURT,unchanged,
Trafo,6040,TR-A,KÖYLÜKÖY,updated,Normal İşletme Durumu
Trafo,6041,TR-A,KARAHALLI,unchanged,
Trafo,6042,TR-B,BUCAK,unchanged,
Trafo,6043,TR-A,SÖKE,unchanged,
Trafo,6045,A-OTR-2,MERSİN380,unchanged,
Trafo,6046,B-OTR-4,CİZRE,unchanged,
Trafo,6047,TR-B,GÖLMARMARA,unchanged,
Trafo,6048,TR-B,YAZIHAN HAVZA,unchanged,
Trafo,6049,TR-A,DATÇA,unchanged,
Trafo,6050,TR-C,PEKMEZLİ,updated,Normal İşletme Durumu
Trafo,6051,TR-D,YENİKÖY TES,unchanged,
Trafo,6052,TR-A,ERDEK,unchanged,
Trafo,6054,TR-A,KADİRLİ,unchanged,
Trafo,6057,TR-B,YILDIZ,unchanged,
Trafo,6058,TR-A,KÜTÜKLÜ GEÇİCİ,unchanged,
Trafo,6059,TR-A,ALTINORDU,unchanged,
Trafo,6060,TR-B,YATAĞAN TES,unchanged,
Trafo,6061,TR-B,TOROSLAR,unchanged,
Trafo,6062,TR-B,BİGADİÇ,unchanged,
Trafo,6063,TR-B,GEZENDE HES,unchanged,
Trafo,6064,TR-B,BANAZ,unchanged,
Trafo,6065,TR-A,PATNOS,unchanged,
Trafo,6066,TR-B,SAMSUN2,unchanged,
Trafo,6068,TR-B,ILGIN,unchanged,
Trafo,6069,TR-A,OVACIK HAVZA,updated,Normal İşletme Durumu
Trafo,6070,TR-3,KAVACIK,updated,Adı
Trafo,6071,TR-5,KAVACIK,updated,Adı
Trafo,6072,TR-B,HINIS,unchanged,
Trafo,6073,TR-B,ÇİFTELER,unchanged,
Trafo,6074,TR-A,BOĞAZLIYAN,unchanged,
Trafo,6076,TR-A,İNCEK,updated,Normal İşletme Durumu
Trafo,6077,TR-C,MEYDANCIK HAVZA,unchanged,
Trafo,6078,TR-B,KÖYLÜKÖY,unchanged,
Trafo,6079,TR-B,TEPEÖREN,unchanged,
Trafo,6081,TR-E,GEBZE OSB,unchanged,
Trafo,6082,TR-A,SİNCİK HAVZA,unchanged,
Trafo,6083,TR-A,BOZÜYÜK,unchanged,
Trafo,6084,TR-B,DATÇA,unchanged,
Trafo,6085,TR-A,AKŞEHİR,unchanged,
Trafo,6086,TR-B,MİSLİOVA,unchanged,
Trafo,6087,TR-2,KARAPINAR MEKE GÖLÜ GES,unchanged,
Trafo,6088,TR-3,KARAPINAR MEKE GÖLÜ GES,unchanged,
Trafo,6089,TR-A,YEŞİLHİSAR,unchanged,
Trafo,6090,TR-B,SİNCAN,unchanged,
Trafo,6091,TR-A,TAVAS,unchanged,
Trafo,6092,TR-B,GAZİPAŞA,unchanged,
Trafo,6093,TR-A,KAŞ,unchanged,
Trafo,6094,TR-B,FETHİYE,unchanged,
Trafo,6095,TR-A,MUDURNU,unchanged,
Trafo,6096,TR-A,ÇANKIRI,unchanged,
Trafo,6097,TR-B,LADİK ÇİMENTO,unchanged,
Trafo,6098,TR-A,TAŞKÖPRÜ,unchanged,
Trafo,6099,TR-B,ŞİLE,unchanged,
Trafo,6100,TR-A,MUĞLA GÜNEY,unchanged,
Trafo,6101,TR-B,MUĞLA GÜNEY,unchanged,
Trafo,6102,TR-B,AKORSAN,unchanged,
Trafo,6103,TR-B,BORNOVA380,unchanged,
Trafo,6104,TR-A,ORDU,unchanged,
Trafo,6105,TR-C,BÜSAN,unchanged,
Trafo,6106,TR-B,ULUDERE,unchanged,
Trafo,6108,TR-A,KIRKA SALİH GÜNGÖR,unchanged,
Trafo,6109,TR-B,DALAMAN,unchanged,
Trafo,6110,TR-B,KUZULUK,unchanged,
Trafo,6111,TR-A,TAKSAN,unchanged,
Trafo,6112,TR-A,BOYABAT,unchanged,
Trafo,6114,TR-B,KEPEZKAYA HAVZA,unchanged,
Trafo,6115,TR-A,BEYPAZARI,unchanged,
Trafo,6116,TR-B,GERCÜŞ,unchanged,
Trafo,6117,TR-A,KAYNAŞLI,updated,Normal İşletme Durumu
Trafo,6118,TR-B,KADİRLİ,unchanged,
Trafo,6119,TR-A,TERME,unchanged,
Trafo,6120,TR-C,ÇATES MUHAMMED DEMİREL,unchanged,
Trafo,6121,TR-A,BÜYÜKBAKKALKÖY,unchanged,
Trafo,6122,TR-A,AKKÖPRÜ,unchanged,
Trafo,6123,TR-B,AKKÖPRÜ,unchanged,
Trafo,6124,TR-C,AKKÖPRÜ,unchanged,
Trafo,6125,TR-A,EĞİRDİR YUSUF ÖZDEMİR,unchanged,
Trafo,6126,TR-B,ATIŞALANI,unchanged,
Trafo,6127,TR-A,POLATLI,unchanged,
Trafo,6128,TR-A,TOROSLAR,unchanged,
Trafo,6130,TR-B,ANDIRIN,unchanged,
Trafo,6132,TR-B,SİVRİHİSAR,updated,Normal İşletme Durumu
Trafo,6133,TR-A,SANDIKLI,unchanged,
Trafo,6134,TR-A,MORSAN,unchanged,
Trafo,6135,TR-B,SİVEREK,unchanged,
Trafo,6136,TR-B,YAKINKENT,unchanged,
Trafo,6137,TR-B,TEKİRDAĞ,unchanged,
Trafo,6138,TR-C,YUMURTALIK,unchanged,
Trafo,6139,TR-B,KAŞ,unchanged,
Trafo,6140,TR-A,DERYA2 HES,unchanged,
Trafo,6141,TR-B,KASTAMONU OSB,unchanged,
Trafo,6142,TR-A (YENİ),ŞARKÖY,unchanged,
Trafo,6143,TR-A,ESBAŞ,unchanged,
Trafo,6144,TR-B,DİKİLİ,unchanged,
Trafo,6146,TR-B,SİMAV,unchanged,
Trafo,6147,TR-A,BAĞLUM,unchanged,
Trafo,6148,TR- A (YENİ),TEGESAN,unchanged,
Trafo,6150,TR-1,İSTANBUL RES,unchanged,
Trafo,6151,TR-B,BOYABAT,unchanged,
Trafo,6152,TR-A,BİLKENT,unchanged,
Trafo,6153,TR-B,BİLKENT,unchanged,
Trafo,6154,TR-C,BİLKENT,unchanged,
Trafo,6155,TR-2,İSTANBUL RES,unchanged,
Trafo,6156,TR-C,KIRIKKALE,unchanged,
Trafo,6157,TR-A,SAMSUN2,unchanged,
Trafo,6158,TR-B,KARATAY,unchanged,
Trafo,6159,TR-A,ADIYAMAN ÇİMENTO,unchanged,
Trafo,6161,OTR-1,ÇAĞLAYAN İSTANBUL,unchanged,
Trafo,6162,TR-B,MAMAK,unchanged,
Trafo,6163,TR-A,İSMETPAŞA,updated,Normal İşletme Durumu
Trafo,6165,TR-A,TAYSEB,updated,Bağlantı Türü
Trafo,6166,TR-A,EBSO,unchanged,
Trafo,6168,TR-A,GÖKSUN,unchanged,
Trafo,6169,TR-A,ÇAĞLAYAN HAVZA,unchanged,
Trafo,6170,TR-A,CİDE,updated,Normal İşletme Durumu
Trafo,6171,TR-C,IŞIKLAR,unchanged,
Trafo,6172,TR-C,ALANYA,unchanged,
Trafo,6173,TR-A,ÇORUM1,unchanged,
Trafo,6174,TR-B,TOKAT OSB,unchanged,
Trafo,6175,TR-B,ELMALI,unchanged,
Trafo,6176,TR-B,HAVSA,unchanged,
Trafo,6177,TR-A,LADİK ÇİMENTO,unchanged,
Trafo,6179,TR-A,MUŞ,unchanged,
Trafo,6180,TR-A,ÇÖLOVASI,unchanged,
Trafo,6181,TR-A,BEYLİKKÖPRÜ,unchanged,
Trafo,6182,TR-B,ARAÇ,unchanged,
Trafo,6183,TR-A,HAYRABOLU,unchanged,
Trafo,6184,TR-B,BOZKURT HAVZA,unchanged,
Trafo,6185,TR-A,GELİBOLU RES,unchanged,
Trafo,6186,TR-A,KAVAK OSB,unchanged,
Trafo,6187,TR-B,AYANCIK,unchanged,
Trafo,6188,TR-B,EMİRLER,unchanged,
Trafo,6190,TR-B,ISPARTA,unchanged,
Trafo,6191,A-OTR-2,BOZOK,unchanged,
Trafo,6192,B-OTR-3,BOZOK,removed-from-source,
Trafo,6194,TR-A,BOZOK,unchanged,
Trafo,6195,TR-B,BOZOK,unchanged,
Trafo,6196,TR-C,ARABAN PS,unchanged,
Trafo,6197,TR-B (YENİ),ŞARKÖY,unchanged,
Trafo,6198,TR-B,ÇAĞLAYAN HAVZA,unchanged,
Trafo,6199,TR-A,OVACIK,unchanged,
Trafo,6200,TR-B,ÇANAKKALE ÇİMENTO,unchanged,
Trafo,6201,TR-B,KAZAN,unchanged,
Trafo,6202,TR-B,TERCAN,unchanged,
Trafo,6203,TR-B,GÖKSUN,unchanged,
Trafo,6204,TR-A,MUT,unchanged,
Trafo,6205,TR-B,MUT,unchanged,
Trafo,6206,TR-A,GÖLPAZARI,updated,Normal İşletme Durumu
Trafo,6207,TR-B,BAŞKALE,updated,Normal İşletme Durumu
Trafo,6208,TR-C,AFYON2,unchanged,
Trafo,6209,TR-A,HASAN ÇELEBİ,unchanged,
Trafo,6210,TR-B,HABAŞ,unchanged,
Trafo,6211,TR-A,HABAŞ,unchanged,
Trafo,6212,TR-A,KURŞUNLU,unchanged,
Trafo,6213,TR-A,KASTAMONU OSB,unchanged,
Trafo,6214,TR-A,KÜRE,unchanged,
Trafo,6215,TR-B,ERBAA,unchanged,
Trafo,6216,TR-A,KARGI,unchanged,
Trafo,6217,TR-B,AKKUŞ HAVZA,unchanged,
Trafo,6219,TR-B,HANKENDİ,unchanged,
Trafo,6220,TR-B,ŞEBİNKARAHİSAR,unchanged,
Trafo,6221,TR-B,ARTVİN,unchanged,
Trafo,6222,TR-C,ELBEYLİ,unchanged,
Trafo,6223,TR-A,ELBEYLİ,updated,Normal İşletme Durumu
Trafo,6224,TR-B,ELBEYLİ,unchanged,
Trafo,6225,TR-A,POSOF HAVZA,unchanged,
Trafo,6226,TR-B,AKDAĞ MADENİ,unchanged,
Trafo,6227,TR-A,YILDIZ,unchanged,
Trafo,6228,TR-A,KALECİK,unchanged,
Trafo,6229,TR-B,ARAPGİR HAVZA,unchanged,
Trafo,6230,TR-B,ŞARKIŞLA,unchanged,
Trafo,6231,TR-A,HABAŞ BİLECİK,unchanged,
Trafo,6232,TR-B,HABAŞ BİLECİK,unchanged,
Trafo,6233,TR-A,GÜRAĞAÇ,unchanged,
Trafo,6234,TR-B,GAZİANTEP,unchanged,
Trafo,6235,TR-B,İSMETPAŞA,unchanged,
Trafo,6236,TR-B,KOZAN,unchanged,
Trafo,6237,TR-A,TAŞUCU,unchanged,
Trafo,6238,TR-A,BAHÇE,unchanged,
Trafo,6239,TR-A,BERKE HES,unchanged,
Trafo,6240,TR-B,TOPKAPI,unchanged,
Trafo,6241,TR-A,SİMAV,updated,Normal İşletme Durumu
Trafo,6242,OTR-5,BARTIN OSB,unchanged,
Trafo,6244,TR-B,KOZAN HAVZA,updated,Normal İşletme Durumu
Trafo,6245,TR-B,KALABA,unchanged,
Trafo,6246,TR-D,KARAKAYA HES,unchanged,
Trafo,6247,TR-A,KARSAK,unchanged,
Trafo,6248,TR-B,OTLUCA HES,updated,Normal İşletme Durumu
Trafo,6249,TR-A,GEDİZ,updated,Normal İşletme Durumu
Trafo,6250,TR-B,VEZİRKÖPRÜ,unchanged,
Trafo,6251,TR-A,AĞRI2,unchanged,
Trafo,6252,TR-B,EMET,unchanged,
Trafo,6253,TR-A,TEPEÖREN,unchanged,
Trafo,6255,TR-B,YİBİTAŞ,unchanged,
Trafo,6256,TR-B,KARAKOÇAN,unchanged,
Trafo,6257,TR-A,KALABA,unchanged,
Trafo,6258,TR-D,ÇİNKUR,unchanged,
Trafo,6259,TR-A,MAMAK,unchanged,
Trafo,6260,TR-B,KARGI,unchanged,
Trafo,6261,TR-B,MADEN,unchanged,
Trafo,6262,A-OTR-1,ÜRGÜP,unchanged,
Trafo,6263,B-OTR-3,ÜRGÜP,unchanged,
Trafo,6264,TR-A,ÜRGÜP,unchanged,
Trafo,6265,TR-B,ÜRGÜP,unchanged,
Trafo,6266,TR-A,KÖSE,unchanged,
Trafo,6267,TR-B,KÖSE,unchanged,
Trafo,6268,A-OTR-1,KÖSE,unchanged,
Trafo,6269,B-OTR-3,KÖSE,unchanged,
Trafo,6270,TR-B,SİVAS,unchanged,
Trafo,6271,TR-B,KAVAK OSB,unchanged,
Trafo,6272,TR-B,ORTAKLAR OSB,unchanged,
Trafo,6273,TR-1,KARAPINAR MEKE GÖLÜ GES,unchanged,
Trafo,6274,TR-B,KIRLIK,unchanged,
Trafo,6275,TR-A,ANKARA SANAYİ,unchanged,
Trafo,6276,TR-B (YENİ),TEGESAN,unchanged,
Trafo,6277,TR-B,YARIMCA2,unchanged,
Trafo,6278,TR-B,BOLU2,unchanged,
Trafo,6279,TR-B,BALGAT,unchanged,
Trafo,6280,TR-B,KURŞUNLU,unchanged,
Trafo,6281,TR-B (YENİ),KIYIKÖY,unchanged,
Trafo,6282,TR-A,ŞEREFLİKOÇHİSAR,unchanged,
Trafo,6283,TR-A,OLTU,unchanged,
Trafo,6284,TR-A,AKKUŞ HAVZA,unchanged,
Trafo,6285,TR-B,SİVAS OSB,unchanged,
Trafo,6286,TR-B,YERKÖY,unchanged,
Trafo,6287,TR-A,DEMİRCİ,unchanged,
Trafo,6288,TR-B,DEMİRCİ,unchanged,
Trafo,6289,TR-B,CİDE,unchanged,
Trafo,6290,TR-A,AKKUYU NGS INS,unchanged,
Trafo,6291,TR-B,HAYRABOLU,updated,Normal İşletme Durumu
Trafo,6292,TR-D (YENİ),SULTANMURAT,unchanged,
Trafo,6293,TR-B (YENİ),ENEZ,unchanged,
Trafo,6294,TR-A,GELENDOST,unchanged,
Trafo,6295,TR-A,NİĞDE OSB,unchanged,
Trafo,6296,TR-A,YİBİTAŞ,unchanged,
Trafo,6297,TR-A,EMET,updated,Normal İşletme Durumu
Trafo,6298,TR-A,KANGAL TES,unchanged,
Trafo,6299,TR-A,KOZAN,unchanged,
Trafo,6300,TR-B,OVACIK HAVZA,unchanged,
Trafo,6301,TR-A,ESENBOĞA,unchanged,
Trafo,6302,TR-B,TAŞKÖPRÜ,unchanged,
Trafo,6303,TR-B,ACIPAYAM,unchanged,
Trafo,6304,TR-A,SALİHLİ OSB,unchanged,
Trafo,6305,TR-B,SALİHLİ OSB,unchanged,
Trafo,6306,TR-B,KAYNARCA,unchanged,
Trafo,6307,TR-B,İNEBOLU,unchanged,
Trafo,6308,TR-B,KÜRE,unchanged,
Trafo,6309,TR-A,ÇANAKKALE ÇİMENTO,unchanged,
Trafo,6310,TR-A,BAŞKALE,unchanged,
Trafo,6311,TR-A,BORÇKA HES,unchanged,
Trafo,6312,TR-C,NARİNKALE HAVZA,unchanged,
Trafo,6313,TR-B,KIRKA SALİH GÜNGÖR,unchanged,
Trafo,6314,TR-C,DALAMAN,unchanged,
Trafo,6315,TR-A,KUMLİMANI,unchanged,
Trafo,6316,TR-A,KARAKOÇAN,unchanged,
Trafo,6317,TR-A,ERBAA,unchanged,
Trafo,6318,TR-A,HEREKE,unchanged,
Trafo,6323,TR-D,KURTKÖY,unchanged,
Trafo,6324,TR-A,YUNAK,unchanged,
Trafo,6325,TR-A,KEÇİBORLU,unchanged,
Trafo,6326,TR-A,KOTANA HAVZA,unchanged,
Trafo,6327,TR-B,KARMA OSB,unchanged,
Trafo,6328,TR-B,GELENDOST,unchanged,
Trafo,6329,TR-B,BAĞIŞTAŞ,unchanged,
Trafo,6330,TR-B,HASAN ÇELEBİ,unchanged,
Trafo,6331,TR-A,SUNGURLU OSB,unchanged,
Trafo,6332,TR-A,AVRUPA SERBEST BÖLGE,unchanged,
Trafo,6333,TR-B,ARAKLI,unchanged,
Trafo,6334,TR-B,BOR,unchanged,
Trafo,6335,TR-B,ÇAYELİ,unchanged,
Trafo,6336,TR-A,HORASAN,unchanged,
Trafo,6337,TR-B,ADIYAMAN GÖLBAŞI,unchanged,
Trafo,6338,TR-B,GEDİZ,unchanged,
Trafo,6339,TR-A,YOZGAT,unchanged,
Trafo,6340,TR-A,KARAMAN BES,unchanged,
Trafo,6341,TR-B,KARAHALLI,unchanged,
Trafo,6344,TR-B,PANCAR OSB,unchanged,
Trafo,6345,TR-A,OYMAPINAR,unchanged,
Trafo,6347,TR-A,İNEBOLU,unchanged,
Trafo,6348,TR-A,NİĞDE,unchanged,
Trafo,6349,TR-A,BOR,unchanged,
Trafo,6350,TR-B,GÜRAĞAÇ,unchanged,
Trafo,6351,TR-A,ŞABANÖZÜ OSB,unchanged,
Trafo,6352,TR-B,ŞABANÖZÜ OSB,unchanged,
Trafo,6353,TR-A,KULU,unchanged,
Trafo,6354,TR-B,SORGUN,unchanged,
Trafo,6355,TR-D,ÇATES MUHAMMED DEMİREL,unchanged,
Trafo,6357,TR-B,BAĞLUM,unchanged,
Trafo,6358,TR-A,GÖLKÖY,unchanged,
Trafo,6359,TR-B,HACILAR,unchanged,
Trafo,6360,TR-A,MACUNKÖY,unchanged,
Trafo,6361,TR-B,KIRŞEHİR,unchanged,
Trafo,6362,TR-A,KAYAŞ,updated,Normal İşletme Durumu
Trafo,6363,TR-B,ŞEREFLİKOÇHİSAR,unchanged,
Trafo,6364,TR-A,KAZAN,unchanged,
Trafo,6366,TR-A,PINARBAŞI,updated,Normal İşletme Durumu
Trafo,6367,TR-B,FEKE HAVZA,unchanged,
Trafo,6368,TR-A,GERCÜŞ,unchanged,
Trafo,6369,TR-B,OLTU,unchanged,
Trafo,6370,TR-C,KARAKAYA HES,unchanged,
Trafo,6371,TR-C,MİSİS,unchanged,
Trafo,6372,TR-A,ANTALYA SERBEST BÖLGE,unchanged,
Trafo,6373,TR-B,ZARA,unchanged,
Trafo,6374,TR-A,BOZKURT,unchanged,
Trafo,6375,TR-A,HADİM,unchanged,
Trafo,6376,TR-A,BATMAN1,unchanged,
Trafo,6377,TR-A(YENİ),DEMİRKÖY,unchanged,
Trafo,6378,TR-B,KIŞLAKÖY,unchanged,
Trafo,6379,TR-B,ALADAĞ,unchanged,
Trafo,6380,TR-A,ADİLCEVAZ,unchanged,
Trafo,6381,TR-B,ESENBOĞA,unchanged,
Trafo,6382,TR-A,ARTVİN,unchanged,
Trafo,6383,TR-A,NEVŞEHİR,unchanged,
Trafo,6385,A-OTR-2,TEMELLİ,unchanged,
Trafo,6387,TR-A,VAKFIKEBİR,unchanged,
Trafo,6388,Stand-By TR,HUNUTLU TES,unchanged,
Trafo,6389,TR-A,ÖRNEK MOBİL,updated,ONAN Gücü (MVA)
Trafo,6390,TR-B,URLA1,unchanged,
Trafo,6391,TR-C,KILAVUZLU,unchanged,
Trafo,6392,TR-A,ARAPGİR HAVZA,unchanged,
Trafo,6393,TR-B,BAHÇE,unchanged,
Trafo,6395,TR-A,DEMİRDAĞ,unchanged,
Trafo,6396,TR-B,KOVANLIK HAVZA,unchanged,
Trafo,6397,TR-B,KULU,unchanged,
Trafo,6398,TR-A,SİVAS,unchanged,
Trafo,6399,TR-A,UŞAK 380,updated,Normal İşletme Durumu
Trafo,6400,TR-3,DİLİSKELESİ GİS,unchanged,
Trafo,6401,TR-B,TUNCELİ,unchanged,
Trafo,6402,A-OTR-2,ANTALYA SERBEST BÖLGE,unchanged,
Trafo,6403,TR-A,ESKİŞEHİR2,unchanged,
Trafo,6404,TR-A,VEZİRKÖPRÜ,unchanged,
Trafo,6405,TR-A,ZARA,unchanged,
Trafo,6406,TR-A,TURHAL,unchanged,
Trafo,6407,TR-B,KAYNAŞLI,unchanged,
Trafo,6408,TR-A,VİZE HAVZA,unchanged,
Trafo,6410,TR-B,POSOF HAVZA,unchanged,
Trafo,6411,TR-A,AKÇAKOCA,updated,Normal İşletme Durumu
Trafo,6413,A-OTR-1,SIRRIN,unchanged,
Trafo,6414,TR-B,ALTINTAŞ,unchanged,
Trafo,6415,A-OTR-2,KAYAŞ,unchanged,
Trafo,6418,A-OTR-2,SUGÖZÜ TES,unchanged,
Trafo,6419,A-OTR-2,ÇAN HAVZA,unchanged,
Trafo,6420,TR-A,TOSYA,updated,Normal İşletme Durumu
Trafo,6421,OTR-1,DİLİSKELESİ GİS,unchanged,
Trafo,6422,OTR-2,DİLİSKELESİ GİS,unchanged,
Trafo,6424,TR-A,NARLIDERE,unchanged,
Trafo,6425,TR-B,NARLIDERE,unchanged,
Trafo,6426,TR-A,ARDAHAN,unchanged,
Trafo,6427,TR-A,ALADAĞ,updated,Normal İşletme Durumu
Trafo,6428,TR-B,ERDEK,unchanged,
Trafo,6429,TR-B (YENİ),KASIMPAŞA,updated,Normal İşletme Durumu
Trafo,6430,A-OTR-1,PAMUKKALE,unchanged,
Trafo,6431,B-OTR-3,PAMUKKALE,unchanged,
Trafo,6432,TR-C,FETHİYE,unchanged,
Trafo,6433,TR-A,PAMUKKALE,unchanged,
Trafo,6435,TR-B,PAMUKKALE,unchanged,
Trafo,6436,TR-C,BALIKESİR SEKA,unchanged,
Trafo,6438,TR-B,MUDURNU,unchanged,
Trafo,6440,B-OTR-4,ESKİŞEHİR3,unchanged,
Trafo,6441,TR-A,AKDAĞ MADENİ,unchanged,
Trafo,6442,TR-A,OTLUCA HES,unchanged,
Trafo,6443,TR-A (YENİ),TOPKAPI,unchanged,
Trafo,6444,TR-B,KOZLU,unchanged,
Trafo,6445,TR-B,ORHANGAZİ,unchanged,
Trafo,6446,TR-B,BERKE HES,unchanged,
Trafo,6447,TR-B,AKÇAKOCA,unchanged,
Trafo,6448,TR-C,ALMAK VEYSİ AKYÜZ,unchanged,
Trafo,6449,TR-A,MANYAS,unchanged,
Trafo,6451,TR-A(YENİ),HAVSA,unchanged,
Trafo,6452,TR-4,KARAPINAR MEKE GÖLÜ GES,unchanged,
Trafo,6453,TR-A,KALEALTI HES-1,unchanged,
Trafo,6454,TR-A (YENİ),ENEZ,unchanged,
Trafo,6455,A-OTR-1,REŞADİYE,unchanged,
Trafo,6457,TR-A,ŞİŞLİ,unchanged,
Trafo,6458,TR-3,TUNÇBİLEK A TES,unchanged,
Trafo,6459,TR-B,KİLİS,unchanged,
Trafo,6460,TR-A,YUMURTALIK,unchanged,
Trafo,6461,TR-B (YENİ),VELİEFENDİ,unchanged,
Trafo,6462,TR-A,SİLVAN,unchanged,
Trafo,6463,B-OTR-4,KOCAELİ,unchanged,
Trafo,6465,TR-B,GREENECO JES 5,unchanged,
Trafo,6466,TR-A,GREENECO JES 5,unchanged,
Trafo,6467,TR-A,KILAVUZLU,unchanged,
Trafo,6468,TR-B,KILAVUZLU,unchanged,
Trafo,6469,B-OTR-3,KIZILTEPE SERKAN AY,updated,Trafo Merkezi
Trafo,6470,TR-A,AKSEKİ,unchanged,
Trafo,6471,TR-B,AKSEKİ,unchanged,
Trafo,6472,TR-A OBS-1,YENİKÖY TES,unchanged,
Trafo,6473,TR-A,KEMERBURGAZ RES,unchanged,
Trafo,6474,TR-B,BABAESKİ,unchanged,
Trafo,6475,A-OTR-2,BORNOVA380,unchanged,
Trafo,6476,TR-A,KAHRAMANMARAŞ OSB,unchanged,
Trafo,6477,B-OTR-3,TİREBOLU,unchanged,
Trafo,6478,TR-A,BERGAMA OSB,unchanged,
Trafo,6479,TR-B,BERGAMA OSB,unchanged,
Trafo,6480,TR-A,ELEŞKİRT,unchanged,
Trafo,6482,A-OTR-1,BÖLÜCEK,unchanged,
Trafo,6484,TR-1,KOÇÇELİK,unchanged,
Trafo,6485,GTR-3,İSDEMİR TES,unchanged,
Trafo,6486,GTR-4,İSDEMİR TES,unchanged,
Trafo,6487,TR-B,ESAN,unchanged,
Trafo,6489,TR-A,BEŞYÜZEVLER,unchanged,
Trafo,6490,TR-B,BEŞYÜZEVLER,unchanged,
Trafo,6491,TR-E,İSAKÖY,updated,Normal İşletme Durumu
Trafo,6492,TR-A,BAĞLAR RES,unchanged,
Trafo,6493,TR-B,KARABÜK,unchanged,
Trafo,6494,TR-C,KÖKLÜCE HES,unchanged,
Trafo,6495,TR-C,KARABÜK,unchanged,
Trafo,6496,TR-B,İKİZLER,unchanged,
Trafo,6498,TR-A,AYANCIK,unchanged,
Trafo,6499,TR-B,POLATLI,unchanged,
Trafo,6500,OTR-2,KARAKAYA HES,unchanged,
Trafo,6501,TR-B,ÇARŞAMBA,unchanged,
Trafo,6502,TR-A,KARATAY,unchanged,
Trafo,6503,TR-A,CİHANBEYLİ,unchanged,
Trafo,6504,TR-A,KIRIKKALE,unchanged,
Trafo,6506,TR-7,BAŞPINAR OSB,unchanged,
Trafo,6507,TR-A,ŞANLIURFA ÇİMENTO,unchanged,
Trafo,6508,TR-A,KILIÇLAR GİS,unchanged,
Trafo,6509,TR-B,CİHADİYE,unchanged,
Trafo,6510,TR-1,BOZKÖY GİS,updated,Bağlantı Türü
Trafo,6511,TR-2,BOZKÖY GİS,unchanged,
Trafo,6512,TR-A,HAZAR,unchanged,
Trafo,6513,TR-B,HAZAR,unchanged,
Trafo,6514,TR-C,İÇDAŞ,unchanged,
Trafo,6515,TR-A,ARHAVİ HAVZA,unchanged,
Trafo,6516,TR-B,ARHAVİ HAVZA,unchanged,
Trafo,6518,TR-A,İPEKTEPE RES,unchanged,
Trafo,6519,TR-B,TAHTALI,unchanged,
Trafo,6520,TR-A,CEYHAN2,updated,Normal İşletme Durumu
Trafo,6521,TR-C,DİKMEN1,unchanged,
Trafo,6522,TR-C,KEMER ANTALYA,unchanged,
Trafo,6523,TR-C,ADIYAMAN GÖLBAŞI,unchanged,
Trafo,6524,TR-B,BOLU1,unchanged,
Trafo,6525,TR-A,DERBENT,updated,Normal İşletme Durumu
Trafo,6527,A-OTR-1,UZUNDERE,unchanged,
Trafo,6528,TR-A,ÇİFTELER,unchanged,
Trafo,6530,TR-A,KROMAN ÇELİK,unchanged,
Trafo,6531,A-OTR-2,ERZİN,unchanged,
Trafo,6532,TR-C (YENİ),VELİEFENDİ,unchanged,
Trafo,6533,TR-A,MİHMANDAR,unchanged,
Trafo,6534,TR-B,MİHMANDAR,unchanged,
Trafo,6536,TR-A,PAMUKOVA,unchanged,
Trafo,6537,TR-A,ULUDAĞ GİS,unchanged,
Trafo,6538,TR-A,KIZILDÜZ HES ŞAHMALLAR HES,updated,Normal İşletme Durumu
Trafo,6539,TR-4,KANGAL RES,unchanged,
Trafo,6542,TR-B,KARAİSALI,unchanged,
Trafo,6543,TR-A,SEYİT ONBAŞI,unchanged,
Trafo,6545,TR-B,DURSUNBEY,unchanged,
Trafo,6547,TR-1,ŞEHİTKAMİL OSB,unchanged,
Trafo,6548,TR-B,BERGAMA,unchanged,
Trafo,6549,TR-D,KÖKLÜCE HES,updated,Normal İşletme Durumu
Trafo,6550,TR-A (YENİ),KASIMPAŞA,unchanged,
Trafo,6551,TR-C,KEMALPAŞA,unchanged,
Trafo,6552,TR-D,KEMALPAŞA,unchanged,
Trafo,6553,TR-A,ACIDERE,unchanged,
Trafo,6554,TR-B,ACIDERE,unchanged,
Trafo,6555,OTR-1,SOMA B TES,unchanged,
Trafo,6556,TR-B,MASLAKTEPE RES,unchanged,
Trafo,6557,TR-B,AKÇALAR,unchanged,
Trafo,6558,TR-C,YILDIRIM,unchanged,
Trafo,6559,TR-C,BEŞYÜZEVLER,unchanged,
Trafo,6560,TR-A,ŞIRNAK,unchanged,
Trafo,6561,TR-A,MAKİNA OSB,unchanged,
Trafo,6564,TR-C,KARAKEÇİLİ,unchanged,
Trafo,6565,TR-A,ONDOKUZMAYIS,unchanged,
Trafo,6566,TR-B,MERSİN380,unchanged,
Trafo,6567,A-OTR-2,SİİRT380,unchanged,
Trafo,6568,TR-B,HADİM,unchanged,
Trafo,6569,TR-A,ÇERKEŞ RES,unchanged,
Trafo,6570,B-OTR-4,KEBAN ŞALT,unchanged,
Trafo,6571,TR-B,KEBAN ŞALT,unchanged,
Trafo,6572,TR-A,KEBAN ŞALT,updated,Normal İşletme Durumu
Trafo,6573,A-OTR-2,KEBAN ŞALT,unchanged,
Trafo,6575,A-OTR-1,KEBAN ŞALT,unchanged,
Trafo,6577,TR-C,MALTEPE ANKARA,unchanged,
Trafo,6578,TR-A,HACIBEY RES,unchanged,
Trafo,6579,TR-A,GÜNPINARI ÇİMENTO,unchanged,
Trafo,6580,TR-B,GÜNPINARI ÇİMENTO,unchanged,
Trafo,6581,TR-B,İSKENDERUN1,updated,Normal İşletme Durumu
Trafo,6582,TR-A,KARAİSALI,unchanged,
Trafo,6583,TR-A,KARAKURT HAVZA,unchanged,
Trafo,6584,TR-B,KARAKURT HAVZA,unchanged,
Trafo,6585,TR-A,ALPU,unchanged,
Trafo,6586,TR-B,ALPU,updated,Normal İşletme Durumu
Trafo,6587,TR-1,DEÇEKO,unchanged,
Trafo,6588,TR-A,GÖNEN,unchanged,
Trafo,6589,B-OTR-4,ÇEŞME HAVZA,unchanged,
Trafo,6590,TR-A,ÇEŞME HAVZA,unchanged,
Trafo,6591,B-OTR-3,AĞRI2,removed-from-source,
Trafo,6592,TR-A,ERCİYES RES,unchanged,
Trafo,6595,TR-A,İZNİK,unchanged,
Trafo,6596,TR-B,İZNİK,unchanged,
Trafo,6597,TR-B,ÇORUM2,unchanged,
Trafo,6598,TR-A,HAMSİ RES,unchanged,
Trafo,6599,TR-A,METAFOR RES,unchanged,
Trafo,6601,B-OTR-5,BAŞKALE,unchanged,
Trafo,6602,B-OTR-4,VİZE HAVZA,unchanged,
Trafo,6603,TR-A(YENİ),BABAESKİ,unchanged,
Trafo,6604,B-OTR-4,BOZOK,removed-from-source,
Trafo,6605,TR-A,UZAY OSB,unchanged,
Trafo,6606,TR-B,UZAY OSB,unchanged,
Trafo,6607,TR-2,KARADENİZ DOĞALGAZ GİS,unchanged,
Trafo,6608,TR-1,KARADENİZ DOĞALGAZ GİS,unchanged,
Trafo,6609,TR-C,ATATÜRK HES,unchanged,
Trafo,6610,TR-B,ATATÜRK HES,unchanged,
Trafo,6611,OTR-2,ATATÜRK HES,unchanged,
Trafo,6612,TR-A,DURSUNBEY,unchanged,
Trafo,6613,TR-1,SARISEKİ GİS,unchanged,
Trafo,6614,TR-2,SARISEKİ GİS,unchanged,
Trafo,6615,TR-4,SARISEKİ GİS,unchanged,
Trafo,6616,TR-5,SARISEKİ GİS,unchanged,
Trafo,6617,TR-6,SARISEKİ GİS,unchanged,
Trafo,6618,TR-7,SARISEKİ GİS,unchanged,
Trafo,6619,TR-A,KARDEMİR,unchanged,
Trafo,6620,C-TR-6,İSPİR HAVZA,unchanged,
Trafo,6621,TR-A,YILFERT,unchanged,
Trafo,6623,TR-B,YILFERT,unchanged,
Trafo,6625,TR-A,TAHTALI,unchanged,
Trafo,6626,TR-A,YAKAAĞZI RES,unchanged,
Trafo,6627,TR-B,HORASAN,unchanged,
Trafo,6628,TR-A,MARDİN OSB,unchanged,
Trafo,6629,TR-B,MARDİN OSB,unchanged,
Trafo,6630,TR-C,BATMAN1,unchanged,
Trafo,6633,TR-1,MİSİS OSB,unchanged,
Trafo,6634,TR-2,MİSİS OSB,unchanged,
Trafo,6635,TR-A,DAĞYAKA ÇİMENTO,unchanged,
Trafo,6636,TR-B,DAĞYAKA ÇİMENTO,unchanged,
Trafo,6637,TR-C,ALİAĞA OSB,unchanged,
Trafo,6638,TR-C,UZAY OSB,unchanged,
Trafo,6639,TR-A,EZİNE,unchanged,
Trafo,6640,A-OTR-1,BOZOK,unchanged,
Trafo,6641,TR-C,DİKMEN2,unchanged,
Trafo,6642,TR-A,KAYSERİ KAPASİTÖR,unchanged,
Trafo,6643,TR-B,AYVACIK,unchanged,
Trafo,6644,TR-B,MERSİN RES,unchanged,
Trafo,6645,TR-A,BOSTANCI METRO GİS,unchanged,
Trafo,6646,TR-B,BOSTANCI METRO GİS,unchanged,
Trafo,6647,TR-C,BOSTANCI METRO GİS,unchanged,
Trafo,6648,TR-A,YERKÖY,unchanged,
Trafo,6649,B-OTR-4,BURSA DGKÇS,unchanged,
Trafo,6650,TR-B,MUDANYA,unchanged,
Trafo,6651,TR-A,MUDANYA,unchanged,
Trafo,6652,TR-A,SÖKE RES,unchanged,
Trafo,6654,TR-A,SAPANCA,unchanged,
Trafo,6655,TR-B,SAPANCA,updated,Normal İşletme Durumu
Trafo,6656,TR-C,BİSMİL2,unchanged,
Trafo,6657,TR-B,EZİNE,unchanged,
Trafo,6658,TR-C,MELEN,unchanged,
Trafo,6659,TR-B,RİZE,unchanged,
Trafo,6660,TR-A,RİZE,unchanged,
Trafo,6661,TR-A,KESTEL,unchanged,
Trafo,6662,TR-B,URLA2,unchanged,
Trafo,6663,TR-A,UŞAK RES,unchanged,
Trafo,6664,TR-B,UZUNDERE,unchanged,
Trafo,6667,TR-A,FRİGYA,removed-from-source,
Trafo,6668,TR-B,FRİGYA,unchanged,
Trafo,6669,TR-C,FRİGYA,unchanged,
Trafo,6670,TR-A,FEVZİPAŞA,unchanged,
Trafo,6671,TR-A,KAPIÇAM,unchanged,
Trafo,6672,TR-C,HATAY,updated,Normal İşletme Durumu
Trafo,6673,A-OTR-2,KAPIÇAM,unchanged,
Trafo,6674,TR-B,YAKUPLU,unchanged,
Trafo,6675,TR-A,PAZARYERİ OSB,unchanged,
Trafo,6676,TR-B,PAZARYERİ OSB,unchanged,
Trafo,6677,TR-3,SARISEKİ GİS,unchanged,
Trafo,6678,TR-A,KARAMÜRSEL RES,unchanged,
Trafo,6679,PRTR-7,KAZAN DGKÇ,unchanged,
Trafo,6680,PRTR-8,KAZAN DGKÇ,updated,Normal İşletme Durumu
Trafo,6681,TR-B,AKSA YALOVA,unchanged,
Trafo,6682,TR-A,BARTIN ÇİMENTO,unchanged,
Trafo,6683,TR-B,BARTIN ÇİMENTO,unchanged,
Trafo,6684,TR-3,ATAER DGKÇS,unchanged,
Trafo,6685,TR-A,BUHARKENT OSB,unchanged,
Trafo,6686,TR-B,BUHARKENT OSB,unchanged,
Trafo,6687,TR-A,GÖYNÜK HAVZA,unchanged,
Trafo,6692,TR-G,CUMHURİYET,unchanged,
Trafo,6693,TR-A,ALAÇATI,unchanged,
Trafo,6694,TR-B,İZMİR HAVZA,unchanged,
Trafo,6695,TR-B,GÖLCÜK,unchanged,
Trafo,6696,TR-A,HATAY,updated,Nötr Direnç (ohm)
Trafo,6697,TR-B,ANTAKYA2,unchanged,
Trafo,6698,TR-C,ANTAKYA2,unchanged,
Trafo,6699,TR-B,BURSA ÇİMENTO,unchanged,
Trafo,6700,TR-A,BURSA ÇİMENTO,unchanged,
Trafo,6701,OTR-2,ERMENEK HES,unchanged,
Trafo,6702,TR-A,ERMENEK HES,unchanged,
Trafo,6703,TR-B,ERMENEK HES,unchanged,
Trafo,6704,A-OTR-2,KÖYLÜKÖY,unchanged,
Trafo,6705,TR-A,AKSA YALOVA,unchanged,
Trafo,6706,A-OTR-2,ESKİŞEHİR3,unchanged,
Trafo,6707,B-OTR-3,KALKANDERE,unchanged,
Trafo,6708,OTR-1,EREĞLİ KONYA,unchanged,
Trafo,6709,TR-1,KARTALDAĞI RES,unchanged,
Trafo,6711,TR-B,KESTEL,unchanged,
Trafo,6712,TR-A,TEŞVİKİYE KAĞIT,unchanged,
Trafo,6714,A-OTR-1,ÇEŞME HAVZA,unchanged,
Trafo,6715,TR-A,VİKİNG,unchanged,
Trafo,6716,B-OTR-3,YENİKÖY TES,unchanged,
Trafo,6717,TR-A,BAĞIŞTAŞ,unchanged,
Trafo,6718,A-OTR-2,SIRRIN,unchanged,
Trafo,6719,A-OTR-2,BÖLÜCEK,unchanged,
Trafo,6720,İSTAÇ TR-C,SEYMEN BES,unchanged,
Trafo,6721,B-OTR-4,GERMENCİK,unchanged,
Trafo,6722,TR-A,AŞKALE,unchanged,
Trafo,6723,TR-B,FEVZİPAŞA,unchanged,
Trafo,6724,TR-A,OLUR HAVZA,unchanged,
Trafo,6725,TR-A,GÜMÜŞHANE ÇİMENTO,unchanged,
Trafo,6726,TR-A,ONSEKİZ MART,unchanged,
Trafo,6727,TR-B,ONSEKİZ MART,unchanged,
Trafo,6728,A-OTR-2,KOCAELİ,unchanged,
Trafo,6729,TR-C,SASA,updated,Bağlantı Türü
Trafo,6730,TR-D,SASA,updated,Bağlantı Türü
Trafo,6733,B-OTR-4,BAĞLUM,unchanged,
Trafo,6734,TR-C,BODRUM 2,unchanged,
Trafo,6735,TR-A,HİLVAN,unchanged,
Trafo,6736,TR-B,HİLVAN,unchanged,
Trafo,6737,TR-C,OSMANİYE OSB,unchanged,
Trafo,6738,TR-D,OSMANİYE OSB,unchanged,
Trafo,6739,TR-B,ALTINORDU,unchanged,
Trafo,6740,B-OTR-3,OSMANCA,unchanged,
Trafo,6741,TR-B,KIZILTEPE SERKAN AY,updated,Trafo Merkezi
Trafo,6742,TR-A,BAĞLICA,updated,Normal İşletme Durumu
Trafo,6743,TR-D,BAĞLICA,unchanged,
Trafo,6744,A-OTR-1,KALKANDERE,unchanged,
Trafo,6745,TR-A,ALTINTAŞ,unchanged,
Trafo,6746,B-OTR-4,ALİBEYKÖY,unchanged,
Trafo,6747,TR-A,GÖZEBAŞI,unchanged,
Trafo,6748,TR-B,GÖZEBAŞI,unchanged,
Trafo,6749,TR-B (YENİ),YILDIZTEPE,unchanged,
Trafo,6750,TR-A,ÖZALP,unchanged,
Trafo,6751,TR-B,ÖZALP,unchanged,
Trafo,6752,TR-A,UĞURLU GES,unchanged,
Trafo,6753,TR-B,UĞURLU GES,unchanged,
Trafo,6754,TR-A,GENÇ,unchanged,
Trafo,6755,TR-B,GENÇ,unchanged,
Trafo,6756,B-OTR-4,KAPIÇAM,unchanged,
Trafo,6757,B-OTR-4,BÖLÜCEK,unchanged,
Trafo,6758,TR-B,HYUNDAI,updated,Normal İşletme Durumu
Trafo,6759,TR-C,URLA2,unchanged,
Trafo,6760,TR-B,ERCİYES RES,unchanged,
Trafo,6762,TR-A,GÖNEN POLİMER,unchanged,
Trafo,6763,TR-B,GÖNEN POLİMER,unchanged,
Trafo,6765,OTR-4,ATAŞEHİR,unchanged,
Trafo,6766,TR-A,SÖNMEZ GES,unchanged,
Trafo,6767,TR-B,SÖNMEZ GES,unchanged,
Trafo,6768,TR-C,ERDEMİR2,unchanged,
Trafo,6769,TR-B,UŞAK RES,unchanged,
Trafo,6770,TR-B,EBER RES,unchanged,
Trafo,6771,Mobil TR,TARSUS MOBİL,removed-from-source,
Trafo,6772,TR-B,GÜLPINAR RES,unchanged,
Trafo,6773,TR-A,ZAFER,unchanged,
Trafo,6774,TR-A,ÖZALTIN GES,unchanged,
Trafo,6775,TR-4,MEDCEM,unchanged,
Trafo,6776,TR-B,IŞIKLAR,unchanged,
Trafo,6777,TR-A,HOTAMIŞ,unchanged,
Trafo,6780,TR-B,MERSİN2,unchanged,
Trafo,6781,TR-A,KOLUKISA,unchanged,
Trafo,6782,TR-B,KOLUKISA,unchanged,
Trafo,6783,TR-A,BESNİ OSB,updated,Normal İşletme Durumu
Trafo,6784,TR-A,GERMENCİK,unchanged,
Trafo,6785,TR-A,ORTAKLAR OSB,unchanged,
Trafo,6786,TR-A,PERTEK,unchanged,
Trafo,6787,TR-B,PERTEK,unchanged,
Trafo,6788,TR-A,AKYEL 1 RES,updated,Adı
Trafo,6789,TR-A,BOR OSB,unchanged,
Trafo,6791,TR-B,PÜLÜMÜR,updated,Normal İşletme Durumu
Trafo,6793,TR-B,GERMENCİK,unchanged,
Trafo,6794,TR-A,ATAKUM,unchanged,
Trafo,6795,TR-B,ATAKUM,unchanged,
Trafo,6796,TR-A,KARAMAN RES,unchanged,
Trafo,6797,TR-6,GERMENCİK,updated,Normal İşletme Durumu
Trafo,6798,TR-B,ARALIK,unchanged,
Trafo,6800,TR-A,ARALIK,unchanged,
Trafo,6801,TR-A,ATAKÖY GİS,unchanged,
Trafo,6802,TR-B,ATAKÖY GİS,unchanged,
Trafo,6803,TR-A,KORGUN OSB,unchanged,
Trafo,6804,TR-B,KORGUN OSB,updated,Normal İşletme Durumu
Trafo,6805,TR-B,ÇAMLIYAYLA HAVZA,unchanged,
Trafo,6806,TR-A,KARTEPE SINAİ,unchanged,
Trafo,6807,TR-B,BESNİ OSB,unchanged,
Trafo,6808,TR-0,ASLANTAŞ HES,unchanged,
Trafo,6809,TR-A,ATARES-1 RES,unchanged,
Trafo,6810,TR-C,TOSB,unchanged,
Trafo,6811,TR-D,TOSB,unchanged,
Trafo,6812,TR-A,IŞIKKENT ÇİMENTO,unchanged,
Trafo,6813,TR-B,IŞIKKENT ÇİMENTO,updated,Normal İşletme Durumu
Trafo,6814,TR-A,ÇAYELİ,unchanged,
Trafo,12532,TR-A,SEYDİKEMER,unchanged,
Trafo,12533,TR-B,SEYDİKEMER,unchanged,
Trafo,12539,TR-C,TATLIPINAR RES,unchanged,
Trafo,12540,TR-A,KORKUTELİ,unchanged,
Trafo,12541,TR-B,KORKUTELİ,unchanged,
Trafo,12550,TR-B,SEYMEN BES,unchanged,
Trafo,12551,TR-C,KARAHAN,unchanged,
Trafo,12566,TR-B,KUMLİMANI,unchanged,
Trafo,12568,TR-B,PINARHİSAR,updated,Normal İşletme Durumu
Trafo,12570,TR-B,TOSB,unchanged,
Trafo,12571,TR-A,TOSB,unchanged,
Trafo,12583,TR-B,AYVALIK,updated,Normal İşletme Durumu
Trafo,12585,TR-A,YAKAKÖY,unchanged,
Trafo,12586,TR-A,GÜMÜŞPINAR FERROKROM,unchanged,
Trafo,12593,TR-A,İZDEMİR ARAZİ GES,unchanged,
Trafo,12595,TR-B,SALİHLİ,unchanged,
Trafo,12600,TR-A,AYRANCI GEÇİCİ,unchanged,
Trafo,12601,TR-B,AVANOS2,unchanged,
Trafo,12602,TR-B,DERİNKUYU,updated,Normal İşletme Durumu
Trafo,12603,TR-A,FERROKROM ANTALYA,unchanged,
Trafo,12604,TR-B,FERROKROM ANTALYA,unchanged,
Trafo,12612,TR-2,MALTEPE İSTANBUL,unchanged,
Trafo,12613,TR-A,SİVEREK,unchanged,
Trafo,12614,TR-4,İZDEMİR TES,unchanged,
Trafo,12615,B-OTR-4,ÇAN HAVZA,unchanged,
Trafo,12617,TR-A,HALKALI GİS,unchanged,
Trafo,12618,TR-B,HALKALI GİS,unchanged,
Trafo,12619,TR-A,ATARES-2 RES,unchanged,
Trafo,12622,TR-B,HOTAMIŞ,unchanged,
Trafo,12623,TR-A,ÇAYCUMA,unchanged,
Trafo,12626,TR-A,KINIK,unchanged,
Trafo,12630,TR-A,YAKAKENT,unchanged,
Trafo,12631,TR-B,YAKAKENT,unchanged,
Trafo,12634,TR-B,KÜTAHYA OSB,unchanged,
Trafo,12637,TR-A,MUSTAFA KEMAL PAŞA,unchanged,
Trafo,12638,TR-A,GAZİANTEP,unchanged,
Trafo,12639,TR-A,BÖRKENEK ÇİMENTO,unchanged,
Trafo,12640,TR-B,BÖRKENEK ÇİMENTO,unchanged,
Trafo,12683,TR-A,KARASU,unchanged,
Trafo,12702,TR-A,KIZILCAHAMAM,unchanged,
Trafo,12704,TR-A,YARIMCA1,unchanged,
Trafo,12705,TR-B,DÜZCE OSB,unchanged,
Trafo,12706,B-OTR-4,KONYA KUZEY,unchanged,
Trafo,12707,TR-A,EMİRLER,unchanged,
Trafo,12712,TR-A,SARAYKÖY MOBİL TM-1,unchanged,
Trafo,12717,TR-A,CİHADİYE,unchanged,
Trafo,12718,TR-2,ZETES1,unchanged,
Trafo,12719,TR-A,ORDU-4 RES,unchanged,
Trafo,12740,TR-A,SARAYKÖY MOBİL TM-2,unchanged,
Trafo,12747,TR-C,CEYHAN2,updated,Normal İşletme Durumu
Trafo,12748,TR-A,BAŞTAŞ,unchanged,
Trafo,12749,TR-B,NİĞDE OSB,unchanged,
Trafo,12750,TR-B,BOR OSB,unchanged,
Trafo,12754,TR-A,FERİZLİ OSB,unchanged,
Trafo,12764,TR-B,AİRRES4,unchanged,
Trafo,12765,TR-A,GÖBEL,unchanged,
Trafo,12802,TR-C,PAYAS,unchanged,
Trafo,12804,TR-A,SAMSUN3,unchanged,
Trafo,12813,TR-B,SOMA B TES,unchanged,
Trafo,12827,TR-3,SOMA KOLİN TES,unchanged,
Trafo,12844,TR-A,ÇİVRİL GES,unchanged,
Trafo,12847,TR-A,BOLU2,unchanged,
Trafo,12848,TR-B,ÇİVRİL GES,unchanged,
Trafo,12849,TR-A,BAFRA,unchanged,
Trafo,12853,TR-B,SELYERİ BAKIR,unchanged,
Trafo,12860,TR-A(YENİ),KEŞAN,unchanged,
Trafo,12914,TR-A,BİSKA TEKSTİL GES,unchanged,
Trafo,12918,TR-B,MERSİNLİ RES,unchanged,
Trafo,12927,A-OTR-1,SAMSUN2,unchanged,
Trafo,12928,A-OTR-2,SAMSUN2,unchanged,
Trafo,12945,TR-C,GÖKSU,unchanged,
Trafo,12947,TR-A,MERAM GİS,unchanged,
Trafo,12948,TR-B,MERAM GİS,unchanged,
Trafo,12949,TR-C,MERAM GİS,unchanged,
Trafo,12950,TR-B,DİYARBAKIR OSB,unchanged,
Trafo,12951,TR-A,ÖZAL,unchanged,
Trafo,12952,TR-B,ÖZAL,unchanged,
Trafo,12954,TR-A,ÇÖREKLİ GES,unchanged,
Trafo,12955,TR-B,ÇÖREKLİ GES,unchanged,
Trafo,12956,TR-C,ÇÖREKLİ GES,unchanged,
Trafo,12957,TR-A,ERZİN 2 GES,unchanged,
Trafo,12958,TR-B,ERZİN 2 GES,unchanged,
Trafo,12968,TR-A,YUKARIBURNAZ GES,unchanged,
Trafo,12969,TR-B,YUKARIBURNAZ GES,unchanged,
Trafo,12970,TR-A,FATSA,unchanged,
Trafo,12972,B-OTR-4,IŞIKLAR,unchanged,
Trafo,12973,TR-B,BOZKURT,unchanged,
Trafo,12978,TR-F,CUMHURİYET,unchanged,
Trafo,12979,TR-A,IŞIKLAR RES,unchanged,
Trafo,12982,TR-B,SUŞEHRİ,unchanged,
Trafo,12992,TR-B,ÜNYE,unchanged,
Trafo,12995,TR-B,KARABÜK OSB,unchanged,
Trafo,12996,TR-A,SAFRANBOLU,unchanged,
Trafo,12997,TR-A,HOPA,unchanged,
Trafo,12998,TR-B,HOPA,removed-from-source,
Trafo,13000,TR-B,KINIK,unchanged,
Trafo,13005,TR-B,EBSO,unchanged,
Trafo,13012,TR-A,BELKIS,unchanged,
Trafo,13013,TR-B,DOĞANKÖY,unchanged,
Trafo,13015,TR-GES2,AŞAĞI KALEKÖY HES,unchanged,
Trafo,13026,TR-A,ÇAMLICA1 HES,unchanged,
Trafo,13031,TR-A,İSTAÇ BES,unchanged,
Trafo,13032,TR-B,İSTAÇ BES,updated,Normal İşletme Durumu
Trafo,13033,TR-A,GEYVE RES,unchanged,
Trafo,13051,TR-A,OVACIK RES ÇANAKKALE,unchanged,
Trafo,13053,TR-A,KARAMÜRSEL (YENİ),removed-from-source,
Trafo,13063,TR-B,VİZE 2 RES,unchanged,
Trafo,13065,TR-B,ARDAHAN,unchanged,
Trafo,13068,TR-A,TELHAMUT,unchanged,
Trafo,13069,TR-B,TELHAMUT,updated,Normal İşletme Durumu
Trafo,13071,TR-A,ESKİŞEHİR MOBİL,updated,ONAN Gücü (MVA)
Trafo,13081,TR-A,SUŞEHRİ,unchanged,
Trafo,13084,TR-A,ÇAYIRKÖY RES,unchanged,
Trafo,13092,TR-B,SOĞANLI RES,unchanged,
Trafo,13108,TR-B,OLUR HAVZA,unchanged,
Trafo,13111,TR-A (YENİ),SİLİVRİ RES,updated,Boşta Akım (%) | Boşta Kayıp (kW) | Yükte Kayıp (kW)
Trafo,13113,TR-A,BEYYURDU RES,unchanged,
Trafo,13114,TR-C,KAYABAŞI TOKİ,unchanged,
Trafo,13116,TR-A,KABAAĞAÇ JES,updated,Nötr Direnç (ohm)
Trafo,13118,TR-A,SOĞANLI RES,updated,Boşta Akım (%) | Boşta Kayıp (kW) | Yükte Kayıp (kW)
Trafo,13123,TR-5,ATAŞEHİR,unchanged,
Trafo,13140,TR 2-A,SASA,updated,Bağlantı Türü
Trafo,13141,TR 2-B,SASA,updated,Bağlantı Türü
Trafo,13142,TR-A,KIYIK,updated,Normal İşletme Durumu
Trafo,13143,TR-B,KIYIK,updated,Normal İşletme Durumu
Trafo,13155,TR-A,ŞULE RES,unchanged,
Trafo,13156,TR-A,GÜZYURDU HAVZA,unchanged,
Trafo,13158,TR-B,GÜZYURDU HAVZA,unchanged,
Trafo,13159,TR-A,ATA RES,unchanged,
Trafo,13160,TR-A,PS3,unchanged,
Trafo,13162,TR-D,ESENYURT,unchanged,
Trafo,13163,TR-C,SOĞANLIK,unchanged,
Trafo,13164,TR-A,SORGUN,unchanged,
Trafo,13177,TR-A,HARMANCIK RES,unchanged,
Trafo,13183,TR-A,RST GES,unchanged,
Trafo,13184,TR-A,AMR GES,unchanged,
Trafo,13196,TR-2,SOMA RES,updated,Bağlantı Türü | Nötr Direnç (ohm) | ONAN Gücü (MVA)
Trafo,13201,TR-A,ŞAHİN RES,unchanged,
Trafo,13202,TR-B,ŞAHİN RES,unchanged,
Trafo,13204,TR-A,ETİ BAKIR2 GES,unchanged,
Trafo,13211,A-OTR-2,HATAY,unchanged,
Trafo,13214,TR-A,MUTLU5 RES,unchanged,
Trafo,13217,TR-B,OSMANİYE2,updated,Nötr Direnç (ohm)
Trafo,13222,TR-B,EMİRDAĞ,unchanged,
Trafo,13228,TR-A,SİVAS RES,unchanged,
Trafo,13229,TR-A,FİNE OTEL GES,unchanged,
Trafo,13255,A-OTR-2,ÜRGÜP,unchanged,
Trafo,13256,A-OTR-2,KAYSERİ KAPASİTÖR,unchanged,
Trafo,13262,TR-A,EMİRDAĞ,unchanged,
Trafo,13263,TR-A YENİ,BALABANLI RES,unchanged,
Trafo,13264,TR-A,YEŞİLIRMAK,updated,Boşta Akım (%) | Boşta Kayıp (kW) | Yükte Kayıp (kW)
Trafo,13265,TR-B,YEŞİLIRMAK,unchanged,
Trafo,13283,TR-B,ATAKALE RES,unchanged,
Trafo,13304,TR-B,TURHAL,unchanged,
Trafo,13305,TR-B,HASANOBA RES,unchanged,
Trafo,13310,TR-A,MENEKŞE RES,unchanged,
Trafo,13311,TR-A,GEÇİCİ ILISU,unchanged,
Trafo,13312,TR-A,BİGA,updated,Normal İşletme Durumu
Trafo,13319,TR-A,DÖRTYOL,unchanged,
Trafo,13320,TR-B,DÖRTYOL,unchanged,
Trafo,13321,TR-A,KALKAN,unchanged,
Trafo,13322,TR-B,KALKAN,unchanged,
Trafo,13323,TR-B,KARTAL RES,unchanged,
Trafo,13324,TR-3,SUGÖZÜ TES,unchanged,
Trafo,13326,TR-A,ZEYTİNLİ,unchanged,
Trafo,13327,TR-A,HYUNDAI,unchanged,
Trafo,13339,TR-B,AHMETLİ,unchanged,
Trafo,13347,TR-GPP3,İSDEMİR TES,unchanged,
Trafo,13353,TR-A,KADIKÖY GES,unchanged,
Trafo,13354,TR-B,KADIKÖY GES,unchanged,
Trafo,13355,TR-B,GÖNEN,unchanged,
Trafo,13356,TR-B,MARMARİS 2,unchanged,
Trafo,13357,TR-A,DÜZLÜK GES,unchanged,
Trafo,13358,TR-B,DÜZLÜK GES,unchanged,
Trafo,13359,TR-C,DÜZLÜK GES,unchanged,
Trafo,13360,TR-B,ŞEMİKLER GİS,unchanged,
Trafo,13361,TR-B,DENİZLİ2,unchanged,
Trafo,13362,TR-A,ERZİN,unchanged,
Trafo,13364,TR-A,DERELİ GES,unchanged,
Trafo,13365,TR-C,DERELİ GES,unchanged,
Trafo,13366,TR-B,DERELİ GES,unchanged,
Trafo,13397,TR-A,BAŞPINAR OSB,unchanged,
Trafo,13400,TR-A,DİANA OTEL GES,unchanged,
Trafo,13426,TR-B,BAŞTAŞ,unchanged,
Trafo,13431,TR-B,ÇAMLICA1 HES,unchanged,
Trafo,13432,TR,POLATELİ OSB MOBİL TM,unchanged,
Trafo,13433,TR-A,BANAZ,unchanged,
Trafo,13447,A-OTR-1,ZEUGMA,unchanged,
Trafo,13450,TR-B,ÇERÇİKAYA RES,unchanged,
Trafo,13473,B-OTR-4,HATAY,unchanged,
Trafo,13486,B-OTR-4,ANTALYA SERBEST BÖLGE,unchanged,
Trafo,13490,MOBİL TR,NARLI,removed-from-source,
Trafo,13492,TR-D,OSMANGAZİ,unchanged,
Trafo,13496,TR-A,OSMANELİ ÇELİK,updated,Bağlantı Türü
Trafo,13497,TR-C,OSMANELİ ÇELİK,unchanged,
Trafo,13498,TR-B,ULUDAĞ GİS,unchanged,
Trafo,13499,TR-B,BİRECİK,unchanged,
Trafo,13506,TR-B,KARAKÖPRÜ,unchanged,
Trafo,13511,TR-A,GELİBOLU,unchanged,
Trafo,13515,TR-C,YENİ ŞEHİTLİK,updated,Nötr Direnç (ohm)
Trafo,13516,TR-D,YENİ ŞEHİTLİK,updated,Nötr Direnç (ohm)
Trafo,13524,TR-3,SOMA RES,unchanged,
Trafo,13525,TR-A,YENİ RES,unchanged,
Trafo,13541,B-OTR-3,KEBAN ŞALT,unchanged,
Trafo,13552,B-OTR-4,ÜRGÜP,unchanged,
Trafo,13553,TR-C,SİNCİK HAVZA,unchanged,
Trafo,13554,TR-A,GEÇİCİ KARADENİZ EREĞLİ,unchanged,
Trafo,13562,TR-A,FERROKROM ELAZIĞ,unchanged,
Trafo,13563,TR-1,UYGAR RES,unchanged,
Trafo,13579,TR-B,YAHYALI RES,unchanged,
Trafo,13585,TR-A,AKÇALAR,unchanged,
Trafo,13593,TR-C,ŞANLIURFA OSB,unchanged,
Trafo,13600,TR-D,ŞANLIURFA OSB,unchanged,
Trafo,13601,TR-C,ELAZIĞ,unchanged,
Trafo,13602,TR-D,YÜREĞİR,unchanged,
Trafo,13633,TR-A,KARLICA RES,unchanged,
Trafo,13646,TR-A,ATAHAN GES,unchanged,
Trafo,13647,TR-A,SARIYAR HES,unchanged,
Trafo,13657,TR-B,ATAHAN GES,unchanged,
Trafo,13660,TR-A,ÇORLU,updated,Trafo Merkezi
Trafo,13667,TR-A,OSMANİYE2,updated,İmal Yılı
Trafo,13668,TR-B,AĞRI2,unchanged,
Trafo,13669,TR-B,DARENDE,unchanged,
Trafo,13670,TR-B,MARDİN1,unchanged,
Trafo,13694,TR-A,PÜLÜMÜR,unchanged,
Trafo,13698,TR-C,HALKALI GİS,unchanged,
Trafo,13701,TR-5,KANGAL RES,unchanged,
Trafo,13702,TR-B,DEMİRTAŞ,unchanged,
Trafo,13703,B-OTR-4,UŞAK 380,unchanged,
Trafo,13710,TR-A,ŞARKİKARAAĞAÇ,removed-from-source,
Trafo,13719,A-OTR-2,KONYA KUZEY,unchanged,
Trafo,13720,TR-C,ÇİNKUR,unchanged,
Trafo,13721,B-OTR-3,KÖYLÜKÖY,unchanged,
Trafo,13724,TR-A,BİGADİÇ,unchanged,
Trafo,13725,TR-B,İZDEMİR ARAZİ GES,unchanged,
Trafo,13727,TR-C,MANAVGAT,updated,Nötr Direnç (ohm)
Trafo,13738,TR-B,PINARBAŞI,unchanged,
Trafo,13741,TR-B,KAHRAMANMARAŞ OSB,unchanged,
Trafo,13742,TR-A,SAZAK GES,updated,Boşta Akım (%) | Boşta Kayıp (kW) | Yükte Kayıp (kW)
Trafo,13743,TR-C,TEMELLİ,unchanged,
Trafo,13746,TR-B,ÇORLU,updated,Trafo Merkezi
Trafo,13748,TR-A,OBA MOBİL,unchanged,
Trafo,13750,TR-B,ELEŞKİRT,updated,İmal Yılı
Trafo,13773,TR-A,GÜNEŞLİ,unchanged,
Trafo,13774,TR-B,GÜNEŞLİ,unchanged,
Trafo,13775,TR-C,GÜNEŞLİ,unchanged,
Trafo,13777,TR-C,KONYA OSB,unchanged,
Trafo,13783,TR-A,YAZGÜNEŞİ,unchanged,
Trafo,13795,TR-A,GERKONSAN,unchanged,
Trafo,13811,TR-B,ŞARKİKARAAĞAÇ,updated,Boşta Akım (%) | Boşta Kayıp (kW) | Yükte Kayıp (kW)
Trafo,13812,TR-A,KÖPRÜBAŞI MADEN,unchanged,
Trafo,13814,TR-2,UYGAR RES,unchanged,
Trafo,13819,TR-A,KARACADAĞ PS,unchanged,
Trafo,13824,TR-A,İGA GES,unchanged,
Trafo,13825,TR-B,İGA GES,unchanged,
Trafo,13834,TR-B,SIZIR,updated,Boşta Akım (%) | Boşta Kayıp (kW) | Yükte Kayıp (kW)
Trafo,13835,MOBİL TR B,TARSUS MOBİL,removed-from-source,
Trafo,13845,TR-A,HACIHIDIRLAR RES,unchanged,
Trafo,18694,TR-A,GÖLBAŞI,unchanged,
Trafo,18707,TR,YALIKAVAK MOBİL,updated,Boşta Akım (%) | Boşta Kayıp (kW) | ONAN Gücü (MVA) | Yükte Kayıp (kW)
Trafo,18723,TR-A,BEYDAĞI,unchanged,
Trafo,18724,TR-B,BEYDAĞI,unchanged,
Trafo,18726,TR-B,TOSYA,updated,Boşta Akım (%) | Boşta Kayıp (kW) | Yükte Kayıp (kW)
Trafo,18727,TR-A,ETİ5 GES,unchanged,
Trafo,18728,TR-B,ETİ5 GES,unchanged,
Trafo,18729,TR,YAYLAKÖY MOBİL,updated,ONAN Gücü (MVA)
Trafo,18730,TR-A,PELİT RES,updated,Boşta Akım (%) | Boşta Kayıp (kW) | Yükte Kayıp (kW)
Trafo,18743,TR-D,KAYACIK,unchanged,
Trafo,18758,TR-A,ALTINKAYA HES,unchanged,
Trafo,18759,TR-A,SARIÇİÇEK RES,unchanged,
Trafo,18760,TR-B,SARIÇİÇEK RES,unchanged,
Trafo,18769,TR-A,AHMETLİ,unchanged,
Trafo,18770,TR-A,KIRTEPE MADEN,unchanged,
Trafo,18784,TR-B,TAYSEB,updated,Sekonder Gerilim (kV) | İmal Yılı
Trafo,18788,TR-A,FİNANS GİS,unchanged,
Trafo,18789,TR-B,FİNANS GİS,unchanged,
Trafo,18790,TR-C,FİNANS GİS,updated,Normal İşletme Durumu
Trafo,18813,TR-A,KARALIK RES,unchanged,
Trafo,18821,TR-B,TUFANBEYLİ,updated,Nötr Direnç (ohm)
Trafo,18822,TR-A,TUFANBEYLİ,updated,Nötr Direnç (ohm) | İmal Yılı
Trafo,18827,TR-1,YUMURTALIK DEMİRÇELİK GİS,unchanged,
Trafo,18828,TR-2,YUMURTALIK DEMİRÇELİK GİS,updated,Normal İşletme Durumu
Trafo,18845,TR-B,MUSTAFA KEMAL PAŞA,unchanged,
Trafo,18848,TR-A,ETİBAKIR AĞRI GES,unchanged,
Trafo,18851,A-OTR-11,ÜMRANİYE,unchanged,
Trafo,18852,TR-A,MUŞ-4 RES,unchanged,
Trafo,18857,TR-A,AYBASTI RES,unchanged,
Trafo,18878,TR-1,DERİ OSB,updated,Normal İşletme Durumu
Trafo,18879,TR-3,DERİ OSB,unchanged,
Trafo,18880,OTR-2,DERİ OSB,unchanged,
Trafo,18881,OTR-4,DERİ OSB,unchanged,
Trafo,18885,TR-B,KARKAMIŞ,unchanged,
Trafo,18886,TR-A,KARKAMIŞ,unchanged,
Trafo,18890,MOBİL TR,ASELSAN MOBİL,updated,ONAN Gücü (MVA)
Trafo,18894,TR-A,KESTANEDERESİ RES,unchanged,
Trafo,18895,TR-B,KESTANEDERESİ RES,unchanged,
Trafo,18919,TR-2,KOCALAR RES,unchanged,
Trafo,18940,TR-B,EFELER,unchanged,
Trafo,18941,TR-B,YOZGAT,unchanged,
Trafo,18963,B-OTR-3,SEYDİŞEHİR (YENİ),unchanged,
Trafo,18964,TR-A,SEYDİŞEHİR (YENİ),unchanged,
Trafo,18965,TR-B,SEYDİŞEHİR (YENİ),unchanged,
Trafo,18969,TR-B,ÇERKEŞ RES,unchanged,
Trafo,18970,A-OTR-1,SEYDİŞEHİR (YENİ),unchanged,
Trafo,18982,TR-3,KARADENİZ DOĞALGAZ GİS,updated,Normal İşletme Durumu
Trafo,18983,TR-4,KARADENİZ DOĞALGAZ GİS,updated,Normal İşletme Durumu
Trafo,18984,TR-C,KAYSERİ4,unchanged,
Trafo,18987,TR-A,NİZİP OSB MOBİL,updated,Baz Gücü (MVA) | Boşta Akım (%) | Boşta Kayıp (kW) | Markası | Normal İşletme Durumu | OFAF Gücü (MVA) | ONAF Gücü (MVA) | ONAN Gücü (MVA) | Yükte Kayıp (kW) | İmal Yılı
Trafo,19052,TR-C,BALIKESİR OSB,unchanged,
Trafo,19053,TR-4,ETİ ALÜMİNYUM,unchanged,
Trafo,19054,TR-A,DÜZCE OSB,unchanged,
Trafo,19057,TR-B,BOZDOĞAN,unchanged,
Trafo,19059,TR-A,ŞEKERSU RES,unchanged,
Trafo,19060,TR-A,EFELER,unchanged,
Trafo,19078,TR-C,SIRRIN,unchanged,
Trafo,19079,TR-D,SIRRIN,unchanged,
Trafo,19085,TR-A,ÇORUM1 RES,unchanged,
Trafo,19094,TR-A,ACIBADEM ESKİŞEHİR GES,unchanged,
Trafo,19095,TR-A,TUNCELİ,unchanged,
Trafo,19114,TR-B,KIZILCAHAMAM,unchanged,
Trafo,19130,TR-A,DAMPINAR RES,unchanged,
Trafo,19133,TR-A,ETİ BOR KIRKA,unchanged,
Trafo,19134,TR-B,ETİ BOR KIRKA,unchanged,
Trafo,19140,TR-C,MEHMETHAN JES,unchanged,
Trafo,19145,TR-A,ARMUTÇUK RES,unchanged,
Trafo,19146,TR-B,ARMUTÇUK RES,unchanged,
Trafo,19155,TR-A,TTSİVASZARA GES,unchanged,
Trafo,19157,TR-A,OYÇİM GES,unchanged,
Trafo,19158,TR-B,OYÇİM GES,unchanged,
Trafo,19163,TR-B,DERİ OSB,updated,Normal İşletme Durumu
Trafo,19179,OTR-2,ALTINKAYA HES,unchanged,
Trafo,19225,TR-A,NALLIHAN,unchanged,
Trafo,19226,TR-B,NALLIHAN,unchanged,
Trafo,19227,TR-B,GÖKTEPE RES,unchanged,
Trafo,19230,TR-A,TAŞÇILAR ÇİMENTO,unchanged,
Trafo,19241,TR-A,AKHİSAR GİS,updated,Normal İşletme Durumu
Trafo,19242,TR-B,AKHİSAR GİS,unchanged,
Trafo,19243,TR-C,AKHİSAR GİS,unchanged,
Trafo,19248,TR-A,MALKARA,updated,Normal İşletme Durumu
Trafo,19249,TR-B,MALKARA,updated,Normal İşletme Durumu
Trafo,19252,TR-D,BOTAŞ,unchanged,
Trafo,19264,TR-B,TTSİVASZARA GES,unchanged,
Trafo,19265,TR-A,HOŞHABER DGES,unchanged,
Trafo,19295,TR-C,FEVZİPAŞA,updated,Normal İşletme Durumu
Trafo,19342,TR-B,ETİFOSFAT,unchanged,
Trafo,19383,A-OTR-2,TORTUM,unchanged,
Trafo,19384,B-OTR-4,TORTUM,unchanged,
Trafo,19385,B-OTR-3,VİZE HAVZA,unchanged,
Trafo,19386,TR-B,TÜMAD BURHANİYE,unchanged,
Trafo,19387,OTR-D,REYHANLI,unchanged,
Trafo,19388,OTR-E,REYHANLI,unchanged,
Trafo,19389,OTR-F,REYHANLI,unchanged,
Trafo,19390,OTR-G,REYHANLI,updated,Normal İşletme Durumu
Trafo,19393,TR-A,REYHANLI,updated,Nötr Direnç (ohm)
Trafo,19395,TR-B,REYHANLI,updated,Nötr Direnç (ohm)
Trafo,19396,TR-B,BİGA,unchanged,
Trafo,19446,TR-B,ŞANLIURFA ÇİMENTO,unchanged,
Trafo,19447,MOBİL TR,ALCI OSB MOBİL,updated,Normal İşletme Durumu | ONAN Gücü (MVA)
Trafo,19448,TR-C,BELEK GİS,unchanged,
Trafo,19484,TR-B,DENİZLİ3,unchanged,
Trafo,19490,TR-A,DEMİRTAŞ,unchanged,
Trafo,19493,TR-C,KARABÜK OSB,unchanged,
Trafo,19501,TR-A,HORASAN GES,updated,Normal İşletme Durumu
Trafo,19503,TR-A,KİLİS,updated,Normal İşletme Durumu
Trafo,19504,TR-1,ETİ ALÜMİNYUM,updated,Normal İşletme Durumu
Trafo,19505,TR-2,ETİ ALÜMİNYUM,updated,Normal İşletme Durumu
Trafo,19507,TR-3,ETİ ALÜMİNYUM,updated,Normal İşletme Durumu
Trafo,19508,TR-B,BEYLİKKÖPRÜ,updated,Normal İşletme Durumu
Trafo,19510,TR-A,BAYRAMİÇ BAKIR,updated,Normal İşletme Durumu
Trafo,19514,TR-B,DENİZLİ4,updated,Normal İşletme Durumu
Trafo,19515,TR-A,DÖŞEMEALTI,updated,Normal İşletme Durumu
Trafo,19516,TR-B,DÖŞEMEALTI,updated,Normal İşletme Durumu
Trafo,19534,B-OTR-4,BORNOVA380,updated,Normal İşletme Durumu
Trafo,19541,A-OTR-2,BATMAN2,added,
Trafo,19542,A-OTR-2,TARSUS OSB,added,
Trafo,19544,B-OTR-3,TARSUS OSB,added,
Trafo,19545,TR-A,TARSUS OSB,added,
Trafo,19546,TR-B,TARSUS OSB,added,
Trafo,19554,TR-A,DERİ OSB,added,
Trafo,19564,TR-A,ANTALYA GİS,added,
Trafo,19565,A-OTR-1,GERMENCİK,added,
Trafo,19568,TR-A,FRİGYA,added,
Trafo,19571,TR-B,TATVAN,added,
Trafo,19574,TR-A,RASA MEDT,added,
Trafo,19576,TR-A,TÜRKELİ,added,
Trafo,19577,TR-A,GÖRDES,added,
Trafo,19578,TR-B,GÖRDES,added,
Trafo,19579,TR-D,KANGAL TES,added,
Trafo,19580,B-OTR-3,AFYON2,added,
Trafo,19581,TR-A,BİM AĞRI GES,added,
Trafo,19589,B-OTR-4,KÖSE,added,
Trafo,19590,TR-A,BOZÜYÜK RES,added,
Trafo,19595,TR-A,ELMACIK RES,added,
Trafo,19640,TR-A,BARLA,added,
Trafo,19643,TR-B,HOPA,added,
Trafo,19665,B-OTR-3,BOZOK,added,
Trafo,19692,TR-C,KUNDU,added,
Trafo,19693,B-OTR-4,BOZOK,added,
Trafo,19699,TR-B,KÜTAHYA (YENİ),added,
Trafo,19701,TR-B,TÜRKELİ,added,
Trafo,19710,TR-A,ATATÜRK HES,added,
Trafo,19728,TR-A,HAMİTABAT DGKÇ,added,
Trafo,19729,TR-A,KARAHİSAR MOBİL,added,
Trafo,19731,TR-A,ÇUMRA GES,added,
Trafo,19741,A-OTR-1,AFYON2,added,
Trafo,19746,TR-A,IHLAMUR RES,added,
Trafo,19747,TR-B,IHLAMUR RES,added,
Trafo,19749,TR-A,ARTURNA RES,added,
Trafo,19750,A-OTR-1,KARS,added,
Trafo,19752,TR-A,DEVREK,added,
Trafo,19753,TR-B,DEVREK,added,
Trafo,19754,TR-A,TOSYALI OSMANİYE GES,added,
Trafo,19755,TR-B,TOSYALI OSMANİYE GES,added,
Trafo,19757,TR-B,NARLI (YENİ),added,
Trafo,19766,TR-A,DİYADİN,added,
Trafo,19775,TR-B,DİYADİN,added,
Trafo,19776,TR-A,NARLI (YENİ),added,
Trafo,19787,TR-B,BOZÜYÜK RES,added,
Trafo,19800,A-OTR-1,OSMANCA,added,
Trafo,19822,TR-B,KARAMÜRSEL (YENİ),added,
Trafo,19837,TR-D,BUCA,added,
Trafo,19838,B-OTR-3,AĞRI2,added,
Trafo,19850,TR-A,LALAPAŞA ÇİMENTO,added,
Trafo,19851,TR-B,LALAPAŞA ÇİMENTO,added,
Trafo,19853,TR-C,ÇORLU,added,
Trafo,19854,TR-A,YENİ DGES,added,
Trafo,19855,TR-A,G24- MALATYA GES,added,
Trafo,19856,TR-B,G24- MALATYA GES,added,
Trafo,19857,TR-A,GELGİT RES,added,
Trafo,19859,MOBİL TR,KARACADAĞ OSB MOBİL,added,
Trafo,19863,A-OTR-4,BAŞKALE,added,
Trafo,19883,B-OTR-4,KURŞUNLU,added,
Trafo,19884,TR-A,KORGAN HAVZA,added,
Trafo,19885,TR-3,SULTANİYE GES,added,
Trafo,19886,TR-B,KORGAN HAVZA,added,
Trafo,19890,TR-B,KIRKLARELİ OSB,added,
Trafo,19892,TR-A,ŞARKİKARAAĞAÇ,added,
Trafo,19919,TR-A,KARAMÜRSEL (YENİ),added,
Trafo,19957,TR-A,KADİRLİ OSB,added,
Trafo,19958,TR-B,KADİRLİ OSB,added,
Trafo,19959,TR-C,KÇS ÇİMENTO,added,
Trafo,19960,TR-A,KÜTAHYA (YENİ),added,
Trafo,19961,TR-A,SAMSUN OSB DGKÇ,added,
Trafo,19962,TR-C,SAMSUN OSB DGKÇ,added,
Trafo,19966,TR-A,FİKİRTEPE GİS,added,
Trafo,19967,TR-B,FİKİRTEPE GİS,added,
Trafo,19968,TR-C,FİKİRTEPE GİS,added,
Trafo,19979,TR-A,GULSANGES,added,
Trafo,19980,TR-B,GULSANGES,added,
Trafo,19987,TR-3,KROMANÇELİK GİS,added,
Trafo,19988,TR-1,KROMANÇELİK GİS,added,
Trafo,19989,TR-2,KROMANÇELİK GİS,added,
